name,ticker,isin,productType,currency
State Street SPDR Bloomberg Euro Corporate Bond UCITS ETF,EUCO,IE00B3T9LM79,ETF,EUR
State Street SPDR Bloomberg Euro Corporate Bond UCITS ETF,EUCO,IE00B3T9LM79,ETF,EUR
State Street SPDR Bloomberg Euro Corporate Bond UCITS ETF,EUCO,IE00B3T9LM79,ETF,EUR
State Street SPDR Bloomberg Euro Government Bond UCITS ETF,SYBB,IE00B3S5XW04,ETF,EUR
State Street SPDR Bloomberg Euro Government Bond UCITS ETF,SYBB,IE00B3S5XW04,ETF,EUR
State Street SPDR Bloomberg Euro Government Bond UCITS ETF,GOVY,IE00B3S5XW04,ETF,EUR
State Street SPDR Bloomberg Euro Government Bond UCITS ETF,GOVY,IE00B3S5XW04,ETF,CHF
State Street SPDR Bloomberg Global Aggregate Bond UCITS ETF,SPFF,IE000AQ7A2X6,ETF,EUR
State Street SPDR Bloomberg Sterling Corporate Bond UCITS ETF,SYBS,IE00B4694Z11,ETF,EUR
State Street SPDR Bloomberg Sterling Corporate Bond UCITS ETF,UKCO,IE00B4694Z11,ETF,GBP
State Street SPDR Bloomberg Sterling Corporate Bond UCITS ETF,UKCO,IE00B4694Z11,ETF,CHF
State Street SPDR S&P 500 Leaders UCITS ETF,SPPY,IE00BH4GPZ28,ETF,EUR
State Street SPDR S&P 500 Leaders UCITS ETF,500X,IE00BH4GPZ28,ETF,EUR
State Street SPDR S&P 500 Leaders UCITS ETF,500X,IE00BH4GPZ28,ETF,EUR
State Street SPDR S&P 500 Low Volatility UCITS ETF,SPY1,IE00B802KR88,ETF,EUR
State Street SPDR S&P 500 Low Volatility UCITS ETF,LOWV,IE00B802KR88,ETF,EUR
State Street SPDR S&P 500 Low Volatility UCITS ETF,USLV,IE00B802KR88,ETF,GBP
State Street SPDR S&P 500 Low Volatility UCITS ETF,SPY1,IE00B802KR88,ETF,EUR
State Street SPDR S&P 500 Low Volatility UCITS ETF,LOWV,IE00B802KR88,ETF,CHF
State Street SPDR S&P 500 Low Volatility UCITS ETF,LOWV,IE00B802KR88,ETF,USD
State Street SPDR S&P 500 Quality Aristocrats,QUS5,IE000FJJZA01,ETF,EUR
State Street SPDR S&P Developed Quality Aristocrats UCITS ETF,QDEV,IE000IISJT64,ETF,EUR
State Street SPDR S&P Developed Quality Aristocrats UCITS ETF,QDEV,IE000IISJT64,ETF,EUR
State Street SPDR S&P Emerging Markets Dividend Aristocrats UCITS ETF,SPYV,IE00B6YX5B26,ETF,EUR
State Street SPDR S&P Emerging Markets Dividend Aristocrats UCITS ETF,SPYV,IE00B6YX5B26,ETF,EUR
State Street SPDR S&P Emerging Markets Dividend Aristocrats UCITS ETF,EMDV,IE00B6YX5B26,ETF,CHF
State Street SPDR S&P Euro Dividend Aristocrats Screened UCITS ETF,EEDV,IE00BYTH5T38,ETF,EUR
State Street SPDR S&P Euro Dividend Aristocrats UCITS ETF,SPYW,IE00B5M1WJ87,ETF,EUR
State Street SPDR S&P Euro Dividend Aristocrats UCITS ETF,EUDI,IE00B5M1WJ87,ETF,EUR
State Street SPDR S&P Euro Dividend Aristocrats UCITS ETF,EUDV,IE00B5M1WJ87,ETF,GBP
State Street SPDR S&P Euro Dividend Aristocrats UCITS ETF,EUDV,IE00B5M1WJ87,ETF,EUR
State Street SPDR S&P Euro Dividend Aristocrats UCITS ETF,SPYW,IE00B5M1WJ87,ETF,EUR
State Street SPDR S&P Euro Dividend Aristocrats UCITS ETF,EUDV,IE00B5M1WJ87,ETF,CHF
State Street SPDR S&P Euro Dividend Aristocrats UCITS ETF,EUDV,IE00B5M1WJ87,ETF,EUR
State Street SPDR S&P Europe Defense Vision UCITS ETF,DFSV,IE0008GRJRO8,ETF,EUR
State Street SPDR S&P Global Dividend Aristocrats Screened UCITS ETF,ZPD3,IE00BYTH5S21,ETF,EUR
State Street SPDR S&P Global Dividend Aristocrats UCITS ETF,ZPRG,IE00B9CQXS71,ETF,EUR
State Street SPDR S&P Global Dividend Aristocrats UCITS ETF,GBDV,IE00B9CQXS71,ETF,GBP
State Street SPDR S&P Global Dividend Aristocrats UCITS ETF,GLDV,IE00B9CQXS71,ETF,USD
State Street SPDR S&P Global Dividend Aristocrats UCITS ETF,ZPRG,IE00B9CQXS71,ETF,EUR
State Street SPDR S&P Global Dividend Aristocrats UCITS ETF,GLDV,IE00B9CQXS71,ETF,CHF
State Street SPDR S&P Global Dividend Aristocrats UCITS ETF,GLDV,IE00B9CQXS71,ETF,EUR
State Street SPDR S&P Pan Asia Dividend Aristocrats UCITS ETF,ZPRA,IE00B9KNR336,ETF,EUR
State Street SPDR S&P Pan Asia Dividend Aristocrats UCITS ETF,ASDV,IE00B9KNR336,ETF,USD
State Street SPDR S&P Pan Asia Dividend Aristocrats UCITS ETF,PADV,IE00B9KNR336,ETF,EUR
State Street SPDR S&P Pan Asia Dividend Aristocrats UCITS ETF,ZPRA,IE00B9KNR336,ETF,EUR
State Street SPDR S&P Pan Asia Dividend Aristocrats UCITS ETF,PADV,IE00B9KNR336,ETF,CHF
State Street SPDR S&P Pan Asia Dividend Aristocrats UCITS ETF,PADV,IE00B9KNR336,ETF,GBP
State Street SPDR S&P U.S. Dividend Aristocrats Screened UCITS ETF,ZPD6,IE00BYTH5R14,ETF,EUR
State Street SPDR S&P U.S. Dividend Aristocrats UCITS ETF,USDE,IE00B979GK47,ETF,EUR
iShares MSCI Pacific ex-Japan UCITS ETF USD (Dist),EUNJ,IE00B4WXJD03,ETF,EUR
iShares MSCI Pacific ex-Japan UCITS ETF USD (Dist),SPXJ,IE00B4WXJD03,ETF,GBX
iShares MSCI Pacific ex-Japan UCITS ETF USD (Dist),EUNJ,IE00B4WXJD03,ETF,EUR
iShares MSCI Poland UCITS ETF USD (Acc),IBCJ,IE00B4M7GH52,ETF,EUR
iShares MSCI Poland UCITS ETF USD (Acc),IPOL,IE00B4M7GH52,ETF,USD
iShares MSCI Poland UCITS ETF USD (Acc),SPOL,IE00B4M7GH52,ETF,GBX
iShares MSCI Poland UCITS ETF USD (Acc),IBCJ,IE00B4M7GH52,ETF,EUR
iShares MSCI Saudi Arabia Capped UCITS ETF USD A,IUSS,IE00BYYR0489,ETF,EUR
iShares MSCI Saudi Arabia Capped UCITS ETF USD A,IUSS,IE00BYYR0489,ETF,EUR
iShares MSCI Saudi Arabia Capped UCITS ETF USD D,IUSW,IE00BJ5JPJ87,ETF,EUR
iShares MSCI Saudi Arabia Capped UCITS ETF USD D,IUSW,IE00BJ5JPJ87,ETF,EUR
iShares MSCI Saudi Arabia Capped UCITS ETF USD D,IKSD,IE00BJ5JPJ87,ETF,USD
iShares MSCI Screened UCITS ETF (ACC),SNAW,IE00BFNM3J75,ETF,EUR
iShares MSCI Screened UCITS ETF (ACC),SNAW,IE00BFNM3J75,ETF,EUR
iShares MSCI Screened UCITS ETF (ACC),SAWD,IE00BFNM3J75,ETF,USD
iShares MSCI Screened UCITS ETF (ACC),SAWD,IE00BFNM3J75,ETF,USD
iShares MSCI South Africa UCITS ETF USD (Acc),IBC4,IE00B52XQP83,ETF,EUR
iShares MSCI South Africa UCITS ETF USD (Acc),IRSA,IE00B52XQP83,ETF,USD
iShares MSCI South Africa UCITS ETF USD (Acc),SRSA,IE00B52XQP83,ETF,GBX
iShares MSCI South Africa UCITS ETF USD (Acc),IBC4,IE00B52XQP83,ETF,EUR
iShares MSCI South Africa UCITS ETF USD (Acc),SRSA,IE00B52XQP83,ETF,EUR
iShares MSCI Taiwan UCITS ETF USD (Dist),IQQT,IE00B0M63623,ETF,EUR
iShares MSCI Taiwan UCITS ETF USD (Dist),ITWN,IE00B0M63623,ETF,EUR
iShares MSCI Taiwan UCITS ETF USD (Dist),ITWN,IE00B0M63623,ETF,EUR
iShares MSCI Taiwan UCITS ETF USD (Dist),IDTW,IE00B0M63623,ETF,USD
iShares MSCI Taiwan UCITS ETF USD (Dist),ITWN,IE00B0M63623,ETF,GBX
iShares MSCI Taiwan UCITS ETF USD (Dist),IQQT,IE00B0M63623,ETF,EUR
iShares MSCI Taiwan UCITS ETF USD (Dist),ITWN,IE00B0M63623,ETF,USD
iShares MSCI Target UK Real Estate UCITS ETF GBP D,UKRE,IE00BRHZ0398,ETF,GBX
iShares MSCI Turkey UCITS USD (Dist) ETF,IQQ5,IE00B1FZS574,ETF,EUR
iShares MSCI Turkey UCITS USD (Dist) ETF,ITKY,IE00B1FZS574,ETF,EUR
iShares MSCI Turkey UCITS USD (Dist) ETF,ITKY,IE00B1FZS574,ETF,EUR
iShares MSCI Turkey UCITS USD (Dist) ETF,IDTK,IE00B1FZS574,ETF,USD
iShares MSCI Turkey UCITS USD (Dist) ETF,ITKY,IE00B1FZS574,ETF,GBX
iShares MSCI Turkey UCITS USD (Dist) ETF,IQQ5,IE00B1FZS574,ETF,EUR
iShares MSCI UK Small Cap UCITS ETF GBP (Acc),SXRD,IE00B3VWLG82,ETF,EUR
iShares MSCI UK Small Cap UCITS ETF GBP (Acc),SXRD,IE00B3VWLG82,ETF,EUR
iShares MSCI UK Small Cap UCITS ETF GBP (Acc),CUKS,IE00B3VWLG82,ETF,GBX
iShares MSCI UK UCITS ETF GBP (Acc),SXR3,IE00B539F030,ETF,EUR
iShares MSCI UK UCITS ETF GBP (Acc),SXR3,IE00B539F030,ETF,EUR
iShares MSCI UK UCITS ETF GBP (Acc),CSUK,IE00B539F030,ETF,GBX
iShares MSCI USA Clmt Trans Aware UCITS ETF USD A,UCTA,IE000MGAVJV3,ETF,USD
iShares MSCI USA Clmt Trans Aware UCITS ETF USD D,UCTD,IE000YG82CF0,ETF,USD
iShares MSCI USA Clmt Trans Aware UCITS ETF USD D,UCTD,IE000YG82CF0,ETF,GBP
iShares MSCI USA ESG Enhanced CTB UCITS ETF USD (Dist),EEDS,IE00BHZPJ890,ETF,USD
iShares MSCI USA ESG Enhanced CTB UCITS EUR Hedged (Acc) ETF,CBUC,IE000U7L59A3,ETF,EUR
iShares MSCI USA ESG Enhanced CTB UCITS USD (Acc) ETF,EDMU,IE00BHZPJ908,ETF,EUR
iShares MSCI USA Islamic UCITS ETF USD (Dist),IUSF,IE00B296QM64,ETF,EUR
iShares MSCI USA Islamic UCITS ETF USD (Dist),ISDU,IE00B296QM64,ETF,USD
iShares MSCI USA Quality Dividend Advanced UCITS ETF,QDVD,IE00BKM4H312,ETF,EUR
WisdomTree Global Qual Div Gro UCITS ETF USD Acc,WTEM,IE00BZ56SW52,ETF,EUR
WisdomTree Global Qual Div Gro UCITS ETF USD Acc,GGRA,IE00BZ56SW52,ETF,EUR
WisdomTree Global Qual Div Gro UCITS ETF USD Acc,GGRA,IE00BZ56SW52,ETF,USD
WisdomTree Global Qual Div Gro UCITS ETF USD Acc,GGRG,IE00BZ56SW52,ETF,GBX
WisdomTree Global Qual Div Gro UCITS ETF USD Acc,GGRA,IE00BZ56SW52,ETF,USD
WisdomTree Global Qual Div Gro UCITS ETF USD Acc,WTE9,IE00BZ56SW52,ETF,EUR
WisdomTree Global Qual Div Gro UCITS ETF USD Acc,GGRA,IE00BZ56SW52,ETF,EUR
WisdomTree Global Quality Div Growth UCITS ETF USD,WTEQ,IE00BZ56RN96,ETF,EUR
WisdomTree Global Quality Div Growth UCITS ETF USD,GGRP,IE00BZ56RN96,ETF,GBX
WisdomTree Global Quality Div Growth UCITS ETF USD,GGRW,IE00BZ56RN96,ETF,USD
WisdomTree Global Quality Div Growth UCITS ETF USD,GGRW,IE00BZ56RN96,ETF,USD
WisdomTree Global Quality Div Growth UCITS ETF USD,GGRW,IE00BZ56RN96,ETF,EUR
WisdomTree Global Quality Growth UCITS - USD Acc ETF,QGRG,IE000Y83YZ44,ETF,EUR
WisdomTree Global Sustainable Equity UCITS - USD acc ETF,WSDG,IE000XNILW20,ETF,EUR
WisdomTree Global Sustainable Equity UCITS - USD acc ETF,WSDG,IE000XNILW20,ETF,USD
WisdomTree Global Sustainable Equity UCITS - USD acc ETF,WSEQ,IE000XNILW20,ETF,GBX
WisdomTree Global Value UCITS ETF USD (Acc),VYGL,IE000D1017N2,ETF,EUR
WisdomTree Gold - EUR Daily Hedged ETC,00XN,JE00B4RKQV36,ETF,EUR
WisdomTree Gold - EUR Daily Hedged ETC,EBUL,JE00B4RKQV36,ETF,EUR
WisdomTree Gold EUR Daily Hedged ETC,00XD,JE00B4RKQV36,ETF,EUR
Wisdomtree Gold 3X Daily Leveraged,PCFP,IE00B8HGT870,ETF,EUR
Wisdomtree Gold 3X Daily Leveraged,0LJV,IE00B8HGT870,ETF,EUR
Wisdomtree Gold 3X Daily Leveraged,3GOL,IE00B8HGT870,ETF,USD
Wisdomtree Gold 3X Daily Leveraged,3LGO,IE00B8HGT870,ETF,GBX
Wisdomtree Gold 3X Daily Leveraged,3GOL,IE00B8HGT870,ETF,EUR
Wisdomtree Gold 3X Daily Short,PCFN,IE00B6X4BP29,ETF,EUR
Wisdomtree Gold 3X Daily Short,3GOS,IE00B6X4BP29,ETF,EUR
Wisdomtree Gold 3X Daily Short,3GOS,IE00B6X4BP29,ETF,USD
Wisdomtree Gold 3X Daily Short,3SGO,IE00B6X4BP29,ETF,GBX
Wisdomtree Gold Daily Short ETC,SBUL,JE00B24DKC09,ETF,EUR
Wisdomtree Gold Daily Short ETC,SBUL,JE00B24DKC09,ETF,EUR
Wisdomtree Gold Daily Short ETC,SBUL,JE00B24DKC09,ETF,USD
Wisdomtree Gold Daily Short ETC,0FHV,JE00B24DKC09,ETF,EUR
WisdomTree Gold ETC,OD7H,GB00B15KXX56,ETF,EUR
WisdomTree Gold ETC,BULLP,GB00B15KXX56,ETF,EUR
WisdomTree Gold ETC,BULL,GB00B15KXX56,ETF,EUR
WisdomTree Gold ETC,BULL,GB00B15KXX56,ETF,USD
WisdomTree Gold ETC,BULP,GB00B15KXX56,ETF,GBX
WisdomTree Gold ETC,4RUR,GB00B15KXX56,ETF,EUR
WisdomTree Grains ETC,OD7Y,GB00B15KYL00,ETF,EUR
WisdomTree Grains ETC,AIGG,GB00B15KYL00,ETF,EUR
WisdomTree Grains ETC,AGGP,GB00B15KYL00,ETF,GBX
WisdomTree Grains ETC,AIGG,GB00B15KYL00,ETF,USD
WisdomTree Grains ETC,OOEK,GB00B15KYL00,ETF,EUR
Wisdomtree Heating Oil ETC,0FHC,GB00B15KXY63,ETF,EUR
Wisdomtree Heating Oil ETC,HEAT,GB00B15KXY63,ETF,USD
WisdomTree Industrial Metals - EUR Daily Hedged ETC,EIMT,JE00B78NPW60,ETF,EUR
Wisdomtree Industrial Metals Enhanced,XMWL,IE00BF4TWC33,ETF,EUR
Wisdomtree Industrial Metals Enhanced,META,IE00BF4TWC33,ETF,USD
WisdomTree Industrial Metals ETC,AIGI,GB00B15KYG56,ETF,EUR
Amundi Prime Global Government Bond UCITS Dist ETF,PR1G,LU1931975236,ETF,EUR
Amundi Prime Global Government Bond UCITS Dist ETF,PR1G,LU1931975236,ETF,EUR
Amundi Prime Global UCITS Acc ETF,F50A,IE0009DRDY20,ETF,EUR
Amundi Prime Global UCITS Acc ETF,F50A,IE0009DRDY20,ETF,EUR
Amundi Prime Global UCITS Dist ETF,MWOL,IE000QIF5N15,ETF,EUR
Amundi Prime Global UCITS Dist ETF,MWOL,IE000QIF5N15,ETF,EUR
Amundi Prime Global UCITS Dist ETF,ETFGLO,IE000QIF5N15,ETF,EUR
Amundi Prime Japan UCITS DR (C) ETF,PRAJ,LU2089238385,ETF,EUR
Amundi Prime Japan UCITS DR (D) ETF,PR1J,LU1931974775,ETF,EUR
Amundi Prime Japan UCITS DR (D) ETF,PRIJ,LU1931974775,ETF,GBX
Amundi Prime Japan UCITS DR (D) ETF,PR1J,LU1931974775,ETF,EUR
Amundi Prime Japan UCITS DR (D) ETF,ETFJA,LU1931974775,ETF,EUR
Amundi Prime UK Mid and Small Cap UCITS ETF DR GBP (D),ACUJ,LU2182388152,ETF,EUR
Amundi Russell 1000 Growth UCITS ETFAcc,MWOT,IE0005E8B9S4,ETF,USD
Amundi Russell 2000 UCITS ETF - EUR (C),RS2K,LU1681038672,ETF,EUR
Amundi Russell 2000 UCITS ETF - EUR (C),RS2K ,LU1681038672,ETF,EUR
Amundi Russell 2000 UCITS ETF - EUR (C),RS2K,LU1681038672,ETF,EUR
Amundi Russell 2000 UCITS ETF - EUR (C),RS2K,LU1681038672,ETF,EUR
Amundi Russell 2000 UCITS ETF - USD (C),LU1681038839,LU1681038839,ETF,USD
Amundi S&P 500 Buyback UCITS ETF - EUR (C),B500,LU1681048127,ETF,EUR
Amundi S&P 500 Buyback UCITS ETF - EUR (C),BYBE ,LU1681048127,ETF,EUR
Amundi S&P 500 Buyback UCITS ETF - EUR (C),B500,LU1681048127,ETF,EUR
Amundi S&P 500 Buyback UCITS ETF - USD (C),AFIA,LU1681048556,ETF,EUR
Amundi S&P 500 Cl Paris Aligned UCITS ETF EURH Acc,IE00058B19U6,IE00058B19U6,ETF,EUR
Amundi S&P 500 Climate Paris Aligned UCITS ETF Acc ETF,ZPA5,IE000O5FBC47,ETF,EUR
Amundi S&P 500 Climate Paris Aligned UCITS ETF Acc ETF,PABU,IE000O5FBC47,ETF,EUR
Amundi S&P 500 Climate Paris Aligned UCITS ETF Acc ETF,WEB4,IE000O5FBC47,ETF,EUR
Amundi S&P 500 Equal Weight ESG Leaders UCITS DR - USD (A) ETF,WELE,IE000LAP5Z18,ETF,USD
Amundi S&P 500 Equal Weight UCITS EUR Hedged Acc ETF,MWOQ,IE000M86QRT4,ETF,EUR
Amundi S&P 500 Equal Weight UCITS EUR Hedged Acc ETF,MWOQ,IE000M86QRT4,ETF,EUR
Amundi S&P 500 Screened UCITS ETF Acc,F500,IE000KXCEXR3,ETF,EUR
Amundi S&P 500 Screened UCITS ETF Acc,U500 ,IE000KXCEXR3,ETF,USD
Amundi S&P 500 Screened UCITS ETF Acc,S500 ,IE000KXCEXR3,ETF,EUR
Amundi S&P 500 Screened UCITS ETF EUR Hedged Acc,S500H ,IE00058MW3M8,ETF,EUR
Amundi S&P 500 Swap UCITS ETF EUR Acc,AUM5,LU1681048804,ETF,EUR
Amundi S&P 500 Swap UCITS ETF EUR Acc,500 ,LU1681048804,ETF,EUR
Amundi S&P 500 Swap UCITS ETF EUR Acc,AUM5,LU1681048804,ETF,EUR
Amundi S&P 500 Swap UCITS ETF EUR Acc,A500,LU1681048804,ETF,EUR
Amundi S&P 500 Swap UCITS ETF EURH Acc,H1D5,LU1681049109,ETF,EUR
Amundi S&P 500 Swap UCITS ETF EURH Acc,500H ,LU1681049109,ETF,EUR
Amundi S&P 500 Swap UCITS ETF EURH Acc,500H,LU1681049109,ETF,EUR
Amundi S&P 500 Swap UCITS ETF USD Acc,10AP,LU1681049018,ETF,EUR
Amundi S&P 500 Swap UCITS ETF USD Acc,500U,LU1681049018,ETF,USD
Amundi S&P 500 Swap UCITS ETF USD Acc,500U,LU1681049018,ETF,USD
Amundi S&P 500 Swap UCITS ETF USD Acc,LU1681049018,LU1681049018,ETF,EUR
Amundi S&P 500 VIX Future Enhcd Roll UCITS ETF Ac,VOOL,LU0832435464,ETF,EUR
Amundi S&P 500 VIX Future Enhcd Roll UCITS ETF Ac,LVO,LU0832435464,ETF,EUR
Amundi S&P 500 VIX Future Enhcd Roll UCITS ETF Ac,VOOL,LU0832435464,ETF,EUR
Amundi S&P 500 VIX Future Enhcd Roll UCITS ETF Ac,LVO,LU0832435464,ETF,EUR
Amundi S&P Eurozone Cl Paris Aligned UCITS ETF A,EPAB,LU2195226068,ETF,EUR
Global X Silver Miners UCITS ETF USD Acc,SLVR,IE000UL6CLP7,ETF,EUR
Global X Silver Miners UCITS ETF USD Acc,SILV,IE000UL6CLP7,ETF,USD
Global X Silver Miners UCITS ETF USD Acc,SILV,IE000UL6CLP7,ETF,EUR
Global X Silver Miners UCITS ETF USD Acc,SILV,IE000UL6CLP7,ETF,CHF
Global X Solar UCITS ETF USD Acc,RA7Z,IE000XD7KCJ7,ETF,EUR
Global X Solar UCITS ETF USD Acc,RA7Z,IE000XD7KCJ7,ETF,EUR
Global X Solar UCITS ETF USD Acc,RAYZ,IE000XD7KCJ7,ETF,EUR
Global X Solar UCITS ETF USD Acc,RAYZ,IE000XD7KCJ7,ETF,USD
Global X Superdividend UCITS ETF USD Acc,SDIU,IE000YICM5P9,ETF,USD
Global X Superdividend UCITS ETF USD Dist,UDIV,IE00077FRP95,ETF,EUR
Global X Superdividend UCITS ETF USD Dist,UDIV,IE00077FRP95,ETF,EUR
Global X Superdividend UCITS ETF USD Dist,SDIV,IE00077FRP95,ETF,EUR
Global X Telemedicine & Dig Hlth UCITS ETF USD Acc,DDOC,IE00BLR6QB00,ETF,EUR
Global X Telemedicine & Dig Hlth UCITS ETF USD Acc,EDOC,IE00BLR6QB00,ETF,USD
Global X Telemedicine & Dig Hlth UCITS ETF USD Acc,CSYB,IE00BLR6QB00,ETF,EUR
Global X U.S. Infra Developments UCITS ETF USD Acc,94VE,IE00BLCHJ534,ETF,EUR
Global X U.S. Infra Developments UCITS ETF USD Acc,PAVE,IE00BLCHJ534,ETF,USD
Global X U.S. Infra Developments UCITS ETF USD Acc,94VE,IE00BLCHJ534,ETF,EUR
Global X Uranium UCITS ETF USD Acc,URNU,IE000NDWFGA5,ETF,EUR
Global X Uranium UCITS ETF USD Acc,URNU,IE000NDWFGA5,ETF,EUR
Global X Uranium UCITS ETF USD Acc,URNU,IE000NDWFGA5,ETF,USD
Global X Video Games & Esports UCITS ETF USD Acc,H3R0,IE00BLR6Q544,ETF,EUR
Global X Video Games & Esports UCITS ETF USD Acc,CSYF,IE00BLR6Q544,ETF,EUR
Global X Wind Energy UCITS ETF,WNDY,IE000JNHCBM6,ETF,EUR
Global X Wind Energy UCITS ETF,WNDY,IE000JNHCBM6,ETF,EUR
Global X Wind Energy UCITS ETF,WNDY,IE000JNHCBM6,ETF,USD
Gold Bullion Securities ETC,GG9B,GB00B00FHZ82,ETF,EUR
Gold Bullion Securities ETC,GBSS,GB00B00FHZ82,ETF,GBX
Gold Bullion Securities ETC,GBS,GB00B00FHZ82,ETF,EUR
Gold Bullion Securities ETC,GBS,GB00B00FHZ82,ETF,EUR
Gold Bullion Securities ETC,GG9,GB00B00FHZ82,ETF,EUR
Gold Bullion Securities ETC,GBS,GB00B00FHZ82,ETF,USD
Gold Miners Screened UCITS ETF Acc,ZSG0,IE00BNTVVR89,ETF,EUR
Goldman Sachs Access China Gv Bd UCITS ETF USD Acc,CBNX,IE00BJSBC011,ETF,USD
Goldman Sachs Access China Gv Bd UCITS ETF USD Dis,GASF,IE00BJSBCS90,ETF,EUR
Goldman Sachs Access China Gv Bd UCITS ETF USD Dis,GASF,IE00BJSBCS90,ETF,EUR
Goldman Sachs Access China Gv Bd UCITS ETF USD Dis,CBND,IE00BJSBCS90,ETF,EUR
Goldman Sachs ActBeta PA Sst US LCEq UCITS ETFUSDA,GACA,IE00BJ5CNR11,ETF,EUR
Goldman Sachs ActBeta PA Sst US LCEq UCITS ETFUSDA,GSLC,IE00BJ5CNR11,ETF,EUR
Goldman Sachs ActiveBeta Emerging Markets Equity UCITS ETF,GACB,IE00BJ5CMD00,ETF,EUR
Goldman Sachs ActiveBeta Emerging Markets Equity UCITS ETF,GSEM,IE00BJ5CMD00,ETF,USD
Goldman Sachs Alp Enh EM Eq Actv UCITS ETF USD Acc,GQEM,IE000KEFZYE7,ETF,EUR
Goldman Sachs Alp Enh EM Eq Actv UCITS ETF USD Acc,GQME,IE000KEFZYE7,ETF,GBP
Goldman Sachs Alpha Enhanced Europe Equity Active UCITS ETF CLASS EUR (Acc),GQEU,IE000RITWOD4,ETF,EUR
Goldman Sachs Alp Enh Eur Eq Actv UCITS EURAcc ETF,GQEU,IE000RITWOD4,ETF,EUR
Goldman Sachs Alpha Enhanced Europe Equity Active UCITS ETF CLASS EUR (Acc),GQEU,IE000RITWOD4,ETF,CHF
Goldman Sachs Alp Enh US Eq Actv UCITS ETF USD Acc,GQUS,IE000HYFO765,ETF,EUR
Goldman Sachs Alp Enh US Eq Actv UCITS ETF USD Acc,GQUS,IE000HYFO765,ETF,CHF
Goldman Sachs Alp Enh Wld Eq Actv UCITS ETF USDAcc,GQWD,IE000UFAX9L6,ETF,EUR
Goldman Sachs Alp Enh Wld Eq Actv UCITS ETF USDAcc,GQWD,IE000UFAX9L6,ETF,EUR
VanEck World Equal Weight Screened UCITS ETF,TSWE,NL0010408704,ETF,CHF
Vanguard ESG Dev Europe All Cap UCITS ETF EUR Acc,V3EA,IE000QUOSE01,ETF,CHF
Vanguard ESG Dev Europe All Cap UCITS ETF EUR Dist,V3DL,IE000NRGX9M3,ETF,EUR
Vanguard ESG Dev Europe All Cap UCITS ETF EUR Dist,V3EL,IE000NRGX9M3,ETF,EUR
Vanguard ESG DevAsiaPacific AC UCITS ETF Acc,V3PA,IE000GOJO2A3,ETF,EUR
Vanguard ESG DevAsiaPacific AC UCITS ETF Acc,V3PA,IE000GOJO2A3,ETF,CHF
Vanguard ESG DevAsiaPacific AC UCITS ETF Acc,V3PA,IE000GOJO2A3,ETF,EUR
Vanguard ESG DevAsiaPacific AC UCITS ETF Dis,V3PL,IE0008T6IUX0,ETF,EUR
Vanguard Esg Emerg Mark Ucits Etf Usd D,V3MA,IE000KPJJWM6,ETF,EUR
Vanguard Esg Emerg Mark Ucits Etf Usd D,V3MA,IE000KPJJWM6,ETF,CHF
Vanguard Esg Emerg Mark Ucits Etf Usd D,V3ML,IE0001VXZTV7,ETF,EUR
Vanguard Esg Emerg Mark Ucits Etf Usd D,V3ML,IE0001VXZTV7,ETF,EUR
Vanguard ESG EUR Corp Bond UCITS ETF EUR Acc,V3RE,IE000QADMYA3,ETF,EUR
Vanguard ESG EUR Corp Bond UCITS ETF EUR Acc,V3RE,IE000QADMYA3,ETF,EUR
Vanguard ESG EUR Corp Bond UCITS ETF EUR Dist,V3RF,IE000F37PGZ3,ETF,EUR
Vanguard ESG EUR Corp Bond UCITS ETF EUR Dist,V3RF,IE000F37PGZ3,ETF,EUR
Vanguard ESG Global All Cap UCITS ETF (USD) Acc,V3AA,IE00BNG8L278,ETF,EUR
Vanguard ESG Global All Cap UCITS ETF (USD) Acc,V3AA,IE00BNG8L278,ETF,EUR
Vanguard ESG Global All Cap UCITS ETF (USD) Acc,V3AA,IE00BNG8L278,ETF,EUR
Vanguard ESG Global All Cap UCITS ETF (USD) Acc,V3AA,IE00BNG8L278,ETF,CHF
Vanguard ESG Global All Cap UCITS ETF (USD) Acc,V3AA,IE00BNG8L278,ETF,EUR
Vanguard ESG Global All Cap UCITS ETF (USD) Dist,V3AL,IE00BNG8L385,ETF,EUR
Vanguard ESG Global All Cap UCITS ETF (USD) Dist,V3AL,IE00BNG8L385,ETF,EUR
Vanguard ESG Global All Cap UCITS ETF (USD) Dist,V3AL,IE00BNG8L385,ETF,EUR
Vanguard ESG Global All Cap UCITS ETF (USD) Dist,V3AL,IE00BNG8L385,ETF,CHF
Vanguard ESG Global Corp Bond UCITS ETF CHF Hgd A,V3GX,IE00BNDS1R53,ETF,CHF
Vanguard ESG Global Corp Bond UCITS ETF CHF Hgd D,V3GH,IE00BNDS1S60,ETF,CHF
Vanguard ESG Global Corp Bond UCITS ETF GBP Hgd A,V3GS,IE00BNDS1T77,ETF,GBP
Vanguard ESG Global Corp Bond UCITS ETF GBP Hgd D,V3GP,IE00BNDS1V99,ETF,GBP
Vanguard ESG Global Corp Bond UCITS ETF USD Hgd A,VDC4,IE00BNDS1W07,ETF,EUR
Vanguard ESG Global Corporate Bond UCITS EUR Hedged - Acc ETF,V3GF,IE00BNDS1P30,ETF,EUR
Vanguard ESG Global Corporate Bond UCITS EUR Hedged - Acc ETF,V3GF,IE00BNDS1P30,ETF,EUR
Vanguard ESG Global Corporate Bond UCITS EUR Hedged - Dist ETF,V3GE,IE00BNDS1Q47,ETF,EUR
Vanguard ESG Global Corporate Bond UCITS EUR Hedged - Dist ETF,V3GE,IE00BNDS1Q47,ETF,EUR
Vanguard ESG N America All Cap UCITS ETF USD Acc,V3NA,IE000O58J820,ETF,CHF
Vanguard ESG N America All Cap UCITS ETF USD Acc,V3YA,IE000O58J820,ETF,EUR
Vanguard ESG N America All Cap UCITS ETF USD Dist,V3YL,IE000L2ZNB07,ETF,EUR
Vanguard ESG N America All Cap UCITS ETF USD Dist,V3NL,IE000L2ZNB07,ETF,EUR
Vanguard ESG USD Corp Bond UCITS ETF EUR Hgd Acc,V3SE,IE000EKJRSZ3,ETF,EUR
Vanguard ESG USD Corp Bond UCITS ETF USD Acc,V3SD,IE000JQV8511,ETF,EUR
Vanguard ESG USD Corp Bond UCITS ETF USD Dist,V3SU,IE000RO1O3N4,ETF,EUR
Vanguard EUR Corpo 1-3 Year Bd UCITS ETF EUR A,VGCF,IE00BH04FZ00,ETF,EUR
Vanguard EUR Corpo 1-3 Year Bd UCITS ETF EUR A,VSCF,IE00BH04FZ00,ETF,EUR
Vanguard EUR Corporate Bond UCITS ETF EUR Acc,VECA,IE00BGYWT403,ETF,EUR
Vanguard EUR Corporate Bond UCITS ETF EUR Acc,VECA,IE00BGYWT403,ETF,EUR
Vanguard EUR Corporate Bond UCITS ETF EUR Acc,VECA,IE00BGYWT403,ETF,EUR
Vanguard EUR Corporate Bond UCITS ETF EUR Dis,VECP,IE00BZ163G84,ETF,GBP
Vanguard EUR Corporate Bond UCITS ETF EUR Dis,VECP,IE00BZ163G84,ETF,CHF
Vanguard EUR Corporate Bond UCITS ETF EUR Dis,VECP,IE00BZ163G84,ETF,EUR
Vanguard EUR Corporate Bond UCITS ETF EUR Dis,VG7I,IE00BZ163G84,ETF,EUR
iShares Core MSCI World UCITS EUR Hedged (Dist) ETF,IWLE,IE00BKBF6H24,ETF,EUR
iShares Core S&P 500 UCITS ETF USD (Acc),SXR8,IE00B5BMR087,ETF,EUR
iShares Core S&P 500 UCITS ETF USD (Acc),SXR8,IE00B5BMR087,ETF,EUR
iShares Core S&P 500 UCITS ETF USD (Acc),CSSPX,IE00B5BMR087,ETF,EUR
iShares Core S&P 500 UCITS ETF USD (Acc),CSP1,IE00B5BMR087,ETF,GBX
iShares Core S&P 500 UCITS ETF USD (Acc),CSPX,IE00B5BMR087,ETF,USD
iShares Core S&P 500 UCITS ETF USD (Acc),CSPX,IE00B5BMR087,ETF,EUR
iShares Core S&P 500 UCITS ETF USD (Acc),CSSPX,IE00B5BMR087,ETF,USD
iShares Core S&P 500 UCITS ETF USD (Dist),IUSA,IE0031442068,ETF,EUR
iShares Core S&P 500 UCITS ETF USD (Dist),IUSA,IE0031442068,ETF,EUR
iShares Core S&P 500 UCITS ETF USD (Dist),IUSA,IE0031442068,ETF,EUR
iShares Core S&P 500 UCITS ETF USD (Dist),IDUS,IE0031442068,ETF,USD
iShares Core S&P 500 UCITS ETF USD (Dist),IUSA,IE0031442068,ETF,GBX
iShares Core S&P 500 UCITS ETF USD (Dist),IUSA,IE0031442068,ETF,EUR
iShares Core S&P 500 UCITS ETF USD (Dist),IUSA,IE0031442068,ETF,USD
iShares Core UK Gilts UCITS ETF GBP (Dist),IGLT,IE00B1FZSB30,ETF,GBP
iShares Core UK Gilts UCITS ETF GBP (Dist),IGLT,IE00B1FZSB30,ETF,EUR
iShares Core UK Gilts UCITS ETF GBP (Dist),IGLT,IE00B1FZSB30,ETF,GBP
iShares Core UK Gilts UCITS EUR Hedged (Dist) ETF,CBUS,IE000BI0GCN3,ETF,EUR
iShares Core UK Gilts UCITS EUR Hedged (Dist) ETF,CBUS,IE000BI0GCN3,ETF,EUR
iShares Developed Markets Property Yield UCITS ETF USD DIST,IWDP,IE00B1FZS350,ETF,EUR
iShares Digital Entertainment and Education UCITS ETF USD ACC,PLAY,IE00023EZQ82,ETF,USD
ishares Digital Entertainment and Education Ucits Etf Usd Acc,CBUN,IE00023EZQ82,ETF,EUR
ishares Digital Entertainment and Education Ucits Etf Usd Acc,DGGE,IE00023EZQ82,ETF,EUR
ishares Digital Entertainment and Education Ucits Etf Usd Acc,PLAY,IE00023EZQ82,ETF,USD
iShares Digital Security UCITS ETF USD (Acc),L0CK,IE00BG0J4C88,ETF,EUR
iShares Digital Security UCITS ETF USD (Acc),L0CK,IE00BG0J4C88,ETF,EUR
iShares Digital Security UCITS ETF USD (Acc),LOCK,IE00BG0J4C88,ETF,EUR
iShares Digital Security UCITS ETF USD (Acc),LOCK,IE00BG0J4C88,ETF,EUR
iShares Digital Security UCITS ETF USD (Dist),IS4S,IE00BG0J4841,ETF,EUR
iShares Digital Security UCITS ETF USD (Dist),IS4S,IE00BG0J4841,ETF,EUR
iShares Digitalisation UCITS ETF USD (Acc),2B79,IE00BYZK4883,ETF,EUR
iShares Digitalisation UCITS ETF USD (Acc),2B79,IE00BYZK4883,ETF,EUR
iShares Digitalisation UCITS ETF USD (Acc),DGTL,IE00BYZK4883,ETF,USD
iShares Digitalisation UCITS ETF USD (Acc),DGTL,IE00BYZK4883,ETF,EUR
iShares Digitalisation UCITS ETF USD (Acc),DGTL,IE00BYZK4883,ETF,EUR
iShares DivDAX UCITS (DE) ETF,EXSB,DE0002635273,ETF,EUR
iShares DivDAX UCITS (DE) ETF,EX11,DE0002635273,ETF,EUR
iShares DivDAX UCITS (DE) ETF,0MLA,DE0002635273,ETF,EUR
iShares DivDAX UCITS (DE) ETF,EXSB,DE0002635273,ETF,CHF
iShares DivDAX UCITS (DE) ETF,EXSB,DE0002635273,ETF,EUR
iShares Diversified Commodity Swap UCITS (DE) ETF,EXXY,DE000A0H0728,ETF,EUR
iShares Diversified Commodity Swap UCITS (DE) ETF,EXXY,DE000A0H0728,ETF,EUR
iShares Diversified Commodity Swap UCITS (DE) ETF,0MNN,DE000A0H0728,ETF,EUR
iShares Diversified Commodity Swap UCITS (DE) ETF,EXXY,DE000A0H0728,ETF,USD
iShares Diversified Commodity Swap UCITS (DE) ETF,EXXY,DE000A0H0728,ETF,EUR
iShares Diversified Commodity Swap UCITS ETF USD A,SXRS,IE00BDFL4P12,ETF,EUR
iShares Diversified Commodity Swap UCITS ETF USD A,ICOM,IE00BDFL4P12,ETF,USD
iShares Diversified Commodity Swap UCITS ETF USD A,SXRS,IE00BDFL4P12,ETF,EUR
iShares Dow Jones Asia Pacific Select Dividend 50 UCITS (DE) ETF,0MNU,DE000A0H0744,ETF,EUR
Xtrackers World Equity Enhanced Active UCITS 1C ETF,XEEG,IE00094GSCQ4,ETF,GBP
Xtrackers World Net Zero Pathway Paris Aligned UCITS ETF,XNZW,IE000UZCJS58,ETF,CHF
YieldMax Big Tech Option Income UCITS ETF Dist,YYYY,IE000MMRLY96,ETF,EUR
YieldMax Future of Dfnc Option Inc UCITS ETF USD D,NA7Y,IE000TAA0GK0,ETF,EUR
YieldMax Future of Dfnc Option Inc UCITS ETF USD D,NA7Y,IE000TAA0GK0,ETF,EUR
YieldMax Future of Dfnc Option Inc UCITS ETF USD D,NATY,IE000TAA0GK0,ETF,EUR
Yieldmax MSTR Option Income ETC,MSTY,XS3087774306,ETF,USD
Yieldmax MSTR Option Income ETC,MSTY,XS3087774306,ETF,EUR
Yieldmax Ultra Option Income Strategy ETC,ULTY,XS3218061631,ETF,EUR
US Global Investors Travel UCITS ETF Acc,7RIP,IE00BMFNW783,ETF,EUR
US Global Investors Travel UCITS ETF Acc,TRYP,IE00BMFNW783,ETF,USD
US Global Investors Travel UCITS ETF Acc,TRYP,IE00BMFNW783,ETF,EUR
US Global Investors Travel UCITS ETF Acc,TRYP,IE00BMFNW783,ETF,EUR
Valour Bitcoin Zero ETP,BTC0E,CH0573883474,ETF,EUR
Valour Bitcoin Zero ETP,BTC0E,CH0573883474,ETF,EUR
Valour Cardano ETP,ADAVE,CH1114178820,ETF,EUR
Valour Cardano ETP,CH1114178820,CH1114178820,ETF,EUR
Valour Ethereum Zero ETP,CH0585378752,CH0585378752,ETF,EUR
Valour Polkadot ETP,DOTVE,CH1114178812,ETF,EUR
Valour Polkadot ETP,CH1114178812,CH1114178812,ETF,EUR
Valour Solana ETP,SOLVE,CH1114178838,ETF,EUR
Valour Solana ETP,CH1114178838,CH1114178838,ETF,EUR
VanEck Algorand (VGND) ETN,VGND,DE000A3GWNE8,ETF,EUR
VanEck Avalanche ETN ETP,VAVA,DE000A3GV1T7,ETF,EUR
VanEck Bitcoin ETN,VBTC,DE000A28M8D0,ETF,EUR
VanEck Bitcoin ETN,VBTC,DE000A28M8D0,ETF,EUR
VanEck Bitcoin ETN,VBTC,DE000A28M8D0,ETF,USD
VanEck Bitcoin ETN,VBTC,DE000A28M8D0,ETF,EUR
Vaneck Celestia ETN,VTIA,DE000A4AKZB4,ETF,EUR
VanEck Chainlink ETN,VLNK,DE000A3GXNV0,ETF,EUR
VanEck Chainlink ETN,VLNK,DE000A3GXNV0,ETF,EUR
VanEck Circular Economy UCITS ETF USD A,REUS,IE0001J5A2T9,ETF,EUR
VanEck Circular Economy UCITS ETF USD A,REUS,IE0001J5A2T9,ETF,EUR
VanEck Crypto and Blckchn Innvtrs UCITS ETF USD A,DAVV,IE00BMDKNW35,ETF,EUR
VanEck Crypto and Blckchn Innvtrs UCITS ETF USD A,DAVV,IE00BMDKNW35,ETF,EUR
VanEck Crypto and Blckchn Innvtrs UCITS ETF USD A,DAPP,IE00BMDKNW35,ETF,EUR
VanEck Crypto and Blckchn Innvtrs UCITS ETF USD A,DAPP,IE00BMDKNW35,ETF,CHF
VanEck Crypto Leaders ETN,VT0P,DE000A3GWEU3,ETF,EUR
VanEck Crypto Leaders ETN,VT0P,DE000A3GWEU3,ETF,EUR
VanEck Defense UCITS ETF,DFEN,IE000YYE6WK5,ETF,EUR
VanEck Defense UCITS ETF,DFEN,IE000YYE6WK5,ETF,EUR
VanEck Defense UCITS ETF,DFNG,IE000YYE6WK5,ETF,GBP
VanEck Defense UCITS ETF,DFNS,IE000YYE6WK5,ETF,USD
VanEck Defense UCITS ETF,DFNS,IE000YYE6WK5,ETF,CHF
VanEck Emerging Markets HY Bond UCITS ETF USD A,HY3M,IE00BF541080,ETF,EUR
VanEck Emerging Markets HY Bond UCITS ETF USD A,HYEM,IE00BF541080,ETF,USD
VanEck Emerging Markets HY Bond UCITS ETF USD A,HYGB,IE00BF541080,ETF,GBP
VanEck Emerging Markets HY Bond UCITS ETF USD A,HY3M,IE00BF541080,ETF,EUR
VanEck Emerging Markets HY Bond UCITS ETF USD A,HYEM,IE00BF541080,ETF,EUR
VanEck Emerging Markets HY Bond UCITS ETF USD A,HYEM,IE00BF541080,ETF,CHF
VanEck Ethereum ETN,VETH,DE000A3GPSP7,ETF,EUR
VanEck Ethereum ETN,VETH,DE000A3GPSP7,ETF,EUR
VanEck Ethereum ETN,VETH,DE000A3GPSP7,ETF,EUR
VanEck Ethereum ETN,VETHG,DE000A3GPSP7,ETF,USD
VanEck European Equal Weight Screened UCITS ETF,V3ET,NL0010731816,ETF,EUR
VanEck European Equal Weight Screened UCITS ETF,TEET,NL0010731816,ETF,EUR
VanEck European Equal Weight Screened UCITS ETF,V3ET,NL0010731816,ETF,EUR
VanEck European Equal Weight Screened UCITS ETF,TEET,NL0010731816,ETF,USD
VanEck European Equal Weight Screened UCITS ETF,TEGB,NL0010731816,ETF,GBP
21Shares Crypto Basket Equal Weight,H21V,CH1135202161,ETF,EUR
21Shares Crypto Eql Weight ETP,HODLV,CH1135202161,ETF,EUR
21Shares Crypto Eql Weight ETP,CH1135202161,CH1135202161,ETF,USD
21Shares Crypto Basket Index ETP,21XH,CH0445689208,ETF,EUR
21Shares Crypto Basket Index ETP,21XH,CH0445689208,ETF,EUR
21Shares Crypto Basket Index ETP,HODL,CH0445689208,ETF,EUR
21Shares Crypto Basket Index ETP,CH0445689208,CH0445689208,ETF,USD
21Shares Crypto Mid-Cap Index ETP,USLA,CH1130675676,ETF,EUR
21Shares Crypto Mid-Cap Index ETP,ALTS,CH1130675676,ETF,USD
21Shares Crypto Mid-Cap Index ETP,ALTS,CH1130675676,ETF,EUR
21Shares Ethereum Core Staking ETP,ETHC,CH1209763130,ETF,EUR
21Shares Ethereum Core Staking ETP,USLH,CH1209763130,ETF,EUR
21Shares Ethereum Core Staking ETP,ETHC,CH1209763130,ETF,EUR
21Shares Ethereum Staking ETP,ETHA,CH0454664027,ETF,EUR
21Shares Ethereum Staking ETP,21XE,CH0454664027,ETF,EUR
21Shares Ethereum Staking ETP,AETH,CH0454664027,ETF,EUR
21Shares Ethereum Staking ETP,AETH,CH0454664027,ETF,USD
21Shares Ethereum Staking ETP,ETHB,CH0454664027,ETF,USD
21shares Flexible Crypto Index ETP,FLEX,CH1468906669,ETF,EUR
21shares Flexible Crypto Index ETP,FLEX,CH1468906669,ETF,EUR
21Shares Future of Crypto Index ETP,FUTR,CH1382892102,ETF,EUR
21Shares Future of Crypto Index ETP,FUTR,CH1382892102,ETF,USD
21Shares Immutable ETP,AIMX,CH1360612142,ETF,EUR
21Shares Immutable ETP,AIMX,CH1360612142,ETF,USD
21Shares Injective Staking ETP,AINJ,CH1360612134,ETF,EUR
21Shares Injective Staking ETP,AINJ,CH1360612134,ETF,USD
21Shares Lido DAO ETP,LIDO,CH1275043318,ETF,EUR
21Shares Lido DAO ETP,LIDO,CH1275043318,ETF,USD
21Shares NEAR Protocol Staking ETP,NEAR,CH1162108893,ETF,EUR
21Shares Ondo ETP,ONDO,CH1396389921,ETF,EUR
21Shares Optimism ETP,AOPT,CH1304867455,ETF,EUR
21Shares Polkadot ETP,PDOT,CH0593331561,ETF,EUR
21Shares Polkadot ETP,ADOT,CH0593331561,ETF,USD
21Shares Polkadot ETP,ADOT,CH0593331561,ETF,EUR
21Shares Polygon ETP,PLY,CH1129538448,ETF,EUR
21Shares Polygon ETP,MATIC,CH1129538448,ETF,EUR
21Shares Polygon ETP,CH1129538448,CH1129538448,ETF,USD
21Shares Solana Staking ETP,ASOL,CH1114873776,ETF,EUR
21Shares Solana Staking ETP,ASOL,CH1114873776,ETF,USD
21Shares Solana Staking ETP,ASOL,CH1114873776,ETF,EUR
21Shares Solana Staking ETP,21XL,CH1114873776,ETF,EUR
21Shares Stacks Staking ETP,ASTX,CH1258969042,ETF,EUR
21Shares Stacks Staking ETP,ASTX,CH1258969042,ETF,USD
21Shares Staking Basket Index ETP,2SKF,CH1210548892,ETF,USD
21Shares Stellar ETP,XLME,CH1109575535,ETF,EUR
21Shares Stellar ETP,XLME,CH1109575535,ETF,EUR
21Shares Stellar ETP,AXLM,CH1109575535,ETF,USD
21Shares Stellar ETP,AXLM,CH1109575535,ETF,EUR
21Shares Sui Staking ETP,ASUI,CH1360612159,ETF,USD
21Shares Sui Staking ETP,ASUI,CH1360612159,ETF,EUR
Leverage Shares 3x Long China ETP Securities ,3CIN,XS2472196414,ETF,EUR
Leverage Shares 3x Long China Tech,3KWE,XS2800709128,ETF,EUR
Leverage Shares 3x Long China Tech,3KWB,XS2800709128,ETF,EUR
Leverage Shares 3x Long China Tech,KWE3,XS2800709128,ETF,USD
Leverage Shares 3x Long Coinbase,CON3,XS2399367254,ETF,USD
Leverage Shares 3x Long Coinbase,3COI,XS2399367254,ETF,EUR
Leverage Shares 3x Long Ferrari,RAC3,XS2595673190,ETF,USD
Leverage Shares 3x Long India,3IND,XS2595675302,ETF,EUR
Leverage Shares 3x Long Oil & Gas,3XEE,XS2399370555,ETF,EUR
Leverage Shares 3x Long PayPal,PPA3,XS2663695067,ETF,EUR
Leverage Shares 3x Long PayPal,3PYP,XS2663695067,ETF,EUR
Leverage Shares 3x Long Semiconductors,3SMH,XS2399367502,ETF,EUR
Leverage Shares 3x Long Semiconductors,SMH3,XS2399367502,ETF,USD
Leverage Shares 3x Long Semiconductors,3SIC,XS2399367502,ETF,EUR
Leverage Shares 3X LONG TAIWAN,TAI3,XS2472196687,ETF,EUR
Leverage Shares 3X LONG TAIWAN,TAI3,XS2472196687,ETF,USD
Leverage Shares 3x Long TSM,TS3E,XS2399365043,ETF,EUR
Leverage Shares 3x Long TSM,TSM3,XS2399365043,ETF,USD
Leverage Shares 3x Long TSM,3TSM,XS2399365043,ETF,EUR
Leverage Shares 3x Meta,3FB,IE00BK5C1B80,ETF,EUR
Leverage Shares 3x Meta,3FB,IE00BK5C1B80,ETF,GBX
Leverage Shares 3x Microsoft,3MSF,IE00BK5BZV36,ETF,EUR
Leverage Shares 3x Netflix ETP,XS2675739135,XS2675739135,ETF,EUR
Leverage Shares 3x Palantir ETP,3PLT,XS2663694680,ETF,EUR
Leverage Shares 3x Palantir ETP,PLT3,XS2663694680,ETF,EUR
Leverage Shares 3x Palantir ETP,PLT3,XS2663694680,ETF,USD
Leverage Shares 3x Short Meta,FB3S,XS2800709557,ETF,USD
Leverage Shares 3X SOUTH KOREA,KOR3,XS2472196257,ETF,EUR
Leverage Shares 3X SOUTH KOREA,KOR3,XS2472196257,ETF,USD
Leverage Shares 3x Tesla,3TSL,XS2757381400,ETF,EUR
Leverage Shares 3x Tesla,TSL3,XS2757381400,ETF,USD
Leverage Shares 3Xlong Microstrategy,3MST,XS2901882618,ETF,EUR
Leverage Shares 3Xlong Microstrategy,MST3,XS2901882618,ETF,USD
Leverage Shares 4x Long Semiconduct ETP,SOX4G,XS2779861082,ETF,EUR
Leverage Shares 4x Long Semiconductors,SOX4,XS2779861082,ETF,GBX
Leverage Shares 4x Long Semiconductors,SOXL,XS2779861082,ETF,USD
Leverage Shares 5x Long 20+ Year Treasury Bond ETP,TLT5,XS2595672036,ETF,EUR
Leverage Shares 5x Long 20+ Year Treasury Bond ETP,TLT5,XS2595672036,ETF,USD
Leverage Shares 5x Long 20+ Year Treasury Bond ETP,TLT5,XS2595672036,ETF,EUR
Leverage Shares 5x Long 7-10 Year Treasury Bond ETP,IFE5,XS2595671814,ETF,EUR
Leverage Shares 5x Long Magnificent 7,5MAG,XS2779861249,ETF,EUR
Leverage Shares 5x Long Magnificent 7,MAG5,XS2779861249,ETF,GBX
Leverage Shares 5x Long Magnificent 7,MAG7,XS2779861249,ETF,USD
Leverage Shares 5x Long TIPS Inflation Protected US Bond,TIB5,XS2595670501,ETF,USD
Leverage Shares 5x Long TIPS Inflation Protected US Bond,TIP5,XS2595670501,ETF,EUR
Leverage Shares 5x Long US 500 (SPY),5SPE,XS2399364582,ETF,EUR
Leverage Shares 5x Long US 500 (SPY),5SPY,XS2399364582,ETF,EUR
Leverage Shares 5x Long US Tech 100 (QQQ),QQQ5,XS2399364152,ETF,EUR
Leverage Shares 5x Long US Tech 100 (QQQ),5QQQ,XS2399364152,ETF,EUR
Leverage Shares ARK Genomic Revolution Tracker ETP Securities,1ARKG,XS2399368062,ETF,EUR
Wisdomtree Physical Crypto Mega Equity Weight ETP,WMEG,GB00BMTP1733,ETF,EUR
Wisdomtree Physical Crypto Mega Equity Weight ETP,GB00BMTP1733,GB00BMTP1733,ETF,USD
Wisdomtree Physical Crypto Mega Equity Weight ETP,WMEG,GB00BMTP1733,ETF,EUR
WisdomTree Physical Ethereum Securities ETP,WETH,GB00BJYDH394,ETF,EUR
WisdomTree Physical Ethereum Securities ETP,WETH,GB00BJYDH394,ETF,EUR
WisdomTree Physical Ethereum Securities ETP,WETH,GB00BJYDH394,ETF,EUR
WisdomTree Physical Ethereum Securities ETP,ETHW,GB00BJYDH394,ETF,USD
WisdomTree Physical Gold - EUR Daily Hedged ETC,GBSE,JE00B8DFY052,ETF,EUR
WisdomTree Physical Gold - EUR Daily Hedged,GBSE,JE00B8DFY052,ETF,EUR
WisdomTree Physical Gold EUR Daily Hedged ETC,GBSE,JE00B8DFY052,ETF,EUR
WisdomTree Physical Gold - GBP Daily Hedged ETC,GBSP,JE00B7VG2M16,ETF,GBX
WisdomTree Physical Gold Individual Securities ETC,VZLD,JE00B1VS3770,ETF,EUR
WisdomTree Physical Gold Individual Securities ETC,PHAU,JE00B1VS3770,ETF,EUR
WisdomTree Physical Gold Individual Securities ETC,PHAU,JE00B1VS3770,ETF,USD
WisdomTree Physical Gold Individual Securities ETC,PHGP,JE00B1VS3770,ETF,GBX
WisdomTree Physical Gold Individual Securities ETC,PHAU,JE00B1VS3770,ETF,EUR
WisdomTree Physical Gold Individual Securities ETC,16IB,JE00B1VS3770,ETF,EUR
WisdomTree Physical Palladium ETC,VZLB,JE00B1VS3002,ETF,EUR
WisdomTree Physical Palladium ETC,PHPD,JE00B1VS3002,ETF,USD
WisdomTree Physical Palladium ETC,PHPD,JE00B1VS3002,ETF,EUR
WisdomTree Physical Palladium ETC,PHPD,JE00B1VS3002,ETF,EUR
WisdomTree Physical Palladium ETC,16IC,JE00B1VS3002,ETF,EUR
WisdomTree Physical Platinum ETC,VZLA,JE00B1VS2W53,ETF,EUR
WisdomTree Physical Platinum ETC,PHPT,JE00B1VS2W53,ETF,EUR
WisdomTree Physical Platinum ETC,PHPT,JE00B1VS2W53,ETF,EUR
WisdomTree Physical Platinum ETC,PHPT,JE00B1VS2W53,ETF,USD
WisdomTree Physical Platinum ETC,16ID,JE00B1VS2W53,ETF,EUR
WisdomTree Physical Platinum ETC,PPTX,JE00B1VS2W53,ETF,GBX
WisdomTree Physical Polkadot Securities ETP,XDOT,GB00BNGJ9H18,ETF,EUR
WisdomTree Physical Polkadot Securities ETP,WDOT,GB00BNGJ9H18,ETF,USD
WisdomTree Physical Polkadot Securities ETP,DOTW,GB00BNGJ9H18,ETF,EUR
WisdomTree Physical Precious Metals ETC,VZLE,JE00B1VS3W29,ETF,EUR
WisdomTree Physical Precious Metals ETC,PHPM,JE00B1VS3W29,ETF,EUR
WisdomTree Physical Precious Metals ETC,PHPM,JE00B1VS3W29,ETF,USD
WisdomTree Physical Precious Metals ETC,PHPM,JE00B1VS3W29,ETF,EUR
WisdomTree Physical Precious Metals ETC,PHPP,JE00B1VS3W29,ETF,GBX
WisdomTree Physical Precious Metals ETC,16IE,JE00B1VS3W29,ETF,EUR
WisdomTree Physical Silver Individual Securities ETC,VZLC,JE00B1VS3333,ETF,EUR
WisdomTree Physical Silver Individual Securities ETC,PHAG,JE00B1VS3333,ETF,USD
WisdomTree Physical Silver Individual Securities ETC,PHAG,JE00B1VS3333,ETF,EUR
WisdomTree Physical Silver Individual Securities ETC,PHAG,JE00B1VS3333,ETF,EUR
WisdomTree Physical Silver Individual Securities ETC,PHSP,JE00B1VS3333,ETF,GBX
WisdomTree Physical Silver Individual Securities ETC,16IA,JE00B1VS3333,ETF,EUR
WisdomTree Physical Solana Securities ETP,DSOL,GB00BNGJ9G01,ETF,EUR
WisdomTree Physical Solana Securities ETP,WSOL,GB00BNGJ9G01,ETF,USD
WisdomTree Physical Solana Securities ETP,SOLW,GB00BNGJ9G01,ETF,EUR
WisdomTree Physical Solana Securities ETP,DSOL,GB00BNGJ9G01,ETF,EUR
WisdomTree Physical Swiss Gold ETC,SGBS,JE00B588CD74,ETF,EUR
WisdomTree Physical Swiss Gold ETC,SGBS,JE00B588CD74,ETF,USD
WisdomTree Physical Swiss Gold ETC,SGBS,JE00B588CD74,ETF,EUR
iShares S&P 500 Info Technolg Sctr UCITS ETF USD A,QDVE,IE00B3WJKG14,ETF,EUR
iShares S&P 500 Info Technolg Sctr UCITS ETF USD A,IITU,IE00B3WJKG14,ETF,GBX
iShares S&P 500 Materials Sector UCITS ETF,2B7B,IE00B4MKCJ84,ETF,EUR
iShares S&P 500 Materials Sector UCITS ETF,IUMS,IE00B4MKCJ84,ETF,USD
iShares S&P 500 Materials Sector UCITS ETF,2B7B,IE00B4MKCJ84,ETF,EUR
iShares S&P 500 Materials Sector UCITS ETF,IMSU,IE00B4MKCJ84,ETF,GBX
iShares S&P 500 ParisAlign Climate UCITS ETF USD A,UPAB,IE00BMXC7V63,ETF,USD
iShares S&P 500 Scored and Screend UCITS ETF USD A,ESPX,IE000R9FA4A0,ETF,USD
iShares S&P 500 Scored and Screened UCITS EUR Hedged (Acc) ETF,CBUM,IE000CR7DJI8,ETF,EUR
iShares S&P 500 Scored and Screened UCITS EUR Hedged (Acc) ETF,CBUM,IE000CR7DJI8,ETF,EUR
iShares S&P 500 Swap UCITS ETF USD (Acc),I500,IE00BMTX1Y45,ETF,EUR
iShares S&P 500 Swap UCITS ETF USD (Acc),I500,IE00BMTX1Y45,ETF,USD
iShares S&P 500 Swap UCITS ETF USD (Acc),I500,IE00BMTX1Y45,ETF,EUR
iShares S&P 500 Swap UCITS ETF USD (Acc),I500,IE00BMTX1Y45,ETF,GBP
iShares S&P 500 Swap UCITS ETF USD (Acc),I500,IE00BMTX1Y45,ETF,USD
iShares S&P 500 Swap UCITS ETF USD (Dist),I50D,IE000D3BWBR2,ETF,USD
iShares S&P 500 Swap UCITS ETF USD (Dist),I50D,IE000D3BWBR2,ETF,GBP
iShares S&P 500 Top 20 UCITS ETF USD (Acc),IS20,IE000VA628D5,ETF,EUR
iShares S&P 500 Top 20 UCITS ETF USD (Acc),SP20,IE000VA628D5,ETF,USD
iShares S&P 500 Top 20 UCITS ETF USD (Acc),IS20,IE000VA628D5,ETF,EUR
iShares S&P 500 Top 20 UCITS ETF USD (Acc),SP20,IE000VA628D5,ETF,USD
iShares S&P 500 Utilities Sector UCITS ETF,2B7A,IE00B4KBBD01,ETF,EUR
iShares S&P 500 Utilities Sector UCITS ETF,IUSU,IE00B4KBBD01,ETF,GBX
iShares S&P 500 Utilities Sector UCITS ETF,IUUS,IE00B4KBBD01,ETF,USD
iShares S&P SmallCap 600 UCITS ETF USD (Dist),IUS3,IE00B2QWCY14,ETF,EUR
iShares S&P SmallCap 600 UCITS ETF USD (Dist),ISP6,IE00B2QWCY14,ETF,GBX
iShares S&P SmallCap 600 UCITS ETF USD (Dist),IDP6,IE00B2QWCY14,ETF,USD
iShares S&P SmallCap 600 UCITS ETF USD (Dist),IDP6,IE00B2QWCY14,ETF,USD
iShares S&P SmallCap 600 UCITS ETF USD (Dist),IUS3,IE00B2QWCY14,ETF,EUR
iShares S&P U.S. Banks UCITS USD (Acc) ETF,IUS2,IE00BD3V0B10,ETF,EUR
iShares S&P U.S. Banks UCITS USD (Acc) ETF,IUS2,IE00BD3V0B10,ETF,EUR
iShares S&P U.S. Banks UCITS USD (Acc) ETF,BNKS,IE00BD3V0B10,ETF,USD
iShares SLI UCITS (DE) ETF,EXI1,DE0005933964,ETF,EUR
iShares SLI UCITS (DE) ETF,EXI1,DE0005933964,ETF,EUR
iShares SLI UCITS (DE) ETF,0MLK,DE0005933964,ETF,EUR
iShares Smart City Infrastructure UCITS ETF USDAcc,AYEU,IE00BKTLJC87,ETF,EUR
iShares Smart City Infrastructure UCITS ETF USDAcc,CITY,IE00BKTLJC87,ETF,EUR
iShares Smart City Infrastructure UCITS ETF USDAcc,CITY,IE00BKTLJC87,ETF,USD
iShares Smart City Infrastructure UCITS ETF USDDis,CT2B,IE00BKTLJB70,ETF,USD
iShares SMIM  ETF (CH),CSSMIM,CH0019852802,ETF,CHF
iShares Spain Govt Bond UCITS EUR (Dist) ETF,IS0P,IE00B428Z604,ETF,EUR
iShares Spain Govt Bond UCITS EUR (Dist) ETF,IS0P,IE00B428Z604,ETF,EUR
iShares STOXX Europe 50 UCITS ETF EUR (Dist),EUN1,IE0008470928,ETF,EUR
iShares STOXX Europe 50 UCITS ETF EUR (Dist),EUN1,IE0008470928,ETF,EUR
iShares STOXX Europe 50 UCITS ETF EUR (Dist),EUN,IE0008470928,ETF,CHF
iShares STOXX Europe 50 UCITS ETF EUR (Dist),EUN,IE0008470928,ETF,GBX
iShares STOXX Europe 50 UCITS ETF EUR (Dist),EUN,IE0008470928,ETF,EUR
iShares STOXX Europe 600 Automobiles & Parts UCITS (DE) EUR (Acc) ETF,EXHG,DE000A2QP4A8,ETF,EUR
iShares STOXX Europe 600 Automobiles & Parts UCITS (DE) EUR (Acc) ETF,SAOT,DE000A2QP4A8,ETF,EUR
iShares STOXX Europe 600 Automobiles & Parts UCITS (DE) EUR (Dist) ETF,EXV5,DE000A0Q4R28,ETF,EUR
Amundi MSCI Robotics & AI UCITS ETF Acc,GOAI,LU1861132840,ETF,EUR
Amundi MSCI Robotics & AI UCITS ETF Acc,GOAI,LU1861132840,ETF,EUR
Amundi MSCI Robotics & AI UCITS ETF Acc,GOAI,LU1861132840,ETF,EUR
Amundi MSCI Robotics & AI UCITS ETF Acc,GOAI,LU1861132840,ETF,EUR
Amundi MSCI Semiconductors UCITS ETF Acc,LTWN,LU1900066033,ETF,EUR
Amundi MSCI Semiconductors UCITS ETF Acc,CHIP,LU1900066033,ETF,EUR
Amundi MSCI Semiconductors UCITS ETF Acc,LTWN,LU1900066033,ETF,EUR
Amundi MSCI Semiconductors UCITS ETF Acc,CHIP,LU1900066033,ETF,EUR
Amundi MSCI Semiconductors UCITS ETF Dist,SEMD,LU2090063327,ETF,CHF
Amundi MSCI Smart Cities UCITS ETF ACC,AMEC,LU2037748345,ETF,EUR
Amundi MSCI Smart Cities UCITS ETF ACC,LU2037748345,LU2037748345,ETF,USD
Amundi MSCI Smart Cities UCITS ETF ACC,SCITY,LU2037748345,ETF,EUR
Amundi MSCI Smart Mobility UCITS ETF A,ELCR,LU2023679090,ETF,EUR
Amundi MSCI Smart Mobility UCITS ETF A,ELCR,LU2023679090,ETF,EUR
Amundi MSCI Smart Mobility UCITS ETF A,ELCR,LU2023679090,ETF,CHF
Amundi MSCI Smart Mobility UCITS ETF A,ELCR,LU2023679090,ETF,EUR
Amundi MSCI Smart Mobility UCITS ETF A,ELCR,LU2023679090,ETF,EUR
Amundi MSCI Switzerland UCITS ETF - CHF (C),CSWC ,LU1681044993,ETF,CHF
Amundi MSCI Switzerland UCITS ETF - EUR (C),540J,LU1681044720,ETF,EUR
Amundi MSCI Switzerland UCITS ETF - EUR (C),CSW,LU1681044720,ETF,EUR
Amundi MSCI Switzerland UCITS ETF - EUR (C),CSW ,LU1681044720,ETF,EUR
Amundi MSCI Turkey UCITS ETF Acc,LTUR,LU1900067601,ETF,EUR
Amundi MSCI Turkey UCITS ETF Acc,TUR ,LU1900067601,ETF,EUR
Amundi MSCI Turkey UCITS ETF Acc,LTUR,LU1900067601,ETF,EUR
Amundi MSCI UK IMI SRI ClParAlgnd UCITS ETF DREURA,C1U,LU1437025023,ETF,EUR
Amundi MSCI UK IMI SRI ClParAlgnd UCITS ETF DRGBPA,LU1437025296,LU1437025296,ETF,GBP
Amundi MSCI USA Daily (-1x) Inverse UCITS ETF Acc,VOON,LU1327051279,ETF,EUR
Amundi MSCI USA Daily (-1x) Inverse UCITS ETF Acc,DSP5,LU1327051279,ETF,EUR
Amundi MSCI USA Daily (-1x) Inverse UCITS ETF Acc,VOON,LU1327051279,ETF,EUR
Amundi MSCI USA Daily (2x) Leveraged UCITS ETF Acc,18MF,FR0010755611,ETF,EUR
Amundi MSCI USA Daily (2x) Leveraged UCITS ETF Acc,CL2,FR0010755611,ETF,EUR
Amundi MSCI USA Daily (2x) Leveraged UCITS ETF Acc,18MF,FR0010755611,ETF,EUR
Amundi MSCI USA Daily (2x) Leveraged UCITS ETF Acc,CL2,FR0010755611,ETF,EUR
Amundi MSCI USA ESG Broad Transition UCITS ETF Acc ETF,IE0006IP4XZ8,IE0006IP4XZ8,ETF,EUR
Amundi MSCI USA ESG Broad Transition UCITS ETF Dist,USA ,IE000QQ8Z0D8,ETF,EUR
Amundi MSCI USA ESG Leaders Extra UCITS DR USD (D) ETF,LESU,IE0008TKP6O7,ETF,EUR
Amundi MSCI USA ESG Leaders Extra UCITS DR USD (D) ETF,UESG,IE0008TKP6O7,ETF,EUR
Amundi MSCI USA ESG Selection UCITS Acc ETF,IE000PEAJOT0,IE000PEAJOT0,ETF,USD
Amundi MSCI USA ESG Selection UCITS Acc EUR Hedged ETF,WEB0,IE000IP0UC52,ETF,EUR
Amundi MSCI USA Ex Mega Cap UCITS Acc ETF,XMGA,IE000XL4IXU1,ETF,EUR
Amundi MSCI USA Minimum Vol Factor - UCITS ETF (C),MIVU,LU1589349734,ETF,EUR
Amundi MSCI USA Minimum Vol Factor - UCITS ETF (C),LU1589349734,LU1589349734,ETF,USD
Amundi MSCI USA SRI Climate PA UCITS ETF EURH Acc,USRIH,IE0000U24AJ9,ETF,EUR
Amundi MSCI USA SRI Climate Paris Aligned UCITS Acc ETF,IE000R85HL30,IE000R85HL30,ETF,EUR
Amundi MSCI USA SRI Climate Paris Aligned UCITS Acc ETF,IE000R85HL30,IE000R85HL30,ETF,USD
Amundi MSCI Water UCITS ETF Acc,BUNB,FR0014002CH1,ETF,EUR
Amundi MSCI Water UCITS ETF Acc,WATC,FR0014002CH1,ETF,EUR
Amundi MSCI Water UCITS ETF Acc,WATC,FR0014002CH1,ETF,EUR
Amundi MSCI Water UCITS ETF Dist,WAT,FR0010527275,ETF,EUR
Amundi MSCI Water UCITS ETF Dist,LYM8,FR0010527275,ETF,EUR
Xtrackers MSCI World Momentum UCITS 1C ETF,XDEM,IE00BL25JP72,ETF,USD
Xtrackers MSCI World Quality ESG UCITS ETF,XWEQ,IE0003NQ0IY5,ETF,EUR
Xtrackers MSCI World Quality UCITS 1C ETF,XDEQ,IE00BL25JL35,ETF,EUR
Xtrackers MSCI World Quality UCITS 1C ETF,XDEQ,IE00BL25JL35,ETF,EUR
Xtrackers MSCI World Quality UCITS 1C ETF,XDEQ,IE00BL25JL35,ETF,GBX
Xtrackers MSCI World Quality UCITS 1C ETF,XDEQ,IE00BL25JL35,ETF,EUR
Xtrackers MSCI World Quality UCITS 1C ETF,XDEQ,IE00BL25JL35,ETF,USD
Xtrackers MSCI World Screened UCITS 1D ETF,XDWY,IE00BCHWNQ94,ETF,EUR
Xtrackers MSCI World Screened UCITS 1D ETF,XDWY,IE00BCHWNQ94,ETF,EUR
Xtrackers MSCI World Screened UCITS 1D ETF,XDWY,IE00BCHWNQ94,ETF,USD
Xtrackers MSCI World Small Cap UCITS 1C ETF,XSWC,IE000F354Q61,ETF,EUR
Xtrackers MSCI World Small Cap UCITS 1C ETF,XSWC,IE000F354Q61,ETF,EUR
Xtrackers MSCI World Small Cap UCITS 1D ETF,XSWS,IE000ISS8DB2,ETF,GBP
Xtrackers MSCI World Swap UCITS 1C ETF,DBXW,LU0274208692,ETF,EUR
Xtrackers MSCI World Swap UCITS 1C ETF,XMWO,LU0274208692,ETF,CHF
Xtrackers MSCI World Swap UCITS 1C ETF,XMWO,LU0274208692,ETF,EUR
Xtrackers MSCI World Swap UCITS 1C ETF,DBXW,LU0274208692,ETF,EUR
Xtrackers MSCI World Swap UCITS 1C ETF,XMWD,LU0274208692,ETF,USD
Xtrackers MSCI World Swap UCITS 4C EUR Hedged ETF,XWEH,LU0659579733,ETF,EUR
Xtrackers MSCI World Swap UCITS 4C EUR Hedged ETF,0DXT,LU0659579733,ETF,EUR
Xtrackers MSCI World Swap UCITS 4C EUR Hedged ETF,XWEH,LU0659579733,ETF,EUR
Xtrackers MSCI World Swap UCITS 4C EUR Hedged ETF,XWEH,LU0659579733,ETF,EUR
Xtrackers MSCI World UCITS 1C ETF,XDWD,IE00BJ0KDQ92,ETF,EUR
Xtrackers MSCI World UCITS 1C ETF,XDWD,IE00BJ0KDQ92,ETF,CHF
Xtrackers MSCI World UCITS 1C ETF,XDWD,IE00BJ0KDQ92,ETF,USD
Xtrackers MSCI World UCITS 1C ETF,XWLD,IE00BJ0KDQ92,ETF,GBX
Xtrackers MSCI World UCITS 1C ETF,XDWD,IE00BJ0KDQ92,ETF,EUR
Xtrackers MSCI World UCITS 1C ETF,XDWD,IE00BJ0KDQ92,ETF,EUR
Xtrackers MSCI World UCITS 1D ETF,XDWL,IE00BK1PV551,ETF,EUR
Xtrackers MSCI World UCITS 1D ETF,XDWL,IE00BK1PV551,ETF,USD
Xtrackers MSCI World UCITS 1D ETF,XDWL,IE00BK1PV551,ETF,EUR
Xtrackers MSCI World UCITS 1D ETF,XDWL,IE00BK1PV551,ETF,CHF
Xtrackers MSCI World Utilities UCITS 1C ETF,XDWU,IE00BM67HQ30,ETF,EUR
Xtrackers MSCI World Utilities UCITS 1C ETF,XDWU,IE00BM67HQ30,ETF,USD
Xtrackers MSCI World Utilities UCITS 1C ETF,XDWU,IE00BM67HQ30,ETF,EUR
Xtrackers MSCI World Utilities UCITS 1C ETF,XDWU,IE00BM67HQ30,ETF,EUR
Xtrackers MSCI World Value ESG UCITS ETF,XWEV,IE000LAUZQT6,ETF,EUR
Xtrackers MSCI World Value ESG UCITS ETF,XWEV,IE000LAUZQT6,ETF,EUR
Xtrackers MSCI World Value UCITS 1C ETF,XDEV,IE00BL25JM42,ETF,EUR
Xtrackers MSCI World Value UCITS 1C ETF,XDEV,IE00BL25JM42,ETF,USD
Xtrackers MSCI World Value UCITS 1C ETF,XDEV,IE00BL25JM42,ETF,EUR
Xtrackers MSCI World Value UCITS 1C ETF,XDEV,IE00BL25JM42,ETF,GBX
Xtrackers MSCI World Value UCITS 1C ETF,XDEV,IE00BL25JM42,ETF,EUR
Xtrackers Nasdaq-100 UCITS 1C ETF,XNAS,IE00BMFKG444,ETF,EUR
Xtrackers Nasdaq-100 UCITS 1C ETF,XNAS,IE00BMFKG444,ETF,EUR
Xtrackers Nasdaq-100 UCITS 1C ETF,XNAS,IE00BMFKG444,ETF,CHF
Xtrackers Nasdaq-100 UCITS 1C ETF,XNAS,IE00BMFKG444,ETF,EUR
Xtrackers Nifty 50 Swap UCITS 1C ETF,XNIF,LU0292109690,ETF,CHF
Xtrackers Nifty 50 Swap UCITS 1C ETF,XNIF,LU0292109690,ETF,EUR
Xtrackers Nifty 50 Swap UCITS 1C ETF,DBX7,LU0292109690,ETF,EUR
StSt SPDR MSCI Europe Com Services UCITS ETF,STT,IE00BKWQ0N82,ETF,EUR
StSt SPDR MSCI Europe Com Services UCITS ETF,SPYT,IE00BKWQ0N82,ETF,EUR
StSt SPDR MSCI Europe Com Services UCITS ETF,STTX,IE00BKWQ0N82,ETF,EUR
StSt SPDR MSCI Europe Com Services UCITS ETF,STTX,IE00BKWQ0N82,ETF,CHF
StSt SPDR MSCI Europe Consumer Dis UCITS ETF,SPYR,IE00BKWQ0C77,ETF,EUR
StSt SPDR MSCI Europe Consumer Dis UCITS ETF,SPYR,IE00BKWQ0C77,ETF,EUR
StSt SPDR MSCI Europe Consumer Dis UCITS ETF,CDIS,IE00BKWQ0C77,ETF,EUR
StSt SPDR MSCI Europe Consumer Dis UCITS ETF,STRX,IE00BKWQ0C77,ETF,EUR
StSt SPDR MSCI Europe Consumer Dis UCITS ETF,STRX,IE00BKWQ0C77,ETF,CHF
StSt SPDR MSCI Europe Consumer Dis UCITS ETF,STR,IE00BKWQ0C77,ETF,EUR
StSt SPDR MSCI Europe Consumer Staples UCITS ETF,SPYC,IE00BKWQ0D84,ETF,EUR
StSt SPDR MSCI Europe Consumer Staples UCITS ETF,CSTP,IE00BKWQ0D84,ETF,EUR
StSt SPDR MSCI Europe Consumer Staples UCITS ETF,SPYC,IE00BKWQ0D84,ETF,EUR
StSt SPDR MSCI Europe Consumer Staples UCITS ETF,STSX,IE00BKWQ0D84,ETF,EUR
StSt SPDR MSCI Europe Consumer Staples UCITS ETF,STSX,IE00BKWQ0D84,ETF,CHF
StSt SPDR MSCI Europe Consumer Staples UCITS ETF,STS,IE00BKWQ0D84,ETF,EUR
StSt SPDR MSCI Europe Energy UCITS ETF,STN,IE00BKWQ0F09,ETF,EUR
StSt SPDR MSCI Europe Energy UCITS ETF,STNX,IE00BKWQ0F09,ETF,EUR
StSt SPDR MSCI Europe Energy UCITS ETF,SPYN,IE00BKWQ0F09,ETF,EUR
StSt SPDR MSCI Europe Energy UCITS ETF,ENGY,IE00BKWQ0F09,ETF,EUR
StSt SPDR MSCI Europe Energy UCITS ETF,STNX,IE00BKWQ0F09,ETF,CHF
StSt SPDR MSCI Europe Financials UCITS ETF,SPYZ,IE00BKWQ0G16,ETF,EUR
StSt SPDR MSCI Europe Financials UCITS ETF,SPYZ,IE00BKWQ0G16,ETF,EUR
StSt SPDR MSCI Europe Financials UCITS ETF,STZX,IE00BKWQ0G16,ETF,EUR
StSt SPDR MSCI Europe Financials UCITS ETF,FNCL,IE00BKWQ0G16,ETF,EUR
StSt SPDR MSCI Europe Financials UCITS ETF,STZ,IE00BKWQ0G16,ETF,EUR
StSt SPDR MSCI Europe Financials UCITS ETF,STZX,IE00BKWQ0G16,ETF,CHF
StSt SPDR MSCI Europe Health Care UCITS ETF,SPYH,IE00BKWQ0H23,ETF,EUR
StSt SPDR MSCI Europe Health Care UCITS ETF,SPYH,IE00BKWQ0H23,ETF,EUR
StSt SPDR MSCI Europe Health Care UCITS ETF,STWX,IE00BKWQ0H23,ETF,EUR
StSt SPDR MSCI Europe Health Care UCITS ETF,HLTH,IE00BKWQ0H23,ETF,EUR
StSt SPDR MSCI Europe Health Care UCITS ETF,STWX,IE00BKWQ0H23,ETF,CHF
StSt SPDR MSCI Europe Health Care UCITS ETF,STW,IE00BKWQ0H23,ETF,EUR
StSt SPDR MSCI Europe Industrials UCITS ETF,NDUS,IE00BKWQ0J47,ETF,EUR
StSt SPDR MSCI Europe Industrials UCITS ETF,STQX,IE00BKWQ0J47,ETF,EUR
StSt SPDR MSCI Europe Industrials UCITS ETF,STQX,IE00BKWQ0J47,ETF,CHF
StSt SPDR MSCI Europe Materials UCITS ETF,SPYP,IE00BKWQ0L68,ETF,EUR
StSt SPDR MSCI Europe Materials UCITS ETF,MTRL,IE00BKWQ0L68,ETF,EUR
StSt SPDR MSCI Europe Materials UCITS ETF,STPX,IE00BKWQ0L68,ETF,EUR
StSt SPDR MSCI Europe Materials UCITS ETF,SPYP,IE00BKWQ0L68,ETF,EUR
StSt SPDR MSCI Europe Materials UCITS ETF,STPX,IE00BKWQ0L68,ETF,CHF
StSt SPDR MSCI Europe Materials UCITS ETF,STP,IE00BKWQ0L68,ETF,EUR
StSt SPDR MSCI Europe Sm Cp Val Weighted UCITS ETF,ZPRX,IE00BSPLC298,ETF,EUR
StSt SPDR MSCI Europe Sm Cp Val Weighted UCITS ETF,ZPRX,IE00BSPLC298,ETF,EUR
StSt SPDR MSCI Europe Small Cap UCITS ETF,SPYS,IE00BKWQ0M75,ETF,EUR
StSt SPDR MSCI Europe Small Cap UCITS ETF,SMCX,IE00BKWQ0M75,ETF,EUR
StSt SPDR MSCI Europe Small Cap UCITS ETF,SMCX,IE00BKWQ0M75,ETF,CHF
StSt SPDR MSCI Europe Small Cap UCITS ETF,SMC,IE00BKWQ0M75,ETF,EUR
StSt SPDR MSCI Europe Technology UCITS ETF,STKX,IE00BKWQ0K51,ETF,EUR
StSt SPDR MSCI Europe Technology UCITS ETF,SPYK,IE00BKWQ0K51,ETF,EUR
HSBC S&P 500 UCITS ETF USD,H4ZF,IE00B5KQNG97,ETF,EUR
HSBC S&P 500 UCITS ETF USD,HSPD,IE00B5KQNG97,ETF,USD
HSBC S&P 500 UCITS ETF USD,HSPX,IE00B5KQNG97,ETF,GBX
HSBC S&P 500 UCITS ETF USD,HSPD,IE00B5KQNG97,ETF,EUR
HSBC S&P 500 UCITS ETF USD,H419,IE00B5KQNG97,ETF,EUR
HSBC S&P 500 UCITS ETF USD Acc,H4ZN,IE000JZ473P7,ETF,EUR
HSBC S&P India Tech UCITS ETF EUR Acc,H41X,IE0008119MO8,ETF,EUR
HSBC S&P India Tech UCITS ETF EUR Acc,HITC,IE0008119MO8,ETF,GBP
HSBC S&P India Tech UCITS ETF EUR Acc,HITD,IE0008119MO8,ETF,USD
HSBC S&P India Tech UCITS ETF EUR Acc,HITC,IE0008119MO8,ETF,EUR
HSBC Sust Development Bank Bonds UCITS ETF ETFC,HDBA,IE000L6BRPZ8,ETF,USD
iMGP DBi Managed Futures R EUR ETF,DBMFE,LU2951555403,ETF,EUR
Incomeshares 20 Tlt Options Etp,TLTY,XS3068771271,ETF,EUR
Incomeshares 20 Tlt Options Etp,TLTY,XS3068771271,ETF,USD
Incomeshares 20 Tlt Options Etp,TLTY,XS3068771271,ETF,EUR
Incomeshares Alibaba Options Etp,BABY,XS3068774887,ETF,USD
Incomeshares Alibaba Options Etp,BABY,XS3068774887,ETF,EUR
Incomeshares Alphabet Options ETP,GOOI,XS2901885041,ETF,USD
Incomeshares Alphabet Options ETP,IGOG,XS2901885041,ETF,EUR
Incomeshares Amazon Options ETP,OAMZ,XS2901884408,ETF,EUR
Incomeshares Amazon Options ETP,AMZI,XS2901884408,ETF,USD
Incomeshares Amd Options Etp,YAMD,XS3068775694,ETF,USD
Incomeshares Amd Options Etp,AMDY,XS3068775694,ETF,EUR
Incomeshares Apple Options ETP,AAPY,XS2901884663,ETF,USD
Incomeshares Apple Options ETP,AAPY,XS2901884663,ETF,EUR
Incomeshares Broadcom Options Etp,AVGY,XS3068776312,ETF,USD
Incomeshares Broadcom Options Etp,AVGY,XS3068776312,ETF,EUR
Incomeshares Coinbase Options ETP,COIY,XS2901886445,ETF,EUR
Incomeshares Coinbase Options ETP,COIY,XS2901886445,ETF,USD
Incomeshares Coinbase Options ETP,COIY,XS2901886445,ETF,EUR
Incomeshares Gold Yield ETP,YGLD,XS2852999775,ETF,EUR
Incomeshares Gold Yield ETP,YGLD,XS2852999775,ETF,EUR
Incomeshares Gold Yield ETP,GLDI,XS2852999775,ETF,EUR
Incomeshares Gold Yield ETP,GLDI,XS2852999775,ETF,USD
Incomeshares Magnificent 7 Options Etp,MAGO,XS3068761710,ETF,USD
Incomeshares Magnificent 7 Options Etp,MAGY,XS3068761710,ETF,EUR
Incomeshares Meta Options ETP,METY,XS2901885553,ETF,EUR
Incomeshares Meta Options ETP,METY,XS2901885553,ETF,USD
Incomeshares Microsoft Options,MSFY,XS2901886288,ETF,USD
Incomeshares Microstrategy Options Etp,MSTI,XS3068775264,ETF,EUR
Incomeshares Microstrategy Options Etp,YMST,XS3068775264,ETF,USD
Incomeshares Microstrategy Options Etp,MSTI,XS3068775264,ETF,EUR
Incomeshares Nasdaq 100 Options,QQQY,XS2875105608,ETF,EUR
Incomeshares Nasdaq 100 Options,QQQO,XS2875105608,ETF,GBX
Incomeshares Nasdaq 100 Options,QQQY,XS2875105608,ETF,USD
Incomeshares Nasdaq 100 Options,QQQY,XS2875105608,ETF,EUR
Incomeshares Nvidia Options ETP,NVDI,XS2852999692,ETF,USD
Incomeshares Nvidia Options ETP,ONVD,XS2852999692,ETF,EUR
Incomeshares Nvidia Options ETP,NVDI,XS2852999692,ETF,EUR
Incomeshares Palantir Options Etp,PLTY,XS3068775009,ETF,USD
iShares Aggregate Bond ESG SRI UCITS ETF,CBU2,IE000CR3ZDF9,ETF,EUR
iShares Agribusiness UCITS ETF USD (Acc),ISAE,IE00B6R52143,ETF,EUR
iShares Agribusiness UCITS ETF USD (Acc),ISAG,IE00B6R52143,ETF,USD
iShares Agribusiness UCITS ETF USD (Acc),SPAG,IE00B6R52143,ETF,GBX
iShares Agribusiness UCITS ETF USD (Acc),ISAG,IE00B6R52143,ETF,EUR
iShares AI Adopters & Applications UCITS ETF USD (Acc),AIAA,IE000Q9W2IR3,ETF,EUR
iShares AI Adopters & Applications UCITS ETF USD (Acc),AIAA,IE000Q9W2IR3,ETF,USD
iShares AI Adopters & Applications UCITS ETF USD (Acc),AIAA,IE000Q9W2IR3,ETF,EUR
iShares AI Infrastructure UCITS ETF USD (Acc),AIFS,IE000X59ZHE2,ETF,EUR
iShares AI Innovation Active UCITS ETF USD (Acc),IART,IE000G0E83X3,ETF,EUR
iShares Asia ex Japn Eqty Enh Actv UCITS ETF USD A,AZEH,IE000D5R9C23,ETF,EUR
iShares Asia ex Japn Eqty Enh Actv UCITS ETF USD A,AXEE,IE000D5R9C23,ETF,GBP
iShares Asia ex Japn Eqty Enh Actv UCITS ETF USD A,AZEH,IE000D5R9C23,ETF,EUR
iShares Asia ex Japn Eqty Enh Actv UCITS ETF USD A,AXEE,IE000D5R9C23,ETF,USD
iShares Asia Pacific Dividend UCITS ETF USD (Dist),IQQX,IE00B14X4T88,ETF,EUR
iShares Asia Pacific Dividend UCITS ETF USD (Dist),IAPD,IE00B14X4T88,ETF,EUR
iShares Asia Pacific Dividend UCITS ETF USD (Dist),IAPD,IE00B14X4T88,ETF,GBX
iShares Asia Pacific Dividend UCITS ETF USD (Dist),IDAP,IE00B14X4T88,ETF,USD
iShares Asia Pacific Dividend UCITS ETF USD (Dist),IQQX,IE00B14X4T88,ETF,EUR
iShares Asia Pacific Dividend UCITS ETF USD (Dist),IAPD,IE00B14X4T88,ETF,USD
iShares Asia Property Yield UCITS ETF USD Dist,IQQ4,IE00B1FZS244,ETF,EUR
iShares Asia Property Yield UCITS ETF USD Dist,IQQ4,IE00B1FZS244,ETF,EUR
iShares Asia Property Yield UCITS ETF USD Dist,IASP,IE00B1FZS244,ETF,EUR
iShares Asia Property Yield UCITS ETF USD Dist,IASP,IE00B1FZS244,ETF,GBX
iShares Asia Property Yield UCITS ETF USD Dist,IASP,IE00B1FZS244,ETF,EUR
iShares Asia Property Yield UCITS ETF USD Dist,IDAR,IE00B1FZS244,ETF,USD
iShares Asia Property Yield UCITS ETF USD Dist,IASP,IE00B1FZS244,ETF,USD
iShares Asia Property Yield UCITS USD (Acc) ETF,AYEP,IE00BGDPWV87,ETF,EUR
iShares ATX UCITS (DE) ETF,EXXX,DE000A0D8Q23,ETF,EUR
iShares ATX UCITS (DE) ETF,EXXX,DE000A0D8Q23,ETF,EUR
iShares ATX UCITS (DE) ETF,0MM7,DE000A0D8Q23,ETF,EUR
iShares Automation & Robotics UCITS ETF USD A,2B76,IE00BYZK4552,ETF,EUR
iShares Automation & Robotics UCITS ETF USD A,RBOT,IE00BYZK4552,ETF,EUR
iShares Automation & Robotics UCITS ETF USD A,RBOT,IE00BYZK4552,ETF,USD
iShares Automation & Robotics UCITS ETF USD A,RBOE,IE00BYZK4552,ETF,EUR
iShares Automation & Robotics UCITS ETF USD A,RBOT,IE00BYZK4552,ETF,USD
iShares Automation & Robotics UCITS ETF USD A,2B76,IE00BYZK4552,ETF,EUR
iShares Automation & Robotics UCITS ETF USD D,2B7F,IE00BYWZ0333,ETF,EUR
iShares Automation & Robotics UCITS ETF USD D,2B7F,IE00BYWZ0333,ETF,EUR
iShares BIC 50 UCITS ETF,IQQ9,IE00B1W57M07,ETF,EUR
iShares BIC 50 UCITS ETF,IQQ9,IE00B1W57M07,ETF,EUR
iShares BIC 50 UCITS ETF,BR50,IE00B1W57M07,ETF,EUR
iShares BIC 50 UCITS ETF,BRIC,IE00B1W57M07,ETF,GBX
iShares BIC 50 UCITS ETF,BRIC,IE00B1W57M07,ETF,EUR
iShares BIC 50 UCITS ETF,DBRC,IE00B1W57M07,ETF,USD
iShares Bitcoin ETP,IB1T,XS2940466316,ETF,EUR
iShares Blockchain Technology UCITS ETF (Acc),CBUT,IE000RDRMSD1,ETF,EUR
iShares Blockchain Technology UCITS ETF (Acc),BLKC,IE000RDRMSD1,ETF,USD
iShares Bloomberg RS Commodity Swap UCITS USD Acc,ROLG,IE00BZ1NCS44,ETF,GBP
iShares Broad $ High Yield Corp Bd UCITS ETF USD D,UDHY,IE00BG0J4957,ETF,EUR
UBS MSCI China Universal UCITS USD dis ETF,UETC,LU1953188833,ETF,EUR
UBS MSCI China Universal UCITS USD dis ETF,UETC,LU1953188833,ETF,EUR
UBS MSCI EM Cl Paris Aligned UCITS ETF USD acc,AW12,IE00BN4Q1675,ETF,EUR
UBS MSCI EM ex China SR UCITS ETF USD acc,AW1J,IE00BNC0MH93,ETF,EUR
UBS MSCI EM ex China SR UCITS ETF USD acc,EMXCNS,IE00BNC0MH93,ETF,USD
UBS MSCI EM ex China SR UCITS ETF USD acc,AW1J,IE00BNC0MH93,ETF,EUR
UBS MSCI EM SF UCITS ETF USD acc,EGUSAS,IE00B3Z3FS74,ETF,USD
UBS MSCI EM SF UCITS ETF USD acc,EMGEA,IE00B3Z3FS74,ETF,EUR
UBS MSCI EM Socially Responsible UCITS USD acc ETF,UETE,LU1048313974,ETF,EUR
UBS MSCI EM Socially Responsible UCITS USD acc ETF,UETE,LU1048313974,ETF,EUR
UBS MSCI EM Socially Responsible UCITS USD acc ETF,MSRUSB,LU1048313974,ETF,USD
UBS MSCI EM Socially Responsible UCITS USD dis ETF,UEF5,LU1048313891,ETF,EUR
UBS MSCI EM Socially Responsible UCITS USD dis ETF,MSRUS,LU1048313891,ETF,EUR
UBS MSCI EM Socially Responsible UCITS USD dis ETF,MSRUSA,LU1048313891,ETF,CHF
UBS MSCI EM Socially Responsible UCITS USD dis ETF,MSRUSA,LU1048313891,ETF,USD
UBS MSCI EM Socially Responsible UCITS USD dis ETF,UC79,LU1048313891,ETF,GBX
UBS MSCI EM Socially Responsible UCITS USD dis ETF,UEF5,LU1048313891,ETF,EUR
UBS MSCI EM Socially Responsible UCITS USD dis ETF,UEF5,LU1048313891,ETF,EUR
UBS MSCI EMU Select Factor Mix UCITS EUR acc ETF,UIQN,LU1804202403,ETF,EUR
UBS MSCI EMU Select Factor Mix UCITS EUR acc ETF,EUFM,LU1804202403,ETF,EUR
UBS MSCI EMU Small Cap UCITS EUR dis ETF,UEFD,LU0671493277,ETF,EUR
UBS MSCI EMU Small Cap UCITS EUR dis ETF,UB69,LU0671493277,ETF,GBX
UBS MSCI EMU Small Cap UCITS EUR dis ETF,UEFD,LU0671493277,ETF,EUR
UBS MSCI EMU Small Cap UCITS EUR dis ETF,UEFD,LU0671493277,ETF,EUR
UBS MSCI EMU Socially Responsible UCITS ETF hCHFa,EUSRS,LU1273642816,ETF,CHF
UBS MSCI EMU Socially Responsible UCITS ETF hCHFd,EUSRT,LU1273642907,ETF,CHF
UBS MSCI EMU Socially Responsible UCITS ETF hUSDa,EUSRU,LU1280300770,ETF,USD
UBS MSCI EMU Socially Responsible UCITS EUR dis ETF,UIMR,LU0629460675,ETF,EUR
UBS MSCI EMU Socially Responsible UCITS EUR dis ETF,UB39,LU0629460675,ETF,GBX
UBS MSCI EMU Socially Responsible UCITS EUR dis ETF,ESREU,LU0629460675,ETF,EUR
UBS MSCI EMU Socially Responsible UCITS EUR dis ETF,ESREUA,LU0629460675,ETF,CHF
UBS MSCI EMU Socially Responsible UCITS EUR dis ETF,ESREUA,LU0629460675,ETF,EUR
UBS MSCI EMU Socially Responsible UCITS EUR dis ETF,UIMR,LU0629460675,ETF,EUR
UBS MSCI EMU Socially Responsible UCITS EUR dis ETF,UIMR,LU0629460675,ETF,EUR
UBS MSCI EMU Value UCITS ETF EUR dis,UIME,LU0446734369,ETF,EUR
UBS MSCI EMU Value UCITS ETF EUR dis,UB17,LU0446734369,ETF,GBX
UBS MSCI EMU Value UCITS ETF EUR dis,EMVEUA,LU0446734369,ETF,EUR
UBS MSCI EMU Value UCITS ETF EUR dis,EMVEU,LU0446734369,ETF,EUR
UBS MSCI EMU Value UCITS ETF EUR dis,UIME,LU0446734369,ETF,EUR
UBS MSCI EMU Value UCITS EUR acc ETF,AW1T,LU0950669845,ETF,EUR
UBS MSCI Europe Climate Paris Aligned UCITS EUR acc ETF,EURPA,IE00BN4Q0933,ETF,EUR
UBS MSCI Hong Kong UCITS ETF (HKD) A-dis,HKDU,LU1169827224,ETF,USD
UBS MSCI Hong Kong UCITS ETF (HKD) A-dis,HKDE,LU1169827224,ETF,EUR
UBS MSCI Japan Socially Responsible UCITS JPY dis ETF,FRCJ,LU1230561679,ETF,EUR
UBS MSCI Japan Socially Responsible UCITS JPY dis ETF,JPSR,LU1230561679,ETF,JPY
UBS MSCI Japan Socially Responsible UCITS JPY dis ETF,JPSR,LU1230561679,ETF,EUR
UBS MSCI Japan Socially Responsible UCITS JPY dis ETF,JPSR,LU1230561679,ETF,EUR
UBS MSCI Japan Socially Responsible UCITS JPY dis ETF,FRCJ,LU1230561679,ETF,EUR
UBS MSCI Japan Socially Responsible UCITS JPY dis ETF,JPSR,LU1230561679,ETF,GBX
UBS MSCI Jpn Soc Responsible UCITS ETF hEUR acc,JPSRE,LU1273488715,ETF,EUR
Xtrackers Artificial Intelligence & Big Data UCITS 1C ETF,XAIX,IE00BGV5VN51,ETF,EUR
Xtrackers Artificial Intelligence & Big Data UCITS 1C ETF,XAIX,IE00BGV5VN51,ETF,EUR
Xtrackers Artificial Intelligence & Big Data UCITS 1C ETF,XAIX,IE00BGV5VN51,ETF,GBP
Xtrackers Artificial Intelligence & Big Data UCITS 1C ETF,XAIX,IE00BGV5VN51,ETF,CHF
Xtrackers Blo Comm ex-Agricul Livest Swap 2C USD,XBCU,LU0460391732,ETF,USD
Xtrackers Blo Comm ex-Agricul Livest Swap 3C HGBP,XDBG,LU0460391906,ETF,GBX
Xtrackers Bloomberg Commodity ex-Agriculture & Livestock Swap UCITS 1C EUR Hedged ETF,DXSM,LU0292106167,ETF,EUR
Xtrackers Bloomberg Commodity ex-Agriculture & Livestock Swap UCITS 1C EUR Hedged ETF,XDBC,LU0292106167,ETF,EUR
Xtrackers Bloomberg Commodity ex-Agriculture & Livestock Swap UCITS 1C EUR Hedged ETF,DXSM,LU0292106167,ETF,EUR
Xtrackers Bloomberg Commodity ex-Agriculture & Livestock Swap UCITS 1C EUR Hedged ETF,0MUS,LU0292106167,ETF,EUR
Xtrackers Bloomberg Commodity Swap UCITS 2C EUR Hedged ETF,DBZN,LU0429790743,ETF,EUR
Xtrackers Bloomberg Commodity Swap UCITS 2C EUR Hedged ETF,DBZN,LU0429790743,ETF,EUR
Xtrackers CAC 40 UCITS 1D ETF,DX2G,LU0322250985,ETF,EUR
Xtrackers CAC 40 UCITS 1D ETF,0DO6,LU0322250985,ETF,EUR
Xtrackers CAC 40 UCITS 1D ETF,DX2G,LU0322250985,ETF,EUR
Xtrackers CSI300 Swap UCITS 1C ETF,XCHA,LU0779800910,ETF,EUR
Xtrackers CSI300 Swap UCITS 1C ETF,XCHA,LU0779800910,ETF,EUR
Xtrackers CSI300 Swap UCITS 1C ETF,XCHA,LU0779800910,ETF,EUR
Xtrackers CSI500 Swap UCITS 1C ETF,XCSI,LU2788421340,ETF,EUR
Xtrackers CSI500 Swap UCITS 1C ETF,XCSI,LU2788421340,ETF,USD
Xtrackers DAX ESG Screened UCITS ETF,XDDX,LU0838782315,ETF,EUR
Xtrackers DAX ESG Screened UCITS ETF,XDDX,LU0838782315,ETF,GBX
Xtrackers DAX ESG Screened UCITS ETF,XDDX,LU0838782315,ETF,EUR
Xtrackers DAX ESG Screened UCITS ETF 2C USD hedged,XDUD,LU1221100792,ETF,USD
Xtrackers DAX ESG Screened UCITS ETF 4C CHF hedged,XDCH,LU1221102491,ETF,CHF
Xtrackers DAX UCITS 1C ETF,DBXD,LU0274211480,ETF,EUR
Xtrackers DAX UCITS 1C ETF,XDAX,LU0274211480,ETF,EUR
Xtrackers DAX UCITS 1C ETF,XDAX,LU0274211480,ETF,CHF
Xtrackers DAX UCITS 1C ETF,XDAX,LU0274211480,ETF,GBX
Xtrackers DAX UCITS 1C ETF,DBXD,LU0274211480,ETF,EUR
Xtrackers DAX UCITS 1C ETF,OXDA,LU0274211480,ETF,CHF
Xtrackers Developed Green Real Estate ESG UCITS 1C ETF,XDRE,IE00BN2BCY94,ETF,EUR
Xtrackers ESG EUR High Yield Corporate Bond UCITS 1C ETF,XZHE,IE0006GNB732,ETF,EUR
Xtrackers ESG EUR High Yield Corporate Bond UCITS 1C ETF,XZHE,IE0006GNB732,ETF,EUR
Xtrackers ESG USD Emerging Markets Bond Quality Weighted UCITS 1D ETF,XQUA,IE00BD4DX952,ETF,EUR
Xtrackers ESG USD Emerging Markets Bond Quality Weighted UCITS 1D ETF,XQUA,IE00BD4DX952,ETF,EUR
Xtrackers ESG USD Emerging Markets Bond Quality Weighted UCITS 1D ETF,XQUA,IE00BD4DX952,ETF,USD
Xtrackers ESG USD Emerging Markets Bond Quality Weighted UCITS 1D ETF,XQUA,IE00BD4DX952,ETF,EUR
Xtrackers ESG USD Emerging Markets Bond Quality Weighted UCITS 2D EUR Hedged ETF,XQUE,IE00BD4DXB77,ETF,EUR
Xtrackers ESG USD Emerging Markets Bond Quality Weighted UCITS 2D EUR Hedged ETF,XQUE,IE00BD4DXB77,ETF,EUR
Xtrackers Euro Biodiversity Focus SRI UCITS ETF 1C Acc,XBEE,IE000VMAR5O6,ETF,EUR
Xtrackers EURO STOXX 50 Short Daily Swap UCITS 1C ETF,DXSP,LU0292106753,ETF,EUR
Xtrackers EURO STOXX 50 Short Daily Swap UCITS 1C ETF,DXSP,LU0292106753,ETF,EUR
Xtrackers EURO STOXX 50 Short Daily Swap UCITS 1C ETF,XSSX,LU0292106753,ETF,GBX
Xtrackers EURO STOXX 50 Short Daily Swap UCITS 1C ETF,XSSX,LU0292106753,ETF,EUR
Xtrackers EURO STOXX 50 UCITS 1C ETF,DXET,LU0380865021,ETF,EUR
Xtrackers EURO STOXX 50 UCITS 1C ETF,XESC,LU0380865021,ETF,EUR
Xtrackers EURO STOXX 50 UCITS 1C ETF,XESC,LU0380865021,ETF,CHF
Xtrackers EURO STOXX 50 UCITS 1C ETF,DXET,LU0380865021,ETF,EUR
Xtrackers EURO STOXX 50 UCITS 1C ETF,XESC,LU0380865021,ETF,GBX
WisdomTree US Quality Growth UCITS - USD Acc ETF,QGRW,IE000YGEAK03,ETF,EUR
WisdomTree US Quality Growth UCITS - USD Acc ETF,QGRW,IE000YGEAK03,ETF,USD
WisdomTree US Quality Growth UCITS - USD Acc ETF,QGRW,IE000YGEAK03,ETF,EUR
Wisdomtree Us Treasuries 10Y 3X Daily Le,3TYL,IE00BKT09032,ETF,EUR
Wisdomtree Us Treasuries 10Y 3X Daily Le,3TYL,IE00BKT09032,ETF,GBX
Wisdomtree Us Treasuries 10Y 3X Daily Sh,0LJ3,IE00BKS8QT65,ETF,EUR
Wisdomtree Us Treasuries 30Y 3X Daily Sh,UL3S,IE00BF4TW784,ETF,EUR
WisdomTree US Value UCITS ETF USD (Acc),VYUS,IE000F9AQNW6,ETF,EUR
WisdomTree USD Float Rate Tr Bd UCITS ETF USD Acc,TFRN,IE00BJJYYX67,ETF,USD
WisdomTree USD Float Rate Trea Bond UCITS ETF USD,USFR,IE00BJFN5P63,ETF,USD
WisdomTree Wheat - EUR Daily Hedged ETC,00XS,JE00B78NNK09,ETF,EUR
WisdomTree Wheat - EUR Daily Hedged ETC,EWAT,JE00B78NNK09,ETF,EUR
WisdomTree Wheat EUR Daily Hedged ETC,00XH,JE00B78NNK09,ETF,EUR
WisdomTree Wheat 3x Daily Leveraged ETC,0LK6,JE00BYQY8102,ETF,EUR
WisdomTree Wheat 3x Daily Leveraged ETC,3WHL,JE00BYQY8102,ETF,EUR
WisdomTree Wheat 3x Daily Leveraged ETC,3WHL,JE00BYQY8102,ETF,USD
Wisdomtree Wheat ETC,OD7S,JE00BN7KB664,ETF,EUR
Wisdomtree Wheat ETC,OD7S,JE00BN7KB664,ETF,EUR
Wisdomtree Wheat ETC,WEAT,JE00BN7KB664,ETF,USD
Wisdomtree Wheat ETC,WEATP,JE00BN7KB664,ETF,EUR
Wisdomtree Wheat ETC,WEAT,JE00BN7KB664,ETF,EUR
Wisdomtree Wheat Leveraged ETC,4RUJ,JE00BDD9QC84,ETF,EUR
Wisdomtree Wheat Leveraged ETC,4RUJ,JE00BDD9QC84,ETF,EUR
Wisdomtree Wheat Leveraged ETC,LWEA,JE00BDD9QC84,ETF,EUR
Wisdomtree Wheat Leveraged ETC,LWEA,JE00BDD9QC84,ETF,USD
WisdomTree WTI Crude Oil - EUR Daily Hedged ETC,00XM,JE00B44F1611,ETF,EUR
WisdomTree WTI Crude Oil - EUR Daily Hedged ETC,00XC,JE00B44F1611,ETF,EUR
WisdomTree WTI Crude Oil - EUR Daily Hedged ETC,ECRD,JE00B44F1611,ETF,EUR
Wisdomtree Wti Crude Oil 3X Daily Lev,3WTI,IE00BMTM6B32,ETF,EUR
Wisdomtree Wti Crude Oil 3X Daily Lev,3OIL,IE00BMTM6B32,ETF,USD
Wisdomtree Wti Crude Oil 3X Daily Lev,3OIL,IE00BMTM6B32,ETF,EUR
WisdomTree WTI Crude Oil 3x Daily Short,3SOI,XS2819844387,ETF,EUR
WisdomTree WTI Crude Oil 3x Daily Short,3SOIG,XS2819844387,ETF,EUR
WisdomTree WTI Crude Oil 3x Daily Short,3OIS,XS2819844387,ETF,EUR
WisdomTree WTI Crude Oil 3x Daily Short,3OIS,XS2819844387,ETF,USD
WisdomTree WTI Crude Oil ETC,OD7F,GB00B15KXV33,ETF,EUR
WisdomTree WTI Crude Oil ETC,CRUD,GB00B15KXV33,ETF,EUR
WisdomTree WTI Crude Oil ETC,0FHA,GB00B15KXV33,ETF,EUR
WisdomTree WTI Crude Oil ETC,CRUD,GB00B15KXV33,ETF,USD
WisdomTree WTI Crude Oil ETC,CRUDP,GB00B15KXV33,ETF,EUR
WisdomTree WTI Crude Oil ETC,4RT6,JE00BDD9Q840,ETF,EUR
WisdomTree WTI Crude Oil ETC,OOEM,JE00BDD9Q840,ETF,EUR
WisdomTree WTI Crude Oil ETC,LOIL,JE00BDD9Q840,ETF,USD
WisdomTree WTI Crude Oil ETC,LOIL,JE00BDD9Q840,ETF,EUR
WisdomTree Wti Crude Oil GBP Daily Hed,PCRD,JE00B6RV6N28,ETF,GBX
WisdomTree Zinc - EUR Daily Hedged ETC,EZNC,JE00B78NNM23,ETF,EUR
Wisdomtree Zinc ETC,OD7T,GB00B15KY872,ETF,EUR
Wisdomtree Zinc ETC,ZINC,GB00B15KY872,ETF,EUR
Wisdomtree Zinc ETC,ZINC,GB00B15KY872,ETF,USD
Xtrackers Artificial Intelligence & Big Data UCITS 1C ETF,XAIX,IE00BGV5VN51,ETF,EUR
iShares $ Treasury Bd 7-10y UCITS ETF USD Dist,IUSM,IE00B1FZS798,ETF,EUR
iShares $ Treasury Bd 7-10y UCITS ETF USD Dist,IBTM,IE00B1FZS798,ETF,GBP
iShares $ Treasury Bd 7-10y UCITS ETF USD Dist,BTMA,IE00B1FZS798,ETF,EUR
iShares $ Treasury Bd 7-10y UCITS ETF USD Dist,IBTM,IE00B1FZS798,ETF,EUR
iShares $ Treasury Bd 7-10y UCITS ETF USD Dist,IBTM,IE00B1FZS798,ETF,USD
iShares $ Treasury Bond 0-1yr UCITS ETF USD A,IBC1,IE00BGSF1X88,ETF,EUR
iShares $ Treasury Bond 0-1yr UCITS ETF USD A,IB01,IE00BGSF1X88,ETF,USD
iShares $ Treasury Bond 0-1yr UCITS ETF USD D,IBCC,IE00BGR7L912,ETF,EUR
iShares $ Treasury Bond 0-1yr UCITS ETF USD D,IBCC,IE00BGR7L912,ETF,EUR
iShares $ Treasury Bond 0-3 Month UCITS ETF USD A,U03A,IE000SSFEUS3,ETF,USD
iShares $ Treasury Bond 1-3yr UCITS ETF USD Acc B,CBU3,IE00B3VWN179,ETF,USD
iShares $ Treasury Bond 1-3yr UCITS ETF USD Acc B,CSBGU3,IE00B3VWN179,ETF,USD
iShares $ Treasury Bond 1-3yr UCITS ETF USD Acc B,CSBGU,IE00B3VWN179,ETF,EUR
iShares $ Treasury Bond 1-3yr UCITS ETF USD Acc B,CU31,IE00B3VWN179,ETF,GBX
iShares $ Treasury Bond 20+yr UCITS ETF EUR H D,IUSV,IE00BD8PGZ49,ETF,EUR
iShares $ Treasury Bond 20+yr UCITS ETF EUR H D,DTLE,IE00BD8PGZ49,ETF,EUR
iShares $ Treasury Bond 20+yr UCITS ETF EUR H D,IUSV,IE00BD8PGZ49,ETF,EUR
iShares $ Treasury Bond 20+yr UCITS ETF USD A,SXRC,IE00BFM6TC58,ETF,EUR
iShares $ Treasury Bond 20+yr UCITS ETF USD A,DTLA,IE00BFM6TC58,ETF,USD
iShares $ Treasury Bond 20+yr UCITS ETF USD D,IS04,IE00BSKRJZ44,ETF,EUR
iShares $ Treasury Bond 20+yr UCITS ETF USD D,IBTL,IE00BSKRJZ44,ETF,GBX
iShares $ Treasury Bond 20+yr UCITS ETF USD D,IDTL,IE00BSKRJZ44,ETF,USD
iShares $ Treasury Bond 20+yr UCITS ETF USD D,IDTL,IE00BSKRJZ44,ETF,USD
iShares $ Treasury Bond 20+yr UCITS ETF USD D,IS04,IE00BSKRJZ44,ETF,EUR
iShares $ Treasury Bond 3-7yr UCITS ETF USD A,CBU7,IE00B3VWN393,ETF,EUR
iShares $ Treasury Bond 3-7yr UCITS ETF USD A,SXRL,IE00B3VWN393,ETF,USD
iShares $ Treasury Bond 3-7yr UCITS ETF USD A,CSBGU,IE00B3VWN393,ETF,EUR
iShares $ Treasury Bond 3-7yr UCITS ETF USD A,CBU7,IE00B3VWN393,ETF,USD
iShares $ Treasury Bond 3-7yr UCITS ETF USD A,CU71,IE00B3VWN393,ETF,GBX
iShares $ Treasury Bond 7-10yr UCITS ETF USD (Acc),CBU0,IE00B3VWN518,ETF,USD
iShares $ Treasury Bond 7-10yr UCITS ETF USD (Acc),SXRM,IE00B3VWN518,ETF,USD
iShares $ Treasury Bond 7-10yr UCITS ETF USD (Acc),CSBGU0,IE00B3VWN518,ETF,USD
iShares $ Treasury Bond UCITS ETF USD Dist,GOVT,IE00BK95B138,ETF,USD
iShares $ Treasury Bond UCITS ETF USD Dist,SNA2,IE00BK95B138,ETF,EUR
iShares $ Ultrashort Bond UCITS ETF USD Acc,ERNA,IE00BGCSB447,ETF,USD
iShares $ Ultrashort Bond UCITS ETF USD Dist,IS3L,IE00BCRY6227,ETF,EUR
iShares $ Ultrashort Bond UCITS ETF USD Dist,ERND,IE00BCRY6227,ETF,USD
iShares $ Ultrashort Bond UCITS ETF USD Dist,ERND,IE00BCRY6227,ETF,CHF
iShares $ Ultrashort Bond UCITS ETF USD Dist,ERNU,IE00BCRY6227,ETF,GBP
iShares $ Ultrashort Bond UCITS ETF USD Dist,IS3L,IE00BCRY6227,ETF,EUR
iShares AEX UCITS ETF EUR (Acc),AYE7,IE00BMTX2B82,ETF,EUR
iShares AEX UCITS ETF EUR (Acc),IAEA,IE00BMTX2B82,ETF,EUR
iShares AEX UCITS ETF EUR (Dist),IUSJ,IE00B0M62Y33,ETF,EUR
iShares AEX UCITS ETF EUR (Dist),IAEX,IE00B0M62Y33,ETF,EUR
iShares AEX UCITS ETF EUR (Dist),IAEX,IE00B0M62Y33,ETF,GBX
iShares AEX UCITS ETF EUR (Dist),IAEX,IE00B0M62Y33,ETF,EUR
iShares Ageing Population UCITS ETF USD (Acc),2B77,IE00BYZK4669,ETF,EUR
iShares Ageing Population UCITS ETF USD (Acc),AGED,IE00BYZK4669,ETF,USD
iShares Ageing Population UCITS ETF USD (Acc),AGED,IE00BYZK4669,ETF,EUR
iShares Ageing Population UCITS ETF USD (Acc),2B77,IE00BYZK4669,ETF,EUR
UBS MSCI Jpn Soc Responsible UCITS ETF hEUR acc,JPSRE,LU1273488715,ETF,EUR
UBS MSCI Pacific ex Japan UCITS ETF USD dis,PACUSA,LU0446734526,ETF,USD
UBS MSCI Pacific ex Japan UCITS ETF USD dis,UIMD,LU0446734526,ETF,EUR
UBS MSCI Pacific ex Japan UCITS ETF USD dis,PACUSA,LU0446734526,ETF,GBP
UBS MSCI Pacific ex Japan UCITS ETF USD dis,PACEU,LU0446734526,ETF,EUR
UBS MSCI Pacific ex Japan UCITS ETF USD dis,UB20,LU0446734526,ETF,GBX
UBS MSCI Pacific ex Japan UCITS ETF USD dis,UIMD,LU0446734526,ETF,EUR
UBS MSCI Pacific Socially Responsible UCITS USD acc ETF,USUP,LU0950674928,ETF,EUR
UBS MSCI Pacific Socially Responsible UCITS USD acc ETF,USUP,LU0950674928,ETF,EUR
UBS MSCI Pacific Socially Responsible UCITS USD dis ETF,UIMT,LU0629460832,ETF,EUR
UBS MSCI Pacific Socially Responsible UCITS USD dis ETF,PSREU,LU0629460832,ETF,EUR
UBS MSCI Pacific Socially Responsible UCITS USD dis ETF,PSRUSA,LU0629460832,ETF,CHF
UBS MSCI Pacific Socially Responsible UCITS USD dis ETF,PSRUSA,LU0629460832,ETF,USD
UBS MSCI Pacific Socially Responsible UCITS USD dis ETF,UB45,LU0629460832,ETF,GBX
UBS MSCI Pacific Socially Responsible UCITS USD dis ETF,UIMT,LU0629460832,ETF,EUR
UBS MSCI Pacific Socially Responsible UCITS USD dis ETF,UIMT,LU0629460832,ETF,EUR
UBS MSCI Singapore UCITS ETF SGD dis,SGPDU,LU1169825954,ETF,USD
UBS MSCI Singapore UCITS ETF SGD dis,UE24,LU1169825954,ETF,EUR
UBS MSCI Switzerland 20/35 UCITS ETF CHF acc,FRCF,LU0977261329,ETF,EUR
UBS MSCI Switzerland 20/35 UCITS ETF CHF acc,SW2CHB,LU0977261329,ETF,CHF
UBS MSCI Switzerland 20/35 UCITS ETF CHF acc,SW2CH,LU0977261329,ETF,EUR
UBS MSCI Switzerland 20/35 UCITS ETF CHF dis,SW2CHA,LU0979892907,ETF,CHF
UBS MSCI Switzerland 20/35 UCITS ETF CHF dis,0MW8,LU0979892907,ETF,CHF
UBS MSCI Switzerland 20/35 UCITS ETF hGBP acc,S2HGBA,LU1169830525,ETF,GBP
UBS MSCI Switzerland 20/35 UCITS ETF hGBP acc,UC93,LU1169830525,ETF,GBX
UBS MSCI Switzerland 20/35 UCITS ETF hGBP dis,S2HGBD,LU1169830442,ETF,GBP
UBS MSCI Switzerland 20/35 UCITS ETF hGBP dis,UC94,LU1169830442,ETF,GBX
UBS MSCI Switzerland IMI Socially Responsible UCITS CHF acc ETF,CHSRII,LU2250132763,ETF,CHF
UBS MSCI United Kingdom IMI SR UCITS ETF GBP dis,UKSR,IE00BMP3HN93,ETF,EUR
UBS MSCI United Kingdom IMI SR UCITS ETF GBP dis,UKSR,IE00BMP3HN93,ETF,CHF
UBS MSCI United Kingdom IMI SR UCITS ETF GBP dis,UKSR,IE00BMP3HN93,ETF,GBP
UBS MSCI United Kingdom IMI SR UCITS ETF GBP dis,UKSR,IE00BMP3HN93,ETF,GBX
UBS MSCI United Kingdom IMI SR UCITS ETF hCHF dis,UKSRT,IE00BZ0RTB90,ETF,CHF
UBS MSCI United Kingdom IMI SR UCITS ETF hEUR acc,UKSRE,IE00BYNQMK61,ETF,EUR
UBS MSCI United Kingdom UCITS ETF GBP acc,UKGBPB,LU0950670850,ETF,GBP
UBS MSCI United Kingdom UCITS ETF GBP acc,UKGBP,LU0950670850,ETF,EUR
UBS MSCI United Kingdom UCITS ETF GBP dis,UKGBPA,LU0937836467,ETF,GBP
UBS MSCI United Kingdom UCITS ETF GBP dis,UKGBPA,LU0937836467,ETF,CHF
UBS MSCI United Kingdom UCITS ETF hCHF acc,UKCHF,LU1169820997,ETF,CHF
UBS MSCI USA NSL UCITS ETF USD acc,CMXUS,IE000OULL4R4,ETF,EUR
UBS MSCI USA NSL UCITS ETF USD acc,CSY1,IE000OULL4R4,ETF,EUR
UBS MSCI USA Select Factor Mix UCITS ETF hCHF acc,USMUFS,IE00BDGV0C91,ETF,CHF
UBS MSCI USA Select Factor Mix UCITS ETF USD dis,USFMD,IE00BDGV0308,ETF,EUR
UBS MSCI USA Select Factor Mix UCITS ETF USD dis,USFMD,IE00BDGV0308,ETF,CHF
UBS MSCI USA Select Factor Mix UCITS ETF USD dis,USFMD,IE00BDGV0308,ETF,USD
UBS MSCI USA Selection UCITS ETF USD acc,USESG,IE00063GNWK1,ETF,EUR
UBS MSCI USA Selection UCITS ETF USD acc,CSY2,IE00063GNWK1,ETF,EUR
UBS MSCI USA SF UCITS ETF USD acc,MUUSAS,IE00B3SC9K16,ETF,USD
UBS MSCI USA Small Cap Selection UCITS ETF USD acc,USSMC,IE000XFXBGR0,ETF,EUR
UBS MSCI USA Small Cap Selection UCITS ETF USD acc,CSY8,IE000XFXBGR0,ETF,EUR
StSt SPDR MSCI Europe Technology UCITS ETF,SPYK,IE00BKWQ0K51,ETF,EUR
StSt SPDR MSCI Europe Technology UCITS ETF,STKX,IE00BKWQ0K51,ETF,EUR
StSt SPDR MSCI Europe Technology UCITS ETF,ITEC,IE00BKWQ0K51,ETF,EUR
StSt SPDR MSCI Europe Technology UCITS ETF,STKX,IE00BKWQ0K51,ETF,CHF
StSt SPDR MSCI Europe UCITS ETF,SPYE,IE00BKWQ0Q14,ETF,EUR
StSt SPDR MSCI Europe UCITS ETF,ERO,IE00BKWQ0Q14,ETF,EUR
StSt SPDR MSCI Europe UCITS ETF,EROX,IE00BKWQ0Q14,ETF,EUR
StSt SPDR MSCI Europe UCITS ETF,SPYE,IE00BKWQ0Q14,ETF,EUR
StSt SPDR MSCI Europe UCITS ETF,ERO,IE00BKWQ0Q14,ETF,GBP
StSt SPDR MSCI Europe UCITS ETF,EROX,IE00BKWQ0Q14,ETF,CHF
StSt SPDR MSCI Europe Utilities UCITS ETF,SPYU,IE00BKWQ0P07,ETF,EUR
StSt SPDR MSCI Europe Utilities UCITS ETF,STU,IE00BKWQ0P07,ETF,EUR
StSt SPDR MSCI Europe Utilities UCITS ETF,SPYU,IE00BKWQ0P07,ETF,EUR
StSt SPDR MSCI Europe Utilities UCITS ETF,STUX,IE00BKWQ0P07,ETF,EUR
StSt SPDR MSCI Europe Utilities UCITS ETF,STUX,IE00BKWQ0P07,ETF,CHF
StSt SPDR MSCI Europe Utilities UCITS ETF,UTIL,IE00BKWQ0P07,ETF,EUR
StSt SPDR MSCI Europe Value UCITS ETF,ZPRW,IE00BSPLC306,ETF,EUR
StSt SPDR MSCI Europe Value UCITS ETF,EVAL,IE00BSPLC306,ETF,GBP
StSt SPDR MSCI Europe Value UCITS ETF,EVAL,IE00BSPLC306,ETF,CHF
StSt SPDR MSCI Japan EUR Hdg UCITS ETF,ZPDW,IE00BZ0G8C04,ETF,EUR
StSt SPDR MSCI Japan EUR Hdg UCITS ETF,JPEH,IE00BZ0G8C04,ETF,EUR
StSt SPDR MSCI Japan UCITS ETF,ZPDJ,IE00BZ0G8B96,ETF,EUR
StSt SPDR MSCI Japan UCITS ETF,JPJP,IE00BZ0G8B96,ETF,GBP
StSt SPDR MSCI USA Sm Cp Value Weighted UCITS ETF,ZPRV,IE00BSPLC413,ETF,EUR
StSt SPDR MSCI USA Sm Cp Value Weighted UCITS ETF,ZPRV,IE00BSPLC413,ETF,EUR
StSt SPDR MSCI USA Sm Cp Value Weighted UCITS ETF,USSC,IE00BSPLC413,ETF,USD
StSt SPDR MSCI USA Value UCITS ETF,ZPRU,IE00BSPLC520,ETF,EUR
StSt SPDR MSCI USA Value UCITS ETF,ZPRU,IE00BSPLC520,ETF,EUR
StSt SPDR MSCI USA Value UCITS ETF,USVL,IE00BSPLC520,ETF,USD
StSt SPDR MSCI USA Value UCITS ETF,UVAL,IE00BSPLC520,ETF,GBP
StSt SPDR MSCI USA Value UCITS ETF,UVAL,IE00BSPLC520,ETF,CHF
StSt SPDR MSCI World Com Services UCITS ETF,WTEL,IE00BYTRRG40,ETF,EUR
StSt SPDR MSCI World Com Services UCITS ETF,WTEL,IE00BYTRRG40,ETF,USD
StSt SPDR MSCI World Com Services UCITS ETF,WTEL,IE00BYTRRG40,ETF,USD
StSt SPDR MSCI World Con Discretionary UCITS ETF,WCOD,IE00BYTRR640,ETF,EUR
StSt SPDR MSCI World Con Discretionary UCITS ETF,WCOD,IE00BYTRR640,ETF,USD
StSt SPDR MSCI World Con Discretionary UCITS ETF,WCOD,IE00BYTRR640,ETF,USD
StSt SPDR MSCI World Consumer Staples UCITS ETF,SS40,IE00BYTRR756,ETF,EUR
StSt SPDR MSCI World Consumer Staples UCITS ETF,WCOS,IE00BYTRR756,ETF,EUR
StSt SPDR MSCI World Consumer Staples UCITS ETF,WCOS,IE00BYTRR756,ETF,USD
StSt SPDR MSCI World Consumer Staples UCITS ETF,WCOS,IE00BYTRR756,ETF,USD
StSt SPDR MSCI World Energy UCITS ETF,SS42,IE00BYTRR863,ETF,EUR
StSt SPDR MSCI World Energy UCITS ETF,WNRG,IE00BYTRR863,ETF,EUR
StSt SPDR MSCI World Energy UCITS ETF,WNRG,IE00BYTRR863,ETF,USD
StSt SPDR MSCI World Energy UCITS ETF,WNRG,IE00BYTRR863,ETF,USD
StSt SPDR MSCI World EUR Hdg UCITS ETF Acc,SPFH,IE000BZ1HVL2,ETF,EUR
StSt SPDR MSCI World EUR Hdg UCITS ETF Acc,SPFH,IE000BZ1HVL2,ETF,EUR
StSt SPDR MSCI World EUR Hdg UCITS ETF Acc,SWRE,IE000BZ1HVL2,ETF,EUR
StSt SPDR MSCI World Financials UCITS ETF,WFIN,IE00BYTRR970,ETF,EUR
StSt SPDR MSCI World Financials UCITS ETF,WFIN,IE00BYTRR970,ETF,USD
HSBC MSCI Indonesia UCITS ETF USD,H4ZT,IE00B46G8275,ETF,EUR
HSBC MSCI Indonesia UCITS ETF USD,HIDD,IE00B46G8275,ETF,USD
HSBC MSCI Indonesia UCITS ETF USD,HIDR,IE00B46G8275,ETF,GBX
HSBC MSCI Indonesia UCITS ETF USD,HIDR,IE00B46G8275,ETF,USD
HSBC MSCI Indonesia UCITS ETF USD,H4Z7,IE00B46G8275,ETF,EUR
HSBC MSCI Japan Islamic Screened UCITS ETF USD Acc,HIJS,IE0001XCFC82,ETF,EUR
HSBC MSCI Japan UCITS ETF USD,MJP,IE00B5VX7566,ETF,EUR
HSBC MSCI Japan UCITS ETF USD,HMJD,IE00B5VX7566,ETF,USD
HSBC MSCI Japan UCITS ETF USD,HMJP,IE00B5VX7566,ETF,GBX
HSBC MSCI Japan UCITS ETF USD,HMJP,IE00B5VX7566,ETF,USD
HSBC MSCI Japan UCITS ETF USD,HMJP,IE00B5VX7566,ETF,JPY
HSBC MSCI Korea Capped UCITS ETF USD,HKOR,IE00B3Z0X395,ETF,EUR
HSBC MSCI Korea Capped UCITS ETF USD,HKOD,IE00B3Z0X395,ETF,USD
HSBC MSCI Korea Capped UCITS ETF USD,HKOR,IE00B3Z0X395,ETF,GBX
HSBC MSCI Korea Capped UCITS ETF USD,HKOR,IE00B3Z0X395,ETF,USD
HSBC MSCI Pacific ex Japan UCITS ETF USD,MXJ,IE00B5SG8Z57,ETF,EUR
HSBC MSCI Pacific ex Japan UCITS ETF USD,HMXJ,IE00B5SG8Z57,ETF,USD
HSBC MSCI Pacific ex Japan UCITS ETF USD,HMXJ,IE00B5SG8Z57,ETF,EUR
HSBC MSCI Pacific ex Japan UCITS ETF USD,HMXD,IE00B5SG8Z57,ETF,USD
HSBC MSCI Pacific ex Japan UCITS ETF USD,HMXJ,IE00B5SG8Z57,ETF,GBX
HSBC MSCI Taiwan Capped UCITS ETF USD,HTWD,IE00B3S1J086,ETF,USD
HSBC MSCI Taiwan Capped UCITS ETF USD,HTWN,IE00B3S1J086,ETF,GBX
HSBC MSCI Taiwan Capped UCITS ETF USD,HTWN,IE00B3S1J086,ETF,USD
HSBC MSCI USA Islamic Screened UCITS ETF USD Acc,H41P,IE000I5NV504,ETF,EUR
HSBC MSCI USA Islamic Screened UCITS ETF USD Acc,HIUA,IE000I5NV504,ETF,USD
HSBC MSCI USA Islamic Screened UCITS ETF USD Acc,HIUS,IE000I5NV504,ETF,EUR
HSBC MSCI USA Quality UCITS ETF USD,MUS,IE00B5WFQ436,ETF,EUR
HSBC MSCI USA Quality UCITS ETF USD,HMUS,IE00B5WFQ436,ETF,USD
HSBC MSCI USA Quality UCITS ETF USD,HMUD,IE00B5WFQ436,ETF,USD
HSBC MSCI World Islamic Screened UCITS ETF USD Acc,H41M,IE000X9FTI22,ETF,EUR
HSBC MSCI World Islamic Screened UCITS ETF USD Acc,HIWO,IE000X9FTI22,ETF,USD
HSBC MSCI World Islamic Screened UCITS ETF USD Acc,HIWS,IE000X9FTI22,ETF,EUR
HSBC MSCI World UCITS ETF EUR Hedged Acc,H41H,IE000QMIHY81,ETF,EUR
HSBC MSCI World UCITS ETF EUR Hedged Acc,H41H,IE000QMIHY81,ETF,EUR
HSBC MSCI World UCITS ETF EUR Hedged Acc,HWDE,IE000QMIHY81,ETF,EUR
HSBC MSCI World UCITS ETF USD,H4ZJ,IE00B4X9L533,ETF,EUR
HSBC MSCI World UCITS ETF USD,HMWO,IE00B4X9L533,ETF,USD
HSBC MSCI World UCITS ETF USD,WRD,IE00B4X9L533,ETF,EUR
HSBC MSCI World UCITS ETF USD,HMWD,IE00B4X9L533,ETF,USD
HSBC MSCI World UCITS ETF USD,HMWO,IE00B4X9L533,ETF,GBX
HSBC MSCI World UCITS ETF USD,HMWD,IE00B4X9L533,ETF,EUR
HSBC MSCI World UCITS ETF USD,H4Z3,IE00B4X9L533,ETF,EUR
HSBC MSCI World UCITS ETF USD Acc,HMWA,IE000UQND7H4,ETF,USD
HSBC MSCI World UCITS ETF USD Acc,H4ZY,IE000UQND7H4,ETF,EUR
HSBC MSCI World UCITS ETF USD Acc,HMWA,IE000UQND7H4,ETF,USD
HSBC Multi-Factor Worldwide Equity UCITS ETF USD,H41J,IE00BKZGB098,ETF,EUR
HSBC Multi Factor Worldwide Equity UCITS ETF USD,HWWA,IE00BKZGB098,ETF,GBP
HSBC Nasdaq Global Semiconductor UCITS ETF USD,HNSC,IE000YDZG487,ETF,USD
HSBC S&P 500 UCITS ETF USD,HSPX,IE00B5KQNG97,ETF,USD
HSBC S&P 500 UCITS ETF USD,H419,IE00B5KQNG97,ETF,EUR
Amundi MSCI Water UCITS ETF Dist,LYM8,FR0010527275,ETF,EUR
Amundi MSCI Water UCITS ETF Dist,WAT,FR0010527275,ETF,EUR
Amundi MSCI Water UCITS ETF Dist,WATL,FR0010527275,ETF,GBX
Amundi MSCI Water UCITS ETF Dist,WAT,FR0010527275,ETF,EUR
Amundi MSCI Wld ESG Broad Transition UCITS ETF Acc,LWCR,IE0001GSQ2O9,ETF,EUR
Amundi MSCI Wld ESG Broad Transition UCITS ETF Acc,LWCR ,IE0001GSQ2O9,ETF,EUR
Amundi MSCI Wld ESG Broad Transition UCITS ETF Acc,WEB5,IE0001GSQ2O9,ETF,EUR
Amundi MSCI Wld ESG Broad Transition UCITS ETF Dis,CLWD ,IE000PB4LRO2,ETF,EUR
Amundi MSCI World Catholic Principls UCITS ETF Acc,CATH,LU2216829809,ETF,EUR
Amundi MSCI World Climate PA UCITS ETF Acc,PABW,IE000CL68Z69,ETF,EUR
Amundi MSCI World Climate PA UCITS ETF Acc,PABWD,IE000CL68Z69,ETF,EUR
Amundi MSCI World Climate PA UCITS ETF Acc,PABW ,IE000CL68Z69,ETF,EUR
Amundi MSCI World ESG Leaders UCITS Acc ETF,MWOP,IE00016PSX47,ETF,EUR
Amundi MSCI World ESG Leaders UCITS Acc ETF,ESGWO,IE00016PSX47,ETF,EUR
Amundi MSCI World ESG Selection UCITS Hedged EUR Acc ETF,MWOS,IE0004CIQ1O4,ETF,EUR
Amundi MSCI World Ex EMU UCITS ETF Acc,18MP,FR0010756114,ETF,EUR
Amundi MSCI World Ex EMU UCITS ETF Acc,CM9,FR0010756114,ETF,EUR
Amundi MSCI World Ex EMU UCITS ETF Acc,18MP,FR0010756114,ETF,EUR
Amundi MSCI World Ex EMU UCITS ETF Acc,CM9,FR0010756114,ETF,EUR
Amundi MSCI World Ex Europe UCITS ETF - EUR (C),CE8G,LU1681045537,ETF,EUR
Amundi MSCI World Ex Europe UCITS ETF - EUR (C),CE8,LU1681045537,ETF,EUR
Amundi MSCI World ex USA UCITS Acc ETF,WEXE,IE00085PWS28,ETF,EUR
Amundi MSCI World Financials UCITS ETF USD Acc,LYFINW,LU0533033071,ETF,USD
Amundi MSCI World Financials UCITS ETF USD Acc,FINW,LU0533033071,ETF,USD
Amundi MSCI World Financials UCITS EUR Acc ETF,LYPD,LU0533032859,ETF,EUR
Amundi MSCI World Financials UCITS EUR Acc ETF,FINSW ,LU0533032859,ETF,EUR
Amundi MSCI World Financials UCITS EUR Acc ETF,FINSW,LU0533032859,ETF,EUR
Amundi MSCI World Health Care UCITS ETF USD Acc,LYHLTW,LU0533033311,ETF,USD
Amundi MSCI World Health Care UCITS ETF USD Acc,HLTW,LU0533033311,ETF,USD
Amundi MSCI World Health Care UCITS EUR Acc ETF,LYPE,LU0533033238,ETF,EUR
Amundi MSCI World Health Care UCITS EUR Acc ETF,HLTW,LU0533033238,ETF,EUR
Amundi MSCI World Health Care UCITS EUR Acc ETF,HLTW,LU0533033238,ETF,EUR
Amundi MSCI World Health Care UCITS EUR Acc ETF,LYPE,LU0533033238,ETF,EUR
Amundi MSCI World Information Tech UCITS ETF USD A,LYTNOW,LU0533033741,ETF,USD
Amundi MSCI World Information Tech UCITS ETF USD A,TNOW,LU0533033741,ETF,USD
Amundi MSCI World Information Technology UCITS EUR Acc ETF,LYPG,LU0533033667,ETF,EUR
Amundi MSCI World Information Technology UCITS EUR Acc ETF,TNOW,LU0533033667,ETF,EUR
Amundi MSCI World Information Technology UCITS EUR Acc ETF,0MVV,LU0533033667,ETF,EUR
Amundi MSCI World Information Technology UCITS EUR Acc ETF,LYPG,LU0533033667,ETF,EUR
Amundi MSCI World Information Technology UCITS EUR Acc ETF,TNOW,LU0533033667,ETF,EUR
Amundi MSCI World Momentum Advanced UCITS ACC ETF,WMSE,IE0001FQFU60,ETF,EUR
Amundi MSCI World Momentum Advanced UCITS ACC ETF,WMSE,IE0001FQFU60,ETF,EUR
Amundi MSCI World Small Cap ESG Broad Transition UCITS ACC ETF,WMFS,IE000UZZ5D45,ETF,EUR
Amundi MSCI World SRI Climate PA UCITS ETF Acc,XAMB,IE000Y77LGG9,ETF,EUR
Amundi MSCI World SRI Climate PA UCITS ETF Acc,WSRI ,IE000Y77LGG9,ETF,USD
Amundi MSCI World SRI Climate PA UCITS ETF Acc,WSRI ,IE000Y77LGG9,ETF,EUR
Amundi MSCI World SRI Climate PA UCITS ETF Acc,WEB4,IE000Y77LGG9,ETF,EUR
Amundi MSCI World SRI Climate PA UCITS ETF Acc,WSRI,IE000Y77LGG9,ETF,EUR
Amundi MSCI World SRI Climate Paris Aligned UCITS Acc EUR Hedged ETF,MWSH,IE000K1P4V37,ETF,EUR
Amundi MSCI World SRI Climate Paris Aligned UCITS Acc EUR Hedged ETF,MWSH,IE000K1P4V37,ETF,EUR
Xtrackers MSCI World Consumer Staples UCITS ETF 1C,XDWS,IE00BM67HN09,ETF,EUR
Xtrackers MSCI World Consumer Staples UCITS ETF 1C,XDWS,IE00BM67HN09,ETF,USD
Xtrackers MSCI World Energy UCITS 1C ETF,XDW0,IE00BM67HM91,ETF,EUR
Xtrackers MSCI World Energy UCITS 1C ETF,XDW0,IE00BM67HM91,ETF,CHF
Xtrackers MSCI World Energy UCITS 1C ETF,XDW0,IE00BM67HM91,ETF,EUR
Xtrackers MSCI World Energy UCITS 1C ETF,XDW0,IE00BM67HM91,ETF,EUR
Xtrackers MSCI World Energy UCITS 1C ETF,XDW0,IE00BM67HM91,ETF,USD
Xtrackers MSCI World ESG UCITS 2C - EUR hedged ETF,XZWE,IE00BMY76136,ETF,EUR
Xtrackers MSCI World ESG UCITS 2C - EUR hedged ETF,XZWE,IE00BMY76136,ETF,EUR
Xtrackers MSCI World ESG UCITS ETF,XZW0,IE00BZ02LR44,ETF,EUR
Xtrackers MSCI World ESG UCITS ETF,XZW0,IE00BZ02LR44,ETF,EUR
Xtrackers MSCI World ESG UCITS ETF,XZW0,IE00BZ02LR44,ETF,USD
Xtrackers MSCI World ESG UCITS ETF,XZW0,IE00BZ02LR44,ETF,EUR
Xtrackers MSCI World ESG UCITS ETF,XZW0,IE00BZ02LR44,ETF,CHF
Xtrackers MSCI World ex USA UCITS ETF,EXUS,IE0006WW1TQ4,ETF,EUR
Xtrackers MSCI World ex USA UCITS ETF,EXUS,IE0006WW1TQ4,ETF,CHF
Xtrackers MSCI World ex USA UCITS ETF,EXUS,IE0006WW1TQ4,ETF,EUR
Xtrackers MSCI World ex USA UCITS ETF,EXUS,IE0006WW1TQ4,ETF,USD
Xtrackers MSCI World ex USA UCITS ETF,EXU1,IE000Z0FC0G5,ETF,EUR
Xtrackers MSCI World Financials UCITS 1C ETF,XDWF,IE00BM67HL84,ETF,EUR
Xtrackers MSCI World Financials UCITS 1C ETF,XDWF,IE00BM67HL84,ETF,EUR
Xtrackers MSCI World Financials UCITS 1C ETF,XDWF,IE00BM67HL84,ETF,EUR
Xtrackers MSCI World Health Care UCITS 1C ETF,XDWH,IE00BM67HK77,ETF,EUR
Xtrackers MSCI World Health Care UCITS 1C ETF,XDWH,IE00BM67HK77,ETF,EUR
Xtrackers MSCI World Health Care UCITS 1C ETF,XDWH,IE00BM67HK77,ETF,USD
Xtrackers MSCI World Health Care UCITS 1C ETF,XDWH,IE00BM67HK77,ETF,EUR
Xtrackers MSCI World High Dividend Yield ESG UCITS ETF,XZDW,IE000NS5HRY9,ETF,EUR
Xtrackers MSCI World High Dividend Yield ESG UCITS ETF,XZDW,IE000NS5HRY9,ETF,EUR
Xtrackers MSCI World Industrials UCITS 1C ETF,XDWI,IE00BM67HV82,ETF,EUR
Xtrackers MSCI World Industrials UCITS 1C ETF,XDWI,IE00BM67HV82,ETF,EUR
Xtrackers MSCI World Industrials UCITS 1C ETF,XDWI,IE00BM67HV82,ETF,EUR
Xtrackers MSCI World Industrials UCITS 1C ETF,XDWI,IE00BM67HV82,ETF,USD
Xtrackers MSCI World Information Technology UCITS 1C ETF,XDWT,IE00BM67HT60,ETF,EUR
Xtrackers MSCI World Information Technology UCITS 1C ETF,XDWT,IE00BM67HT60,ETF,CHF
Xtrackers MSCI World Information Technology UCITS 1C ETF,XDWT,IE00BM67HT60,ETF,EUR
Xtrackers MSCI World Information Technology UCITS 1C ETF,XDWT,IE00BM67HT60,ETF,EUR
Xtrackers MSCI World Information Technology UCITS 1C ETF,XDWT,IE00BM67HT60,ETF,USD
Xtrackers MSCI World Materials UCITS 1C ETF,XDWM,IE00BM67HS53,ETF,EUR
Xtrackers MSCI World Materials UCITS 1C ETF,XDWM,IE00BM67HS53,ETF,EUR
Xtrackers MSCI World Materials UCITS 1C ETF,XDWM,IE00BM67HS53,ETF,EUR
Xtrackers MSCI World Materials UCITS 1C ETF,XDWM,IE00BM67HS53,ETF,USD
Xtrackers MSCI World Materials UCITS 1C ETF,XDWM,IE00BM67HS53,ETF,CHF
Xtrackers MSCI World Minimum Volatility UCITS 1C ETF,XDEB,IE00BL25JN58,ETF,EUR
Xtrackers MSCI World Minimum Volatility UCITS 1C ETF,XDEB,IE00BL25JN58,ETF,EUR
Xtrackers MSCI World Minimum Volatility UCITS 1C ETF,XDEB,IE00BL25JN58,ETF,GBX
Xtrackers MSCI World Minimum Volatility UCITS 1C ETF,XDEB,IE00BL25JN58,ETF,EUR
Xtrackers MSCI World Momentum UCITS 1C ETF,XDEM,IE00BL25JP72,ETF,EUR
Xtrackers MSCI World Momentum UCITS 1C ETF,XDEM,IE00BL25JP72,ETF,EUR
Xtrackers MSCI World Momentum UCITS 1C ETF,XDEM,IE00BL25JP72,ETF,GBX
Xtrackers MSCI World Momentum UCITS 1C ETF,XDEM,IE00BL25JP72,ETF,EUR
iShares STOXX Europe 600 Automobiles & Parts UCITS (DE) EUR (Dist) ETF,EXV5,DE000A0Q4R28,ETF,EUR
iShares STOXX Europe 600 Automobiles & Parts UCITS (DE) EUR (Dist) ETF,0MP0,DE000A0Q4R28,ETF,EUR
iShares STOXX Europe 600 Banks UCITS (DE) ETF,EXV1,DE000A0F5UJ7,ETF,EUR
iShares STOXX Europe 600 Banks UCITS (DE) ETF,EXV1,DE000A0F5UJ7,ETF,EUR
iShares STOXX Europe 600 Banks UCITS (DE) ETF,SX7PEX,DE000A0F5UJ7,ETF,EUR
iShares STOXX Europe 600 Banks UCITS (DE) ETF,0MNK,DE000A0F5UJ7,ETF,EUR
iShares STOXX Europe 600 Basic Resources UCITS (DE) ETF,EXV6,DE000A0F5UK5,ETF,EUR
iShares STOXX Europe 600 Basic Resources UCITS (DE) ETF,EXV6,DE000A0F5UK5,ETF,EUR
iShares STOXX Europe 600 Basic Resources UCITS (DE) ETF,0MNL,DE000A0F5UK5,ETF,EUR
iShares STOXX Europe 600 Chemicals UCITS (DE) ETF,EXV7,DE000A0H08E0,ETF,EUR
iShares STOXX Europe 600 Chemicals UCITS (DE) ETF,0MO5,DE000A0H08E0,ETF,EUR
iShares STOXX Europe 600 Chemicals UCITS (DE) ETF,EXV7,DE000A0H08E0,ETF,EUR
iShares STOXX Europe 600 Construction & Materials UCITS (DE) ETF,EXV8,DE000A0H08F7,ETF,EUR
iShares STOXX Europe 600 Construction & Materials UCITS (DE) ETF,EXV8,DE000A0H08F7,ETF,EUR
iShares STOXX Europe 600 Construction & Materials UCITS (DE) ETF,0MO6,DE000A0H08F7,ETF,EUR
iShares STOXX Europe 600 Financial Services UCITS (DE) ETF,EXH2,DE000A0H08G5,ETF,EUR
iShares STOXX Europe 600 Financial Services UCITS (DE) ETF,0MOA,DE000A0H08G5,ETF,EUR
iShares STOXX Europe 600 Financial Services UCITS (DE) ETF,EXH2,DE000A0H08G5,ETF,EUR
iShares STOXX Europe 600 Food & Beverage UCITS (DE) ETF,EXH3,DE000A0H08H3,ETF,EUR
iShares STOXX Europe 600 Food & Beverage UCITS (DE) ETF,0MOB,DE000A0H08H3,ETF,EUR
iShares STOXX Europe 600 Food & Beverage UCITS (DE) ETF,EXH3,DE000A0H08H3,ETF,EUR
iShares STOXX Europe 600 Health Care UCITS (DE) ETF,EXV4,DE000A0Q4R36,ETF,EUR
iShares STOXX Europe 600 Health Care UCITS (DE) ETF,EXV4,DE000A0Q4R36,ETF,EUR
iShares STOXX Europe 600 Health Care UCITS (DE) ETF,SXDPEX,DE000A0Q4R36,ETF,EUR
iShares STOXX Europe 600 Health Care UCITS (DE) ETF,0MP1,DE000A0Q4R36,ETF,EUR
iShares STOXX Europe 600 Industrial Goods & Services UCITS (DE) ETF,EXH4,DE000A0H08J9,ETF,EUR
iShares STOXX Europe 600 Industrial Goods & Services UCITS (DE) ETF,0MOC,DE000A0H08J9,ETF,EUR
iShares STOXX Europe 600 Industrial Goods & Services UCITS (DE) ETF,EXH4,DE000A0H08J9,ETF,EUR
iShares STOXX Europe 600 Insurance UCITS (DE) ETF,EXH5,DE000A0H08K7,ETF,EUR
iShares STOXX Europe 600 Insurance UCITS (DE) ETF,EXH5,DE000A0H08K7,ETF,EUR
iShares STOXX Europe 600 Insurance UCITS (DE) ETF,0MOD,DE000A0H08K7,ETF,EUR
iShares STOXX Europe 600 Media UCITS (DE) ETF,EXH6,DE000A0H08L5,ETF,EUR
iShares STOXX Europe 600 Media UCITS (DE) ETF,EXH6,DE000A0H08L5,ETF,EUR
iShares STOXX Europe 600 Media UCITS (DE) ETF,0MOF,DE000A0H08L5,ETF,EUR
iShares STOXX Europe 600 Oil & Gas UCITS (DE) ETF,EXH1,DE000A0H08M3,ETF,EUR
iShares STOXX Europe 600 Oil & Gas UCITS (DE) ETF,SXEPEX,DE000A0H08M3,ETF,EUR
iShares STOXX Europe 600 Oil & Gas UCITS (DE) ETF,EXH1,DE000A0H08M3,ETF,EUR
iShares STOXX Europe 600 Oil & Gas UCITS (DE) ETF,0MOH,DE000A0H08M3,ETF,EUR
iShares STOXX Europe 600 Personal & Household Goods UCITS (DE) ETF,EXH7,DE000A0H08N1,ETF,EUR
iShares STOXX Europe 600 Personal & Household Goods UCITS (DE) ETF,EXH7,DE000A0H08N1,ETF,EUR
iShares STOXX Europe 600 Personal & Household Goods UCITS (DE) ETF,0MOJ,DE000A0H08N1,ETF,EUR
iShares STOXX Europe 600 Real Estate UCITS (DE) ETF,EXI5,DE000A0Q4R44,ETF,EUR
iShares STOXX Europe 600 Real Estate UCITS (DE) ETF,EXI5,DE000A0Q4R44,ETF,EUR
iShares STOXX Europe 600 Real Estate UCITS (DE) ETF,0MP2,DE000A0Q4R44,ETF,EUR
iShares STOXX Europe 600 Retail UCITS (DE) ETF,EXH8,DE000A0H08P6,ETF,EUR
iShares STOXX Europe 600 Retail UCITS (DE) ETF,EXH8,DE000A0H08P6,ETF,EUR
iShares STOXX Europe 600 Technology UCITS (DE) EUR (Dist) EUR (Dist) ETF,EXV3,DE000A0H08Q4,ETF,EUR
iShares STOXX Europe 600 Technology UCITS (DE) EUR (Dist) EUR (Dist) ETF,EXV3,DE000A0H08Q4,ETF,EUR
iShares STOXX Europe 600 Technology UCITS (DE) EUR (Dist) EUR (Dist) ETF,0MOL,DE000A0H08Q4,ETF,EUR
iShares STOXX Europe 600 Telecommunications UCITS (DE) ETF,EXV2,DE000A0H08R2,ETF,EUR
Leverage Shares ARK Innovation Tracker,1ARKK,XS2399369037,ETF,EUR
Leverage Shares Buffettique Growth ETP,BUFD,XS2583354498,ETF,USD
Leverage Shares Cordillera Core Balanced Strategy ETP,CODL,XS2665005059,ETF,USD
Leverage Shares FAANG+ ETP,FGA1,XS2595675724,ETF,EUR
Leverage Shares Kronos Strategy,KRON,XS2338070365,ETF,USD
Leverage Shares Short Volatility Long Tech ETP,SVLT,XS2595675641,ETF,EUR
Leverage Shares Short Volatility Long Tech ETP,SVLT,XS2595675641,ETF,USD
Leverage Shares Vanilla Blue Chip Portfolio ETP,VPCG,XS2788042245,ETF,GBP
Making Europe Great Again UCITS ETF EUR Acc,ASWA,IE0007WMHDE3,ETF,EUR
Making Europe Great Again UCITS ETF EUR Acc,GR8,IE0007WMHDE3,ETF,GBX
Making Europe Great Again UCITS ETF EUR Acc,EUGD,IE0007WMHDE3,ETF,EUR
Melanion Bitcoin Equities UCITS ETF,BTC,FR0014002IH8,ETF,EUR
Melanion Bitcoin Equities UCITS ETF,BTC,FR0014002IH8,ETF,EUR
MPE.Swiss Ethereum Plus Staking Rewards ETP,FFTH,CH1327686031,ETF,EUR
Multi Units France - Amundi Ibex 35 Ucits Etf,LYXIB,FR0010251744,ETF,EUR
NxtAssets bitcoin direct ETP,NXTB,DE000NXTA018,ETF,EUR
NxtAssets bitcoin direct ETP,NXTB,DE000NXTA018,ETF,EUR
NxtAssets ethereum direct ETP,NXTE,DE000NXTA026,ETF,EUR
NxtAssets ethereum direct ETP,NXTE,DE000NXTA026,ETF,EUR
Ossiam ESG Low Carbon Shiller Barclays CAPE EUR,5HEE,IE00BF92LV92,ETF,EUR
Ossiam ESG Low Carbon Shiller Barclays CAPE EUR,5HEE,IE00BF92LV92,ETF,EUR
Ossiam Eur ESG Machine Learning UCITS ETF 1C/A EUR,OSX4,LU0599612842,ETF,EUR
Ossiam Eur ESG Machine Learning UCITS ETF 1C/A EUR,OSX4,LU0599612842,ETF,EUR
Ossiam Eur ESG Machine Learning UCITS ETF 1C/A EUR,EUMV,LU0599612842,ETF,EUR
Ossiam Eur ESG Machine Learning UCITS ETF 1C/A EUR,EUMV,LU0599612842,ETF,EUR
Ossiam Eur ESG Machine Learning UCITS ETF 1C/A EUR,LEMV,LU0599612842,ETF,GBX
Ossiam Euro Government Bonds 3-5Y Carbon Reduction - UCITS 1C (EUR) ETF,OG35,LU2069380306,ETF,EUR
Ossiam Euro Government Bonds 3-5Y Carbon Reduction - UCITS 1C (EUR) ETF,OG35,LU2069380306,ETF,EUR
Ossiam Food for Biodiversity UCITS ETF 1A EUR,F4DE,IE00BN0YSK89,ETF,EUR
Ossiam Food for Biodiversity UCITS ETF 1A EUR,F4DE,IE00BN0YSK89,ETF,EUR
Ossiam Shiller Barclays CAPE Global Sector Value TR - UCITS ETF 1C (EUR),5OGE,LU2555926455,ETF,EUR
Ossiam Shiller Barclays CAPE US Sector Val TR 1CU,USCP,LU1079841273,ETF,EUR
Ossiam Shiller Barclays CAPE US Sector Val TR 1CE,CAPU,LU1079841273,ETF,EUR
Ossiam Shiller Barclays CAPE US Sector Val TR 1CE,USCP,LU1079841273,ETF,EUR
Ossiam Shiller Barclays CAPE US Sector Val TR 1CE,CAPU,LU1079841273,ETF,EUR
Ossiam Shiller Barclays CAPE US Sector Val TR 1CE,CAPU,LU1079841273,ETF,EUR
Ossiam Shiller Barclays CAPE US Sector Val TR 1CE,0E16,LU1079841273,ETF,EUR
Ossiam Shiller Barclays CAPE US Sector Val TR 1CU,CAPU,LU1079841513,ETF,GBX
Ossiam Shiller Barclays CAPE US Sector Val TR 1CU,UCAP,LU1079841513,ETF,USD
Ossiam ShillerBarclaysCAPE EuSectValTR UCITSETF1CE,CAPE,LU1079842321,ETF,EUR
Ossiam ShillerBarclaysCAPE EuSectValTR UCITSETF1CE,CAPE,LU1079842321,ETF,EUR
Ossiam ShillerBarclaysCAPE EuSectValTR UCITSETF1CE,CAPE,LU1079842321,ETF,EUR
OSSIAM Stoxx Europe 600 EqualWeightNR UCITS ETF 1C,OSX6,LU0599613147,ETF,EUR
OSSIAM Stoxx Europe 600 EqualWeightNR UCITS ETF 1C,OSX6,LU0599613147,ETF,EUR
OSSIAM Stoxx Europe 600 EqualWeightNR UCITS ETF 1C,S6EW,LU0599613147,ETF,EUR
OSSIAM Stoxx Europe 600 EqualWeightNR UCITS ETF 1C,S6EW,LU0599613147,ETF,EUR
OSSIAM Stoxx Europe 600 EqualWeightNR UCITS ETF 1C,L6EW,LU0599613147,ETF,GBX
OSSIAM Stoxx Europe 600 EqualWeightNR UCITS ETF 1C,S6EW,LU0599613147,ETF,EUR
Pantarai Adapt Etp,ADPT,XS3142919219,ETF,EUR
Performance Trust Total Rtn Bond UCITS ETF Acc,PTAM,IE000X5OD4M3,ETF,EUR
WisdomTree Physical Swiss Gold ETC,GZUR,JE00B588CD74,ETF,EUR
WisdomTree Physical Swiss Gold ETC,16IF,JE00B588CD74,ETF,EUR
WisdomTree Physical XLMW ETP,WXLM,GB00BN7K9C82,ETF,EUR
WisdomTree Physical XLMW ETP,XLMW,GB00BN7K9C82,ETF,USD
WisdomTree Physical XRP ETP,XRPW,GB00BRXHQ425,ETF,USD
Wisdomtree Platinum Leveraged ETC,4RUM,JE00B2NFV134,ETF,EUR
Wisdomtree Platinum Leveraged ETC,LPLA,JE00B2NFV134,ETF,EUR
Wisdomtree Platinum Leveraged ETC,LPLA,JE00B2NFV134,ETF,USD
Wisdomtree Platinum Leveraged ETC,0FHX,JE00B2NFV134,ETF,EUR
WisdomTree Precious Metals - EUR Daily Hedged ETC,00XF,JE00B78NPQ01,ETF,EUR
Wisdomtree Precious Metals ETC,OD73,GB00B15KYF40,ETF,EUR
Wisdomtree Precious Metals ETC,AIGPP,GB00B15KYF40,ETF,EUR
Wisdomtree Precious Metals ETC,AIGP,GB00B15KYF40,ETF,USD
Wisdomtree Precious Metals ETC,AIGP,GB00B15KYF40,ETF,EUR
Wisdomtree Precious Metals ETC,00EF,GB00B15KYF40,ETF,EUR
WisdomTree Quantum Computing UCITS - USD Acc ETF,WQTM,IE000W8WMSL2,ETF,EUR
WisdomTree Quantum Computing UCITS - USD Acc ETF,WQTM,IE000W8WMSL2,ETF,EUR
WisdomTree Quantum Computing UCITS - USD Acc ETF,WQTM,IE000W8WMSL2,ETF,EUR
WisdomTree Renewable Energy UCITS - USD Acc ETF,WRNW,IE000P3D0W60,ETF,EUR
WisdomTree Renewable Energy UCITS - USD Acc ETF,WRNW,IE000P3D0W60,ETF,EUR
WisdomTree Renewable Energy UCITS - USD Acc ETF,WRNW,IE000P3D0W60,ETF,USD
WisdomTree Russell 2000,WRTY,XS3003324129,ETF,EUR
Wisdomtree S&P 500 3X Daily Leveraged,US9L,IE00B7Y34M31,ETF,EUR
Wisdomtree S&P 500 3X Daily Leveraged,US9L,IE00B7Y34M31,ETF,EUR
Wisdomtree S&P 500 3X Daily Leveraged,3USL,IE00B7Y34M31,ETF,EUR
Wisdomtree S&P 500 3X Daily Leveraged,3LUS,IE00B7Y34M31,ETF,GBX
Wisdomtree S&P 500 3X Daily Leveraged,3USL,IE00B7Y34M31,ETF,USD
Wisdomtree S&P 500 3X Daily Short,US9S,IE00B8K7KM88,ETF,EUR
Wisdomtree S&P 500 3X Daily Short,3USS,IE00B8K7KM88,ETF,EUR
Wisdomtree S&P 500 3X Daily Short,3ULS,IE00B8K7KM88,ETF,GBX
Wisdomtree S&P 500 3X Daily Short,3USS,IE00B8K7KM88,ETF,USD
WisdomTree S&P 500 5x Daily Leveraged ETP,US5L,XS2771643025,ETF,EUR
WisdomTree S&P 500 5x Daily Leveraged ETP,5USL,XS2771643025,ETF,EUR
WisdomTree S&P 500 5x Daily Short ETP,US5S,XS2771642308,ETF,EUR
WisdomTree S&P 500 5x Daily Short ETP,5USS,XS2771642308,ETF,EUR
WisdomTree S&P 500 ETN,WSPX,XS2427355958,ETF,EUR
Wisdomtree S&P 500 Vix Short-Term Future,VIXL,XS2819843736,ETF,EUR
Wisdomtree S&P 500 Vix Short-Term Future,VIXLG,XS2819843736,ETF,EUR
Wisdomtree S&P 500 Vix Short-Term Future,VIXL,XS2819843736,ETF,EUR
Wisdomtree S&P 500 Vix Short-Term Future,VIXL,XS2819843736,ETF,EUR
Wisdomtree S&P 500 Vix Short-Term Future,VILX,XS2819843736,ETF,GBX
Wisdomtree S&P 500 Vix Short-Term Future,VIXL,XS2819843736,ETF,USD
WisdomTree Short CHF Long EUR 3x Daily,CHE3,JE00B3S71Q64,ETF,EUR
WisdomTree Short Cny Long USD,SCNY,JE00B66M4S72,ETF,USD
WisdomTree Short CNY Long USD,XBJT,JE00B66M4S72,ETF,EUR
Wisdomtree Short EUR Long USD ETC,SEUR,JE00B68GSM94,ETF,USD
WisdomTree Short GBP Long EUR,GBEU,JE00B3MVPQ29,ETF,EUR
WisdomTree Short GBP Long EUR 3x Daily,GBE3,JE00B3RQ6R05,ETF,EUR
WisdomTree Short GBP Long EUR 5x Daily,GBE5,JE00BMM1X270,ETF,EUR
Wisdomtree Short GBP Long USD ETC,SGBP,JE00B68GRJ90,ETF,USD
21SHARES SUI STAKING ETP,21SI,CH1360612159,ETF,EUR
21Shares Tezos Staking ETP,21XZ,CH0491507486,ETF,EUR
21Shares Tezos Staking ETP,AXTZ,CH0491507486,ETF,USD
21Shares Tezos Staking ETP,AXTZ,CH0491507486,ETF,EUR
21Shares The Sandbox ETP,CH1177361008,CH1177361008,ETF,USD
21Shares Toncoin Staking ETP,TONN,CH1297762812,ETF,USD
21Shares Toncoin Staking ETP,TONN,CH1297762812,ETF,EUR
21Shares Uniswap ETP,CH1135202096,CH1135202096,ETF,USD
21Shares Uniswap ETP,AUNI,CH1135202096,ETF,EUR
21Shares Uniswap ETP,21XU,CH1135202096,ETF,EUR
21Shares XRP ETP,21XP,CH0454664043,ETF,EUR
21Shares XRP ETP,AXRP,CH0454664043,ETF,USD
21Shares XRP ETP,AXRP,CH0454664043,ETF,EUR
21Shares XRP ETP,21XX,CH0454664043,ETF,EUR
abrdn Future Raw Materials UCITS ETF USD Acc,ARAW,IE000J7QYHD8,ETF,GBX
abrdn Future Real Estate UCITS ETF USD Acc,R8T,IE000GGQK173,ETF,EUR
abrdn Future Real Estate UCITS ETF USD Acc,R8T,IE000GGQK173,ETF,EUR
abrdn Future Real Estate UCITS ETF USD Acc,AREG,IE000GGQK173,ETF,GBX
Alerian Midstream Energy Dividend UCITS ETF Dist,JMLP,IE00BKPTXQ89,ETF,EUR
Alerian Midstream Energy Dividend UCITS ETF Dist,JMLP,IE00BKPTXQ89,ETF,EUR
Alerian Midstream Energy Dividend UCITS ETF Dist,MMLP,IE00BKPTXQ89,ETF,CHF
Amina Bitcoin ETP,CH0558875933,CH0558875933,ETF,EUR
Amina Bitcoin ETP,SBTCU,CH0558875933,ETF,USD
AMINA Crypto Asset Select Index ETP,AMINA,CH0568452707,ETF,USD
AMINA Crypto Asset Select Index ETP,CH0568452707,CH0568452707,ETF,EUR
Amina Ethereum ETP,SETH,CH0587418630,ETF,USD
Amina Ethereum ETP,CH0587418630,CH0587418630,ETF,EUR
Amina Polkadot ETP,CH1113516871,CH1113516871,ETF,EUR
Amina Polkadot ETP,SDOT,CH1113516871,ETF,USD
Amundi Australia S&P/ASX 200 UCITS ETF Dist,LYPU,LU0496786905,ETF,EUR
Amundi Australia S&P/ASX 200 UCITS ETF Dist,LYPU,LU0496786905,ETF,EUR
Amundi Australia S&P/ASX 200 UCITS ETF Dist,AUST,LU0496786905,ETF,EUR
Amundi BEL 20 UCITS ETF Dist,BEL,FR0000021842,ETF,EUR
Amundi Bloomberg Equal-weight Commodity ex-Agriculture  UCITS ETF Acc,LYTR,LU1829218749,ETF,EUR
Amundi Bloomberg Equal-weight Commodity ex-Agriculture  UCITS ETF Acc,COMO ,LU1829218749,ETF,EUR
Amundi CAC 40 Daily (-1X) Inverse UCITS ETF Acc,SHC,FR0010591362,ETF,EUR
Amundi CAC 40 Daily (-1X) Inverse UCITS ETF Acc,0MRS,FR0010591362,ETF,EUR
Amundi CAC 40 Daily (-2X) Inverse UCITS ETF Acc,BX4,FR0010411884,ETF,EUR
Amundi CAC 40 Daily (2x) Leveraged UCITS ETF Acc,LYML,FR0010592014,ETF,EUR
Amundi CAC 40 Daily (2X) Leveraged UCITS ETF Acc,LVC,FR0010592014,ETF,EUR
Amundi CAC 40 Daily (2X) Leveraged UCITS ETF Acc,0MRT,FR0010592014,ETF,EUR
Amundi CAC 40 ESG UCITS ETF Dist,C4D ,LU1681047079,ETF,EUR
Amundi CAC 40 ESG UCITS ETF DR - EUR C,GC40,LU1681046931,ETF,EUR
Amundi CAC 40 ESG UCITS ETF DR - EUR C,C40  ,LU1681046931,ETF,EUR
Amundi CAC 40 ESG UCITS ETF DR - EUR C,GC40,LU1681046931,ETF,EUR
Amundi Cac 40 Ucits Etf Acc,VOOP,FR0013380607,ETF,EUR
Amundi CAC 40 UCITS ETF Acc,CACC,FR0013380607,ETF,EUR
Amundi CAC 40 UCITS ETF Dist,LYY,FR0007052782,ETF,EUR
Amundi CAC 40 UCITS ETF Dist,CAC,FR0007052782,ETF,EUR
Amundi CAC 40 UCITS ETF Dist,CACX,FR0007052782,ETF,GBX
VanEck Genomics & Hlth Cr Innvtrs UCITS ETF USD A,CURE,IE000B9PQW54,ETF,EUR
VanEck Genomics & Hlth Cr Innvtrs UCITS ETF USD A,CURE,IE000B9PQW54,ETF,EUR
VanEck Genomics & Hlth Cr Innvtrs UCITS ETF USD A,CURE,IE000B9PQW54,ETF,USD
VanEck Genomics & Hlth Cr Innvtrs UCITS ETF USD A,CURG,IE000B9PQW54,ETF,GBP
VanEck Global Fallen Angel High Yield Bond UCITS ETF,GFEA,IE00BF540Z61,ETF,EUR
VanEck Global Fallen Angel High Yield Bond UCITS ETF,GFA,IE00BF540Z61,ETF,USD
VanEck Global Fallen Angel High Yield Bond UCITS ETF,GFGB,IE00BF540Z61,ETF,GBP
VanEck Global Fallen Angel High Yield Bond UCITS ETF,GFEA,IE00BF540Z61,ETF,EUR
VanEck Global Fallen Angel High Yield Bond UCITS ETF,GFA,IE00BF540Z61,ETF,EUR
VanEck Global Fallen Angel High Yield Bond UCITS ETF,GFAA,IE00BF540Z61,ETF,CHF
VanEck Global Real Estate UCITS ETF,TRET,NL0009690239,ETF,EUR
VanEck Global Real Estate UCITS ETF,TRET,NL0009690239,ETF,EUR
VanEck Global Real Estate UCITS ETF,TRET,NL0009690239,ETF,EUR
VanEck Global Real Estate UCITS ETF,TRET,NL0009690239,ETF,EUR
VanEck Global Real Estate UCITS ETF,TREG,NL0009690239,ETF,GBP
VanEck Global Real Estate UCITS ETF,TRET,NL0009690239,ETF,USD
VanEck Global Real Estate UCITS ETF,TRET,NL0009690239,ETF,CHF
VanEck Gold Miners UCITS ETF USD A,G2X,IE00BQQP9F84,ETF,EUR
VanEck Gold Miners UCITS ETF USD A,GDX,IE00BQQP9F84,ETF,USD
VanEck Gold Miners UCITS ETF USD A,G2X,IE00BQQP9F84,ETF,EUR
VanEck Gold Miners UCITS ETF USD A,GDX,IE00BQQP9F84,ETF,CHF
VanEck Gold Miners UCITS ETF USD A,GDX,IE00BQQP9F84,ETF,EUR
VanEck Gold Miners UCITS ETF USD A,GDGB,IE00BQQP9F84,ETF,GBP
VanEck Hydrogen Economy UCITS ETF USD A,HDR0,IE00BMDH1538,ETF,EUR
VanEck Hydrogen Economy UCITS ETF USD A,HDR0,IE00BMDH1538,ETF,EUR
VanEck Hydrogen Economy UCITS ETF USD A,HDRO,IE00BMDH1538,ETF,EUR
VanEck Hydrogen Economy UCITS ETF USD A,HDGB,IE00BMDH1538,ETF,GBP
VanEck Hydrogen Economy UCITS ETF USD A,HDRO,IE00BMDH1538,ETF,USD
VanEck iBoxx EUR Sovereign Diversifi 1-10,TGBT,NL0009690254,ETF,EUR
VanEck iBoxx EUR Sovereign Diversifi 1-10,TGBT,NL0009690254,ETF,EUR
VanEck iBoxx EUR Sovereign Diversifi 1-10,TGBT,NL0009690254,ETF,EUR
VanEck J.P. Morgan EM LC Bond UCITS ETF USD A,EM1C,IE00BDS67326,ETF,EUR
VanEck J.P. Morgan EM LC Bond UCITS ETF USD A,EM1C,IE00BDS67326,ETF,EUR
VanEck J.P. Morgan EM LC Bond UCITS ETF USD A,EMLC,IE00BDS67326,ETF,USD
VanEck J.P. Morgan EM LC Bond UCITS ETF USD A,EMLC,IE00BDS67326,ETF,EUR
VanEck J.P. Morgan EM LC Bond UCITS ETF USD A,EMGB,IE00BDS67326,ETF,GBP
VanEck J.P. Morgan EM LC Bond UCITS ETF USD A,EMLC,IE00BDS67326,ETF,CHF
VanEck Junior Gold Miners UCITS ETF USD A,G2XJ,IE00BQQP9G91,ETF,EUR
VanEck Junior Gold Miners UCITS ETF USD A,GDXJ,IE00BQQP9G91,ETF,USD
VanEck Junior Gold Miners UCITS ETF USD A,G2XJ,IE00BQQP9G91,ETF,EUR
VanEck Junior Gold Miners UCITS ETF USD A,GDXJ,IE00BQQP9G91,ETF,CHF
VanEck Junior Gold Miners UCITS ETF USD A,GDXJ,IE00BQQP9G91,ETF,EUR
VanEck Junior Gold Miners UCITS ETF USD A,GJGB,IE00BQQP9G91,ETF,GBP
Vaneck Medical Robotics Bionic Ucits Etf,CIB0,IE0005TF96I9,ETF,EUR
Vaneck Medical Robotics Bionic Ucits Etf,CIB0,IE0005TF96I9,ETF,EUR
Vaneck Medical Robotics Bionic Ucits Etf,CYBG,IE0005TF96I9,ETF,GBP
Vaneck Medical Robotics Bionic Ucits Etf,CYBO,IE0005TF96I9,ETF,USD
Vaneck Medical Robotics Bionic Ucits Etf,CYBO,IE0005TF96I9,ETF,EUR
VanEck Morningstar Gl Wide Moat UCITS ETF USD A,VVGM,IE00BL0BMZ89,ETF,EUR
VanEck Morningstar Gl Wide Moat UCITS ETF USD A,VVGM,IE00BL0BMZ89,ETF,EUR
Xtrackers SLI UCITS 1D ETF,DXS0,LU0322248146,ETF,EUR
Xtrackers Spain UCITS 1C ETF,XESP,LU0592216393,ETF,EUR
Xtrackers Spain UCITS 1C ETF,XESP,LU0592216393,ETF,EUR
Xtrackers Spain UCITS 1D ETF,XESD,LU0994505336,ETF,EUR
Xtrackers STOXX Europe 600 UCITS 1C ETF,DX2X,LU0328475792,ETF,EUR
Xtrackers STOXX Europe 600 UCITS 1C ETF,DX2X,LU0328475792,ETF,EUR
Xtrackers STOXX Europe 600 UCITS 1C ETF,XSX6,LU0328475792,ETF,EUR
Xtrackers STOXX Europe 600 UCITS 1C ETF,XSX6,LU0328475792,ETF,GBX
Xtrackers STOXX Europe 600 UCITS 2C EUR Hedged ETF,XSXE,LU1772333404,ETF,EUR
Xtrackers STOXX Europe 600 UCITS ETF,XSX7,LU2581375156,ETF,EUR
Xtrackers STOXX Europe 600 UCITS ETF,XSX7,LU2581375156,ETF,EUR
Xtrackers Stoxx European Market Leaders UCITS 1C ETF,XZEC,IE00BNKF6C99,ETF,EUR
Xtrackers Stoxx Gl Select Div 100 SwapUCITS ETF 1D,DXSB,LU0292096186,ETF,EUR
Xtrackers Stoxx Gl Select Div 100 SwapUCITS ETF 1D,DXSB,LU0292096186,ETF,EUR
Xtrackers Stoxx Gl Select Div 100 SwapUCITS ETF 1D,XGSD,LU0292096186,ETF,CHF
Xtrackers Stoxx Gl Select Div 100 SwapUCITS ETF 1D,XGSD,LU0292096186,ETF,EUR
Xtrackers Stoxx Gl Select Div 100 SwapUCITS ETF 1D,XGDD,LU0292096186,ETF,USD
Xtrackers Stoxx Gl Select Div 100 SwapUCITS ETF 1D,XGSD,LU0292096186,ETF,GBX
Xtrackers Switzerland UCITS 1D ETF,DBXS,LU0274221281,ETF,EUR
Xtrackers Switzerland UCITS 1D ETF,DBXS,LU0274221281,ETF,EUR
Xtrackers Switzerland UCITS 1D ETF,XSMI,LU0274221281,ETF,CHF
Xtrackers Switzerland UCITS 1D ETF,XSMI,LU0274221281,ETF,EUR
Xtrackers Switzerland UCITS ETF 1C,XSMC,LU0943504760,ETF,CHF
Xtrackers Switzerland UCITS ETF 1C,0DZH,LU0943504760,ETF,CHF
Xtrackers US Equity Enhanced Active UCITS 1C ETF,XEEU,IE0002PGSLZ5,ETF,EUR
Xtrackers US Equity Enhanced Active UCITS 1C ETF,XEEU,IE0002PGSLZ5,ETF,EUR
Xtrackers US Equity Enhanced Active UCITS 1C ETF,XEES,IE0002PGSLZ5,ETF,GBP
Xtrackers US Treasuries Ultrashort Bond UCITS 1C ETF,XT01,IE00BM97MR69,ETF,EUR
Xtrackers US Treasuries Ultrashort Bond UCITS 1C ETF,XT01,IE00BM97MR69,ETF,EUR
Xtrackers USD Corporate Bond Short Duration SRI PAB UCITS 2C EUR Hedged ETF,XYLE,IE00BFMKQ930,ETF,EUR
Xtrackers USD Corporate Bond UCITS 1D ETF,XDGU,IE00BZ036H21,ETF,EUR
Xtrackers USD Corporate Bond UCITS 1D ETF,XDGU,IE00BZ036H21,ETF,EUR
Xtrackers USD Corporate Bond UCITS 1D ETF,XDGU,IE00BZ036H21,ETF,USD
Xtrackers USD Corporate Bond UCITS 1D ETF,XDGU,IE00BZ036H21,ETF,EUR
Xtrackers USD Corporate Bond UCITS 2D EUR Hedged ETF,XDGE,IE00BZ036J45,ETF,EUR
Xtrackers USD Corporate Bond UCITS 2D EUR Hedged ETF,XDGE,IE00BZ036J45,ETF,EUR
Xtrackers USD Corporate Bond UCITS 2D EUR Hedged ETF,XDGE,IE00BZ036J45,ETF,EUR
Xtrackers USD High Yield Corporate Bond UCITS 1D ETF,XUHY,IE00BDR5HM97,ETF,EUR
Xtrackers USD High Yield Corporate Bond UCITS 1D ETF,XUHY,IE00BDR5HM97,ETF,EUR
Xtrackers USD High Yield Corporate Bond UCITS 1D ETF,XUHY,IE00BDR5HM97,ETF,CHF
Xtrackers Vietnam Swap UCITS 1C ETF,DXS7,LU0322252924,ETF,EUR
Xtrackers Vietnam Swap UCITS 1C ETF,DXS7,LU0322252924,ETF,EUR
Xtrackers Vietnam Swap UCITS 1C ETF,XFVT,LU0322252924,ETF,CHF
Xtrackers Vietnam Swap UCITS 1C ETF,XFVT,LU0322252924,ETF,EUR
Xtrackers Vietnam Swap UCITS 1C ETF,XFVT,LU0322252924,ETF,GBX
Xtrackers Vietnam Swap UCITS 1C ETF,XVTD,LU0322252924,ETF,USD
Xtrackers World Biodiversity Focus SRI UCITS 1C ETF,XBI0,IE000E0V65D8,ETF,EUR
Xtrackers World Biodiversity Focus SRI UCITS 1C ETF,XBI0,IE000E0V65D8,ETF,USD
Xtrackers World Equity Enhanced Active UCITS 1C ETF,XEEW,IE00094GSCQ4,ETF,EUR
Xtrackers World Equity Enhanced Active UCITS 1C ETF,XEEW,IE00094GSCQ4,ETF,EUR
Vanguard EUR Corporate Bond UCITS ETF EUR Dis,VECP,IE00BZ163G84,ETF,EUR
Vanguard EUR Corporate Bond UCITS ETF EUR Dis,VG7I,IE00BZ163G84,ETF,EUR
Vanguard EUR Eurozon Gov 1-3Y Bond UCITS ETF EUR A,VEGF,IE00004S2680,ETF,EUR
Vanguard EUR Eurozon Gov 1-3Y Bond UCITS ETF EUR A,VEGF,IE00004S2680,ETF,EUR
Vanguard EUR Eurozone Government 1-3 Year Bond UCITS EUR Distributing ETF,VEGE,IE000HARFTG3,ETF,EUR
Vanguard EUR Eurozone Gvt Bd UCITS ETF EUR Acc,VGEA,IE00BH04GL39,ETF,EUR
Vanguard EUR Eurozone Gvt Bd UCITS ETF EUR Acc,VGEA,IE00BH04GL39,ETF,EUR
Vanguard EUR Eurozone Gvt Bd UCITS ETF EUR Acc,VETA,IE00BH04GL39,ETF,GBP
Vanguard EUR Eurozone Gvt Bd UCITS ETF EUR Acc,VGEA,IE00BH04GL39,ETF,EUR
Vanguard EUR Eurozone Gvt Bd UCITS ETF EUR Dis,VGEB,IE00BZ163H91,ETF,EUR
Vanguard EUR Eurozone Gvt Bd UCITS ETF EUR Dis,VETY,IE00BZ163H91,ETF,GBP
Vanguard EUR Eurozone Gvt Bd UCITS ETF EUR Dis,VETY,IE00BZ163H91,ETF,CHF
Vanguard EUR Eurozone Gvt Bd UCITS ETF EUR Dis,VETY,IE00BZ163H91,ETF,EUR
Vanguard EUR Eurozone Gvt Bd UCITS ETF EUR Dis,VG7J,IE00BZ163H91,ETF,EUR
Vanguard FTSE 100 UCITS ETF GBP Acc,VUKG,IE00BFMXYP42,ETF,EUR
Vanguard FTSE 100 UCITS ETF GBP Acc,VUKG,IE00BFMXYP42,ETF,GBP
Vanguard FTSE 100 UCITS ETF GBP Dis,VUKE,IE00B810Q511,ETF,EUR
Vanguard FTSE 100 UCITS ETF GBP Dis,VUKE,IE00B810Q511,ETF,EUR
Vanguard FTSE 100 UCITS ETF GBP Dis,VUKE,IE00B810Q511,ETF,CHF
Vanguard FTSE 100 UCITS ETF GBP Dis,VG74,IE00B810Q511,ETF,EUR
Vanguard FTSE 100 UCITS ETF GBP Dis,VUKE,IE00B810Q511,ETF,GBP
Vanguard FTSE 250 UCITS ETF GBP Acc,VMIG,IE00BFMXVQ44,ETF,GBP
Vanguard FTSE 250 UCITS ETF GBP Dis,VMID,IE00BKX55Q28,ETF,EUR
Vanguard FTSE 250 UCITS ETF GBP Dis,VMID,IE00BKX55Q28,ETF,CHF
Vanguard FTSE 250 UCITS ETF GBP Dis,VMID,IE00BKX55Q28,ETF,GBP
Vanguard FTSE 250 UCITS ETF GBP Dis,VG7C,IE00BKX55Q28,ETF,EUR
Vanguard FTSE All-World UCITS - (USD) Accumulating ETF,VWCE,IE00BK5BQT80,ETF,EUR
Vanguard FTSE All-World UCITS - (USD) Accumulating ETF,VWCE,IE00BK5BQT80,ETF,EUR
Vanguard FTSE All-World UCITS - (USD) Accumulating ETF,VWRA,IE00BK5BQT80,ETF,USD
Vanguard FTSE All-World UCITS - (USD) Accumulating ETF,VWRP,IE00BK5BQT80,ETF,GBP
Vanguard FTSE All-World UCITS - (USD) Accumulating ETF,VWRA,IE00BK5BQT80,ETF,CHF
Vanguard FTSE All-World UCITS - (USD) Accumulating ETF,VWCE,IE00BK5BQT80,ETF,EUR
Vanguard FTSE All-World UCITS - (USD) Accumulating ETF,VWCE,IE00BK5BQT80,ETF,EUR
Vanguard FTSE All-World UCITS ETF USD Dis,VGWL,IE00B3RBWM25,ETF,EUR
Vanguard FTSE All-World UCITS ETF USD Dis,VWRL,IE00B3RBWM25,ETF,EUR
Vanguard FTSE All-World UCITS ETF USD Dis,VG72,IE00B3RBWM25,ETF,EUR
Vanguard FTSE All-World UCITS ETF USD Dis,VWRL,IE00B3RBWM25,ETF,EUR
Vanguard FTSE All-World UCITS ETF USD Dis,VWRD,IE00B3RBWM25,ETF,USD
Vanguard FTSE All-World UCITS ETF USD Dis,VWRL,IE00B3RBWM25,ETF,GBP
Vanguard FTSE All-World UCITS ETF USD Dis,VWRL,IE00B3RBWM25,ETF,CHF
Vanguard FTSE Developed Asia Pacific ex Japan UCITS ETF Distributing,VG79,IE00B9F5YL18,ETF,EUR
Vanguard FTSE Developed Europe ex UK UCITS - (EUR) Accumulating ETF,VERE,IE00BK5BQY34,ETF,EUR
Vanguard FTSE Developed Europe UCITS - (EUR) Accumulating ETF,VWCG,IE00BK5BQX27,ETF,EUR
Vanguard FTSE Developed Europe UCITS - (EUR) Accumulating ETF,VWCG,IE00BK5BQX27,ETF,EUR
Vanguard FTSE Developed Europe UCITS - (EUR) Accumulating ETF,VWCG,IE00BK5BQX27,ETF,CHF
Vanguard FTSE Developed Europe UCITS ETF EUR D,VGEU,IE00B945VV12,ETF,EUR
Vanguard FTSE Developed Europe UCITS ETF EUR D,VEUR,IE00B945VV12,ETF,EUR
Vanguard FTSE Developed Europe UCITS ETF EUR D,VEUD,IE00B945VV12,ETF,USD
Vanguard FTSE Developed Europe UCITS ETF EUR D,VEUR,IE00B945VV12,ETF,CHF
Vanguard FTSE Developed Europe UCITS ETF EUR D,VEUR,IE00B945VV12,ETF,GBP
iShares Core MSCI EM IMI UCITS USD (Dist) ETF,IBC3,IE00BD45KH83,ETF,EUR
iShares Core MSCI EMU UCITS ETF EUR (Acc),SXR7,IE00B53QG562,ETF,EUR
iShares Core MSCI EMU UCITS ETF EUR (Acc),CSEMU,IE00B53QG562,ETF,EUR
iShares Core MSCI EMU UCITS ETF EUR (Acc),IEMU,IE00B53QG562,ETF,USD
iShares Core MSCI EMU UCITS ETF EUR (Acc),CEMU,IE00B53QG562,ETF,EUR
iShares Core MSCI EMU UCITS ETF EUR (Acc),CSEMU,IE00B53QG562,ETF,EUR
iShares Core MSCI EMU UCITS ETF EUR (Acc),SXR7,IE00B53QG562,ETF,EUR
iShares Core MSCI EMU UCITS ETF EUR (Acc),CEU1,IE00B53QG562,ETF,GBX
iShares Core MSCI EMU UCITS ETF EUR (Dist),CEUD,IE00BYXZ2585,ETF,EUR
iShares Core MSCI EMU UCITS ETF EUR (Dist),0Y8Z,IE00BYXZ2585,ETF,EUR
iShares Core MSCI EMU UCITS ETF USD Hedged (Acc),CEUU,IE00BKBF6616,ETF,USD
iShares Core MSCI Europe UCITS ETF EUR (Acc),EUNK,IE00B4K48X80,ETF,EUR
iShares Core MSCI Europe UCITS ETF EUR (Acc),IMAE,IE00B4K48X80,ETF,EUR
iShares Core MSCI Europe UCITS ETF EUR (Acc),SMEA,IE00B4K48X80,ETF,EUR
iShares Core MSCI Europe UCITS ETF EUR (Acc),EUNK,IE00B4K48X80,ETF,EUR
iShares Core MSCI Europe UCITS ETF EUR (Acc),IMEA,IE00B4K48X80,ETF,CHF
iShares Core MSCI Europe UCITS ETF EUR (Acc),SMEA,IE00B4K48X80,ETF,GBX
iShares Core MSCI Europe UCITS ETF EUR Dist,IQQY,IE00B1YZSC51,ETF,EUR
iShares Core MSCI Europe UCITS ETF EUR Dist,IMEU,IE00B1YZSC51,ETF,CHF
iShares Core MSCI Europe UCITS ETF EUR Dist,IMEU,IE00B1YZSC51,ETF,GBX
iShares Core MSCI Europe UCITS ETF EUR Dist,ISEU,IE00B1YZSC51,ETF,USD
iShares Core MSCI Europe UCITS ETF EUR Dist,IMEU,IE00B1YZSC51,ETF,EUR
iShares Core MSCI Europe UCITS ETF EUR Dist,IQQY,IE00B1YZSC51,ETF,EUR
iShares Core MSCI Europe UCITS ETF EUR Dist,IMEU,IE00B1YZSC51,ETF,EUR
iShares Core MSCI Europe UCITS EUR (Acc) ETF,CEBZ,IE000MAO75G5,ETF,EUR
iShares Core MSCI Europe UCITS EUR (Acc) ETF,CEBZ,IE000MAO75G5,ETF,EUR
iShares Core MSCI Japan IMI UCITS ETF USD Acc,EUNN,IE00B4L5YX21,ETF,EUR
iShares Core MSCI Japan IMI UCITS ETF USD Acc,IJPA,IE00B4L5YX21,ETF,USD
iShares Core MSCI Japan IMI UCITS ETF USD Acc,IJPA,IE00B4L5YX21,ETF,EUR
iShares Core MSCI Japan IMI UCITS ETF USD Acc,SJPA,IE00B4L5YX21,ETF,EUR
iShares Core MSCI Japan IMI UCITS ETF USD Acc,SJPA,IE00B4L5YX21,ETF,JPY
iShares Core MSCI Japan IMI UCITS ETF USD Acc,EUNN,IE00B4L5YX21,ETF,EUR
iShares Core MSCI Japan IMI UCITS ETF USD Acc,SJPA,IE00B4L5YX21,ETF,GBX
iShares Core MSCI Japan IMI UCITS ETF USD Dist,SJPD,IE00BFM15T99,ETF,USD
iShares Core MSCI Pacific ex-Japan UCITS ETF USD A,SXR1,IE00B52MJY50,ETF,EUR
iShares Core MSCI Pacific ex-Japan UCITS ETF USD A,SXR1,IE00B52MJY50,ETF,EUR
iShares Core MSCI Pacific ex-Japan UCITS ETF USD A,CSPXJ,IE00B52MJY50,ETF,EUR
iShares Core MSCI Pacific ex-Japan UCITS ETF USD A,CPXJ,IE00B52MJY50,ETF,EUR
iShares Core MSCI Pacific ex-Japan UCITS ETF USD A,CPJ1,IE00B52MJY50,ETF,GBX
iShares Core MSCI Pacific ex-Japan UCITS ETF USD A,CPXJ,IE00B52MJY50,ETF,USD
iShares Core MSCI Pacific ex-Japan UCITS ETF USD A,CSPXJ,IE00B52MJY50,ETF,USD
iShares Core MSCI World UCITS ETF USD (Acc),EUNL,IE00B4L5Y983,ETF,EUR
iShares Core MSCI World UCITS ETF USD (Acc),IWDA,IE00B4L5Y983,ETF,EUR
iShares Core MSCI World UCITS ETF USD (Acc),SWDA,IE00B4L5Y983,ETF,USD
iShares Core MSCI World UCITS ETF USD (Acc),EUNL,IE00B4L5Y983,ETF,EUR
iShares Core MSCI World UCITS ETF USD (Acc),SWDA,IE00B4L5Y983,ETF,EUR
iShares Core MSCI World UCITS ETF USD (Acc),SWDA,IE00B4L5Y983,ETF,GBX
iShares Core MSCI World UCITS ETF USD (Acc),IWDA,IE00B4L5Y983,ETF,USD
iShares Core MSCI World UCITS ETF USD (Dist),IWDD,IE000OHHIBC6,ETF,USD
iShares Core MSCI World UCITS EUR Hedged (Dist) ETF,IWLE,IE00BKBF6H24,ETF,EUR
Goldman Sachs Alpha Enhanced Japan Equity Active UCITS Class JPY Acc ETF,GQJY,IE000ZUTO1I5,ETF,EUR
Goldman Sachs Alpha Enhanced Japan Equity Active UCITS Class JPY Acc ETF,GQJY,IE000ZUTO1I5,ETF,EUR
Goldman Sachs EM Grn and SclBd Act UCITS ETF USD D,GEMS,IE000EC86C06,ETF,CHF
Goldman Sachs EM Grn and SclBdAct UCITS ETF EURH D,GAEM,IE000GZD8ME7,ETF,EUR
Goldman Sachs EM Grn and SclBdAct UCITS ETF EURH D,GAEM,IE000GZD8ME7,ETF,EUR
Goldman Sachs EUR HY Bond Active UCITS ETF EUR Dis,GXHY,IE000M02BVY5,ETF,EUR
Goldman Sachs EUR HY Bond Active UCITS ETF EUR Dis,GXHY,IE000M02BVY5,ETF,EUR
Goldman Sachs EUR HY Bond Active UCITS ETF EUR Dis,EUHY,IE000M02BVY5,ETF,CHF
Goldman Sachs EUR InvGr Crp Bd Act UCITS ETF EUR A,GIGA,IE000O6GI299,ETF,EUR
Goldman Sachs EUR InvGr Crp Bd Act UCITS ETF EUR D,GIGE,IE0009EDBBS3,ETF,EUR
Goldman Sachs EUR InvGr Crp Bd Act UCITS ETF EUR D,GIGE,IE0009EDBBS3,ETF,EUR
Goldman Sachs EUR InvGr Crp Bd Act UCITS ETF EUR D,GIGE,IE0009EDBBS3,ETF,CHF
Goldman Sachs Global Green Bond UCITS - Class EUR-Hedged (dist) ETF,GSXG,IE000L0X6L81,ETF,EUR
Goldman Sachs Global Green Bond UCITS - Class EUR-Hedged (dist) ETF,GSXG,IE000L0X6L81,ETF,EUR
Goldman Sachs Global Green Bond UCITS - Class EUR-Hedged (dist) ETF,GSGR,IE000L0X6L81,ETF,EUR
Goldman Sachs PA Cl World Equity UCITS ETF USD Acc,GACL,IE000HPBRE54,ETF,EUR
Goldman Sachs PA Cl World Equity UCITS ETF USD Acc,GACL,IE000HPBRE54,ETF,EUR
Goldman Sachs USD HY Bond Active UCITS ETF USD Dis,GUHY,IE0006B9CPY7,ETF,EUR
Goldman Sachs USD HY Bond Active UCITS ETF USD Dis,GUHY,IE0006B9CPY7,ETF,EUR
Goldman Sachs USD InvGr Crp Bd Act UCITS ETF USD D,GIGU,IE000RRCJI06,ETF,EUR
Goldman Sachs USD InvGr Crp Bd Act UCITS ETF USD D,GIGU,IE000RRCJI06,ETF,EUR
Goshawk Global Balanced UCITS ETF Acc,DIGI,IE00BL643144,ETF,EUR
Goshawk Global Balanced UCITS ETF Acc,ROE,IE00BL643144,ETF,USD
Goshawk Global Balanced UCITS ETF Acc,ROES,IE00BL643144,ETF,GBX
Goshawk Global Balanced UCITS ETF Acc,DIGI,IE00BL643144,ETF,EUR
Goshawk Global Balanced UCITS ETF Acc,ROE,IE00BL643144,ETF,EUR
Goshawk Global Balanced UCITS ETF Acc,DIGI,IE00BL643144,ETF,EUR
Granite 3Xl Rolls-Royce Daily ETP,3LRR,XS2856106567,ETF,GBX
GraniteShares 3x Long AMD Daily ETP,3LAM,XS3075487713,ETF,USD
Graniteshares 3x Long Coinbase Daily Etp,3LCO,XS2575914176,ETF,USD
GraniteShares 3x Long Danone Daily ETP,3LDA,XS2376974304,ETF,EUR
GraniteShares 3x Long FAANG Daily ETP,3FNG,XS2679091996,ETF,USD
GraniteShares 3x Long MicroStrategy ETP,3LMI,XS2617255760,ETF,USD
GraniteShares 3x Long Moderna Daily ETP,3LMO,XS3069877556,ETF,USD
Graniteshares 3X Long Msft Daily ETP,3LMS,XS2662640627,ETF,USD
Graniteshares 3x Long Paypal Daily Etp,3LPP,XS2596087671,ETF,USD
Graniteshares 3x Long Spotify Daily Etp,3LPO,XS2435549261,ETF,USD
GraniteShares 3x Long Square Daily ETP,3LSQ,XS2596085972,ETF,USD
GraniteShares 3x Long Tesla Daily ETP,3LTS,XS2656472193,ETF,USD
GraniteShares 3x Long Uber Daily ETP,3LUB,XS2662640973,ETF,USD
GraniteShares 3x Short Apple Daily ETP,3SAP,XS2662641195,ETF,USD
GraniteShares 3x Short AXA Daily ETP,3SAX,XS2376951781,ETF,EUR
GraniteShares 3x Short BNP Daily ETP,3SBN,XS2376952243,ETF,EUR
Graniteshares 3X Short Fb Daily ETP,3SFB,XS2671672819,ETF,USD
GraniteShares 3x Short L'Oreal Daily ETP,3SOR,XS2376974999,ETF,EUR
Graniteshares 3X Short Nvidia Daily ETP,3SNV,XS2842095676,ETF,USD
Graniteshares Faang ETP,FANG,XS2679084603,ETF,USD
GS Global Green Bond ETF (EUR),GSGR,IE000SYQFJV2,ETF,EUR
Guinness Sustainable Energy UCITS ETF Acc,CLMA,IE00BNC1F287,ETF,EUR
Guinness Sustainable Energy UCITS ETF Acc,CLMA,IE00BNC1F287,ETF,EUR
Amundi S&P Eurozone Cl Paris Aligned UCITS ETF A,ZPAB,LU2195226068,ETF,EUR
Amundi S&P Eurozone Cl Paris Aligned UCITS ETF A,EPAB,LU2195226068,ETF,CHF
Amundi S&P Eurozone Cl Paris Aligned UCITS ETF A,ZPAB,LU2195226068,ETF,EUR
Amundi S&P Eurozone Div Arist Scrnd UCITS ETF D,EUDIV,LU0959210278,ETF,EUR
Amundi S&P SmallCap 600 Screened UCITS ETF Dist,USASUS,IE000XLJ2JQ9,ETF,USD
Amundi S&P World Communication Services Screened UCITS Acc ETF,TELW ,IE000EFHIFG3,ETF,EUR
Amundi S&P World Consumer Discretionary Screened UCITS Acc ETF,WELJ,IE000NM0ALX6,ETF,EUR
Amundi S&P World Consumer Discretionary Screened UCITS Acc ETF,IE000NM0ALX6,IE000NM0ALX6,ETF,EUR
Amundi S&P World Consumer Staples Screened UCITS Acc ETF,WELW,IE000ZIJ5B20,ETF,EUR
Amundi S&P World Consumer Staples Screened UCITS Acc ETF,WELW,IE000ZIJ5B20,ETF,EUR
Amundi S&P World Consumer Staples Screened UCITS Acc ETF,STAW,IE000ZIJ5B20,ETF,EUR
Amundi S&P World Consumer Staples Screened UCITS Acc ETF,IE000ZIJ5B20,IE000ZIJ5B20,ETF,EUR
Amundi S&P World Energy Screened UCITS Acc ETF,WELN,IE000J0LN0R5,ETF,EUR
Amundi S&P World Energy Screened UCITS Acc ETF,WELN,IE000J0LN0R5,ETF,EUR
Amundi S&P World Energy Screened UCITS Acc ETF,ENERW,IE000J0LN0R5,ETF,EUR
Amundi S&P World Energy Screened UCITS Dist ETF,WELP,IE0009SJ3GE3,ETF,EUR
Amundi S&P World Energy Screened UCITS Dist ETF,WEL6,IE0009SJ3GE3,ETF,USD
Amundi S&P World Financials Screened UCITS Acc ETF,WELK,IE000KYX7IP4,ETF,EUR
Amundi S&P World Financials Screened UCITS Acc ETF,WEL7,IE000KYX7IP4,ETF,USD
Amundi S&P World Health Care Screened UCITS Acc ETF,WELS,IE0006FM6MI8,ETF,EUR
Amundi S&P World Industrials Screened UCITS Acc ETF,WELH,IE000LTA2082,ETF,EUR
Amundi S&P World Industrials Screened UCITS Acc ETF,INDGW,IE000LTA2082,ETF,EUR
Amundi S&P World Industrials Screened UCITS Acc ETF,IE000LTA2082,IE000LTA2082,ETF,EUR
Amundi S&P World Information Technology Screened UCITS DR - EUR (A) ETF,WELU,IE000E7EI9P0,ETF,EUR
Amundi S&P World Materials Screened UCITS Acc ETF,WELI,IE000FCGBU62,ETF,EUR
Amundi S&P World Materials Screened UCITS Acc ETF,WELI,IE000FCGBU62,ETF,EUR
Amundi S&P World Materials Screened UCITS Acc ETF,MATW,IE000FCGBU62,ETF,EUR
Amundi S&P World Materials Screened UCITS Acc ETF,IE000FCGBU62,IE000FCGBU62,ETF,EUR
Amundi S&P World Utilities Screened UCITS Acc ETF,WELD,IE000PMX0MW6,ETF,EUR
Amundi S&P World Utilities Screened UCITS Acc ETF,WELD,IE000PMX0MW6,ETF,EUR
Amundi S&P World Utilities Screened UCITS Acc ETF,UTIW,IE000PMX0MW6,ETF,EUR
Amundi S&P World Utilities Screened UCITS Dist ETF,WELQ,IE00052T92P8,ETF,EUR
Amundi SDAX UCITS Dist ETF,AK8E,LU2611732475,ETF,EUR
Amundi ShortDAX Daily (-1x) Inverse UCITS - Dist ETF,AHYK,LU2572257041,ETF,EUR
Amundi ShortDAX Daily (-1x) Inverse UCITS - Dist ETF,AHYK,LU2572257041,ETF,EUR
Amundi ShortDAX Daily (-2x) Inverse UCITS ETF Acc,LYQL,FR0010869495,ETF,EUR
Amundi ShortDAX Daily (-2x) Inverse UCITS ETF Acc,LYDSD,FR0010869495,ETF,EUR
Amundi ShortDAX Daily (-2x) Inverse UCITS ETF Acc,LYQL,FR0010869495,ETF,EUR
Amundi ShortDAX Daily (-2x) Inverse UCITS ETF Acc,DAX2S,FR0010869495,ETF,EUR
Amundi ShortDAX Daily (-2x) Inverse UCITS ETF Acc,0MS5,FR0010869495,ETF,EUR
Amundi ShortDAX Daily (-2x) Inverse UCITS ETF Acc,DSD,FR0010869495,ETF,EUR
Amundi Smart Overnight Rtn UCITS ETF Acc,LYXW,LU1190417599,ETF,EUR
Amundi Smart Overnight Rtn UCITS ETF Acc,CSH2,LU1190417599,ETF,EUR
Amundi Smart Overnight Rtn UCITS ETF Acc,SMART,LU1190417599,ETF,EUR
Amundi Smart Overnight Rtn UCITS ETF Dist,EGV2,LU2082999306,ETF,EUR
Amundi Smart Overnight Rtn UCITS ETF GBP Hgd Acc,CSH2,LU1230136894,ETF,GBX
Amundi Smart Overnight Rtn UCITS ETF USD Hgd Acc,SMTC,LU1248511575,ETF,USD
Amundi Smart Overnight Rtn UCITS ETF USD Hgd Acc,SMART,LU1248511575,ETF,EUR
Amundi Stoxx Europe 50 UCITS ETF Acc,C5E,FR0010790980,ETF,EUR
Amundi Stoxx Europe 50 UCITS ETF Acc,AE50,FR0010790980,ETF,EUR
State Street SPDR S&P U.S. Dividend Aristocrats UCITS ETF,SPPD,IE00B979GK47,ETF,EUR
State Street SPDR S&P UK Dividend Aristocrats UCITS ETF,SPYG,IE00B6S2Z822,ETF,EUR
State Street SPDR S&P UK Dividend Aristocrats UCITS ETF,SPYG,IE00B6S2Z822,ETF,EUR
State Street SPDR S&P UK Dividend Aristocrats UCITS ETF,UKDV,IE00B6S2Z822,ETF,GBP
State Street SPDR S&P UK Dividend Aristocrats UCITS ETF,UKDV,IE00B6S2Z822,ETF,CHF
State Street World SC Enh Active Eq UCITS ETF Acc,SPFC,IE000F2IX674,ETF,EUR
StSt SPDR BBG 0-3 Y Euro Crp Bd GBPH UCITS ETF Dis,SEEG,IE0005HG1US8,ETF,GBP
StSt SPDR BBG 0-3 Y Euro Crp Bd USDH UCITS ETF Acc,SUUC,IE000P4KWPY3,ETF,USD
StSt SPDR BBG 0-3 Y Euro Crp Bd USDH UCITS ETF Dis,SUEC,IE000CLH1Z98,ETF,USD
StSt SPDR BBG 0-3 Year Euro Corp Bd UCITS ETF Dis,SYBD,IE00BC7GZW19,ETF,EUR
StSt SPDR BBG 0-3 Year Euro Corp Bd UCITS ETF Dis,SYBD,IE00BC7GZW19,ETF,EUR
StSt SPDR BBG 0-3 Year Euro Corp Bd UCITS ETF Dis,SEUC,IE00BC7GZW19,ETF,EUR
StSt SPDR BBG 0-3 Year Euro Corp Bd UCITS ETF Dis,SEUC,IE00BC7GZW19,ETF,CHF
StSt SPDR BBG 0-5 Y Strlg Corp Bd UCITS ETF Dist,SYBQ,IE00BCBJF711,ETF,EUR
StSt SPDR BBG 0-5 Y Strlg Corp Bd UCITS ETF Dist,SUKC,IE00BCBJF711,ETF,GBP
StSt SPDR BBG 1-10 Y U.S. Corpo Bd UCITS ETF Dist,SYBR,IE00BYV12Y75,ETF,EUR
StSt SPDR BBG 1-10 Y U.S. Corpo Bd UCITS ETF Dist,IUCB,IE00BYV12Y75,ETF,USD
StSt SPDR BBG 1-10 Y U.S. Corpo Bd UCITS ETF Dist,IUCB,IE00BYV12Y75,ETF,USD
StSt SPDR BBG 1-10 Y U.S. Corpo Bd UCITS ETF Dist,IUCB,IE00BYV12Y75,ETF,EUR
StSt SPDR BBG 1-3 Y U.S. Treas Bd UCITS ETF Dist,SYBW,IE00BC7GZJ81,ETF,EUR
StSt SPDR BBG 1-3 Y U.S. Treas Bd UCITS ETF Dist,TRS3,IE00BC7GZJ81,ETF,USD
StSt SPDR BBG 1-3 Y U.S. Treas Bd UCITS ETF Dist,TSY3,IE00BC7GZJ81,ETF,GBP
StSt SPDR BBG 1-3 Y U.S. Treas Bd UCITS ETF Dist,TRS3,IE00BC7GZJ81,ETF,EUR
StSt SPDR BBG 1-3 Y U.S. Treas Bd UCITS ETF Dist,TRS3,IE00BC7GZJ81,ETF,CHF
StSt SPDR BBG 10+ Y U.S. Treas Bd UCITS ETF Dist,SPPX,IE00BYSZ5V04,ETF,EUR
StSt SPDR BBG 10+ Y U.S. Treas Bd UCITS ETF Dist,SPPX,IE00BYSZ5V04,ETF,EUR
StSt SPDR BBG 10+ Y U.S. Treas Bd UCITS ETF Dist,LUTR,IE00BYSZ5V04,ETF,USD
StSt SPDR BBG 10+ Y U.S. Treas Bd UCITS ETF Dist,LUTR,IE00BYSZ5V04,ETF,EUR
StSt SPDR BBG 3-5 Year Euro Govt Bd UCITS ETF Dis,SYB4,IE00BS7K8821,ETF,EUR
StSt SPDR BBG 3-5 Year Euro Govt Bd UCITS ETF Dis,EU35,IE00BS7K8821,ETF,EUR
StSt SPDR BBG 3-7 Y U.S. Treas Bd UCITS ETF Dist,SPP3,IE00BYSZ5R67,ETF,EUR
StSt SPDR BBG 3-7 Y U.S. Treas Bd UCITS ETF Dist,TRS5,IE00BYSZ5R67,ETF,USD
StSt SPDR BBG 3-7 Y U.S. Treas Bd UCITS ETF Dist,TRS5,IE00BYSZ5R67,ETF,EUR
StSt SPDR BBG 7-10 Y U.S. Treas Bd UCITS ETF Dist,SPP7,IE00BYSZ5T81,ETF,EUR
StSt SPDR BBG 7-10 Y U.S. Treas Bd UCITS ETF Dist,TRSX,IE00BYSZ5T81,ETF,USD
StSt SPDR BBG 7-10 Y U.S. Treas Bd UCITS ETF Dist,TRSX,IE00BYSZ5T81,ETF,EUR
StSt SPDR BBG EM Loc Bd USD BCCYHEUR UCITS ETF Acc,SPFD,IE00BK8JH525,ETF,EUR
StSt SPDR BBG Em Mkts Local Bond UCITS ETF Dist,SYBM,IE00B4613386,ETF,EUR
StSt SPDR BBG Em Mkts Local Bond UCITS ETF Dist,SYBM,IE00B4613386,ETF,EUR
StSt SPDR BBG Em Mkts Local Bond UCITS ETF Dist,EMLD,IE00B4613386,ETF,EUR
StSt SPDR BBG Em Mkts Local Bond UCITS ETF Dist,EMDL,IE00B4613386,ETF,CHF
StSt SPDR BBG Em Mkts Local Bond UCITS ETF Dist,EMLD,IE00B4613386,ETF,EUR
StSt SPDR BBG Em Mkts Local Bond UCITS ETF Dist,EMDD,IE00B4613386,ETF,USD
StSt SPDR BBG Em Mkts Local Bond UCITS ETF Dist,EMDL,IE00B4613386,ETF,GBP
StSt SPDR BBG Gl Aggrt Bd CHF Hdg UCITS ETF Acc,GLAC,IE00BF1QPK61,ETF,CHF
StSt SPDR BBG Gl Aggrt Bd EUR Hdg UCITS ETF Dist,SPFE,IE00BF1QPL78,ETF,EUR
StSt SPDR BBG Gl Aggrt Bd EUR Hdg UCITS ETF Dist,SPFE,IE00BF1QPL78,ETF,EUR
StSt SPDR BBG Gl Aggrt Bd EUR Hdg UCITS ETF Dist,GLAE,IE00BF1QPL78,ETF,EUR
StSt SPDR BBG Gl Aggrt Bd USD Hdg UCITS ETF Dist,SPFU,IE00BF1QPH33,ETF,USD
StSt SPDR BBG Global Aggregate Bond UCITS ETF Dis,SYBZ,IE00B43QJJ40,ETF,EUR
iShares MSCI Japan EUR Hedged UCITS ETF (Acc),IBCG,IE00B42Z5J44,ETF,EUR
iShares MSCI Japan EUR Hedged UCITS ETF (Acc),IBCG,IE00B42Z5J44,ETF,EUR
iShares MSCI Japan EUR Hedged UCITS ETF (Acc),IJPE,IE00B42Z5J44,ETF,EUR
iShares MSCI Japan Small Cap UCITS ETF USD (Dist),IUS4,IE00B2QWDY88,ETF,EUR
iShares MSCI Japan Small Cap UCITS ETF USD (Dist),ISJP,IE00B2QWDY88,ETF,GBX
iShares MSCI Japan Small Cap UCITS ETF USD (Dist),IUS4,IE00B2QWDY88,ETF,EUR
iShares MSCI Japan Small Cap UCITS ETF USD (Dist),IDJP,IE00B2QWDY88,ETF,USD
iShares MSCI Japan SRI UCITS ETF USD (Acc),SXR6,IE00BYX8XC17,ETF,EUR
iShares MSCI Japan SRI UCITS ETF USD (Acc),SUJA,IE00BYX8XC17,ETF,GBX
iShares MSCI Japan SRI UCITS ETF USD (Acc),SUJP,IE00BYX8XC17,ETF,USD
iShares MSCI Japan SRI UCITS ETF USD (Acc),SXR6,IE00BYX8XC17,ETF,EUR
iShares MSCI Japan SRI UCITS ETF USD (Dist),SUJD,IE00BGDQ0V72,ETF,USD
iShares MSCI Japan UCITS ETF USD (Acc),CJPU,IE00B53QDK08,ETF,USD
iShares MSCI Japan UCITS ETF USD (Acc),CSJP,IE00B53QDK08,ETF,EUR
iShares MSCI Japan UCITS ETF USD (Acc),CSJP,IE00B53QDK08,ETF,GBX
iShares MSCI Japan UCITS ETF USD (Acc),SXR5,IE00B53QDK08,ETF,EUR
iShares MSCI Japan UCITS ETF USD (Acc),CSJP,IE00B53QDK08,ETF,EUR
iShares MSCI Japan UCITS ETF USD (Dist),IQQJ,IE00B02KXH56,ETF,EUR
iShares MSCI Japan UCITS ETF USD (Dist),IJPN,IE00B02KXH56,ETF,EUR
iShares MSCI Japan UCITS ETF USD (Dist),IJPN,IE00B02KXH56,ETF,GBX
iShares MSCI Japan UCITS ETF USD (Dist),IJPU,IE00B02KXH56,ETF,USD
iShares MSCI Japan UCITS ETF USD (Dist),IJPN,IE00B02KXH56,ETF,JPY
iShares MSCI Japan UCITS ETF USD (Dist),IJPN,IE00B02KXH56,ETF,EUR
iShares MSCI Japan UCITS ETF USD (Dist),IQQJ,IE00B02KXH56,ETF,EUR
iShares MSCI Japan USD Hedged UCITS ETF (Acc),IJPD,IE00BCLWRG39,ETF,USD
iShares MSCI Japan USD Hedged UCITS ETF (Acc),IJPD,IE00BCLWRG39,ETF,USD
iShares MSCI Jpn Clmt Trans Aware UCITS ETF USD A,JCTA,IE000MW6GT38,ETF,USD
iShares MSCI Jpn Clmt Trans Aware UCITS ETF USD D,JCTD,IE000GTJ2I49,ETF,USD
iShares MSCI Korea UCITS ETF USD (Acc),CEBJ,IE00B5W4TY14,ETF,EUR
iShares MSCI Korea UCITS ETF USD (Acc),CSKR,IE00B5W4TY14,ETF,EUR
iShares MSCI Korea UCITS ETF USD (Acc),CSKR,IE00B5W4TY14,ETF,USD
iShares MSCI Korea UCITS ETF USD (Dist),IQQK,IE00B0M63391,ETF,EUR
iShares MSCI Korea UCITS ETF USD (Dist),IKRA,IE00B0M63391,ETF,EUR
iShares MSCI Korea UCITS ETF USD (Dist),IKOR,IE00B0M63391,ETF,GBX
iShares MSCI Korea UCITS ETF USD (Dist),IQQK,IE00B0M63391,ETF,EUR
iShares MSCI Korea UCITS ETF USD (Dist),IKOR,IE00B0M63391,ETF,USD
iShares MSCI Korea UCITS ETF USD (Dist),IDKO,IE00B0M63391,ETF,USD
iShares MSCI Mexico Capped UCITS ETF USD (Acc),CEBG,IE00B5WHFQ43,ETF,EUR
iShares MSCI Mexico Capped UCITS ETF USD (Acc),CMX1,IE00B5WHFQ43,ETF,GBX
iShares MSCI Mexico Capped UCITS ETF USD (Acc),CMXC,IE00B5WHFQ43,ETF,USD
iShares MSCI Mexico Capped UCITS ETF USD (Acc),CMEX,IE00B5WHFQ43,ETF,EUR
iShares MSCI North America UCITS USD (Dist) ETF,IQQN,IE00B14X4M10,ETF,EUR
iShares MSCI North America UCITS USD (Dist) ETF,INAA,IE00B14X4M10,ETF,EUR
iShares MSCI North America UCITS USD (Dist) ETF,IQQN,IE00B14X4M10,ETF,EUR
iShares MSCI North America UCITS USD (Dist) ETF,INAA,IE00B14X4M10,ETF,GBX
iShares MSCI North America UCITS USD (Dist) ETF,INAA,IE00B14X4M10,ETF,EUR
iShares MSCI North America UCITS USD (Dist) ETF,INAA,IE00B14X4M10,ETF,USD
iShares MSCI North America UCITS USD (Dist) ETF,IDNA,IE00B14X4M10,ETF,USD
iShares MSCI Pacific ex-Japan UCITS ETF USD (Dist),SPXJ,IE00B4WXJD03,ETF,EUR
iShares MSCI Pacific ex-Japan UCITS ETF USD (Dist),IPXJ,IE00B4WXJD03,ETF,USD
Wisdomtree Industrial Metals ETC,FIND,JE00B24DMJ18,ETF,USD
Wisdomtree Industrial Metals ETC,0FNK,JE00B24DMJ18,ETF,EUR
WisdomTree Industrial Metals ETC,OD7Z,GB00B15KYG56,ETF,EUR
WisdomTree Industrial Metals ETC,AIGI,GB00B15KYG56,ETF,EUR
WisdomTree Industrial Metals ETC,AIGI,GB00B15KYG56,ETF,USD
WisdomTree Industrial Metals ETC,0FHT,GB00B15KYG56,ETF,EUR
Wisdomtree Industrial Metals ETC,SIME,JE00B24DKZ36,ETF,USD
WisdomTree Issuer X Ltd 25 Physical CoinD ETP,WCRP,GB00BN474G19,ETF,USD
WisdomTree Issuer X Ltd 25 Physical CoinD ETP,WCRX,GB00BN474G19,ETF,EUR
WisdomTree Issuer X Ltd Physical Lido ETP,LSTE,GB00BN6NHH92,ETF,EUR
WisdomTree Issuer X Ltd Physical Lido ETP,LSTE,GB00BN6NHH92,ETF,EUR
WisdomTree Japan Equity UCITS ETF CHF Hedged Acc,DXJD,IE00BYQCZL35,ETF,CHF
WisdomTree Japan Equity UCITS ETF EUR Hedged Acc,DXJF,IE00BYQCZJ13,ETF,EUR
WisdomTree Japan Equity UCITS ETF EUR Hedged Acc,WTIF,IE00BYQCZJ13,ETF,EUR
WisdomTree Japan Equity UCITS ETF GBP Hedged,DXJP,IE00BYQCZF74,ETF,GBX
WisdomTree Japan Equity UCITS ETF USD Acc,WTD2,IE00BYQCZN58,ETF,EUR
WisdomTree Japan Equity UCITS ETF USD Acc,DXJG,IE00BYQCZN58,ETF,GBX
WisdomTree Japan Equity UCITS ETF USD Acc,DXJZ,IE00BYQCZN58,ETF,USD
WisdomTree Japan Equity UCITS ETF USD Acc,DXJZ,IE00BYQCZN58,ETF,EUR
WisdomTree Japan Equity UCITS ETF USD Acc,DXJZ,IE00BYQCZN58,ETF,USD
WisdomTree Japan Equity UCITS ETF USD Hedged,WTDJ,IE00BVXC4854,ETF,EUR
WisdomTree Japan Equity UCITS ETF USD Hedged,DXJ,IE00BVXC4854,ETF,USD
WisdomTree Japan Equity UCITS ETF USD Hedged,DXJ,IE00BVXC4854,ETF,EUR
WisdomTree Japan Equity UCITS ETF USD Hedged,DXJ,IE00BVXC4854,ETF,USD
WisdomTree Japan Equity UCITS ETF USD Hedged Acc,DXJA,IE00BYQCZD50,ETF,USD
WisdomTree Japan Equity UCITS ETF USD Hedged Acc,DXJA,IE00BYQCZD50,ETF,USD
Wisdomtree Lead ETC,LEAD,JE00B2QY0436,ETF,EUR
Wisdomtree Lean Hogs ETC,OD7J,JE00BN7KB771,ETF,EUR
Wisdomtree Lean Hogs ETC,HOGS,JE00BN7KB771,ETF,EUR
Wisdomtree Lean Hogs ETC,HOGS,JE00BN7KB771,ETF,USD
Wisdomtree Lean Hogs ETC,OD7J,JE00BN7KB771,ETF,EUR
Wisdomtree Live Cattle ETC,CATL,GB00B15KY096,ETF,USD
Wisdomtree Live Cattle ETC,0FH1,GB00B15KY096,ETF,EUR
Wisdomtree Livestock ETC,AIGL,GB00B15KYK92,ETF,USD
Wisdomtree Livestock ETC,AIGL,GB00B15KYK92,ETF,EUR
WisdomTree Long AUD Short EUR,XBJJ,JE00B3XGSP64,ETF,EUR
WisdomTree Long CHF Short EUR,EUCH,JE00B3MR2Q90,ETF,EUR
WisdomTree Long CHF Short EUR,XBJA,JE00B3MR2Q90,ETF,EUR
WisdomTree Long CHF Short EUR 3x Daily,ECH3,JE00B3XPTF07,ETF,EUR
WisdomTree Long CHF Short GBP,GBCH,JE00B3SX3R93,ETF,GBX
WisdomTree Long Cny Short USD,LCNY,JE00B6822V48,ETF,USD
WisdomTree Long Cny Short USD,0FQ2,JE00B6822V48,ETF,EUR
WisdomTree Long EUR Short GBP,GBUR,JE00B3Y3SZ64,ETF,GBX
WisdomTree Long EUR Short GBP 3X Daily,EUP3,JE00B3VJDN05,ETF,GBX
WisdomTree Long EUR Short USD 3X Daily,LEU3,JE00B3Y5F176,ETF,USD
Wisdomtree Long EUR Short USD ETC,LEUR,JE00B68GS416,ETF,USD
WisdomTree Long GBP Short EUR,EUGB,JE00B3LXVB68,ETF,EUR
WisdomTree Long GBP Short EUR 3x Daily,EGB3,JE00B3R2DZ58,ETF,EUR
WisdomTree Long GBP Short EUR 5x Daily,EGB5,JE00BMM1X163,ETF,EUR
Wisdomtree Long GBP Short USD ETC,LGBP,JE00B68GR111,ETF,USD
L&G Multi-Strategy Enh Comms UCITS ETF EURH Acc,BATJ,IE00022GJEG1,ETF,EUR
L&G Multi-Strategy Enh Comms UCITS ETF USD Acc,EN4C,IE00BFXR6159,ETF,EUR
L&G Multi-Strategy Enh Comms UCITS ETF USD Acc,ENCG,IE00BFXR6159,ETF,GBX
L&G Multi-Strategy Enh Comms UCITS ETF USD Acc,ENCO,IE00BFXR6159,ETF,USD
L&G Multi-Strategy Enh Comms UCITS ETF USD Acc,ENCO,IE00BFXR6159,ETF,EUR
L&G Multi-Strategy Enhanced Commodities ex-Agriculture & Livestock UCITS ETF,XAGZ,IE000MQ5XEW1,ETF,USD
L&G Multi-Strategy Enhanced Commodities ex-Agriculture & Livestock UCITS ETF,XAGZ,IE000MQ5XEW1,ETF,USD
L&G Multi-Strategy Enhanced Commodities ex-Agriculture & Livestock UCITS ETF,XEXA,IE000MQ5XEW1,ETF,EUR
L&G New Energy Commodities UCITS ETF USD Acc,ENTR,IE000BLN64M9,ETF,USD
L&G New Energy Commodities UCITS ETF USD Acc,ENTR,IE000BLN64M9,ETF,EUR
L&G Pharma Breakthrough UCITS ETF USD Acc,ETLI,IE00BF0H7608,ETF,EUR
L&G Pharma Breakthrough UCITS ETF USD Acc,BIOT,IE00BF0H7608,ETF,EUR
L&G Pharma Breakthrough UCITS ETF USD Acc,BIOT,IE00BF0H7608,ETF,USD
L&G ROBO Global Robotics and Auto UCITS ETF USDAcc,IROB,IE00BMW3QX54,ETF,EUR
L&G ROBO Global Robotics and Auto UCITS ETF USDAcc,ROBE,IE00BMW3QX54,ETF,EUR
L&G ROBO Global Robotics and Auto UCITS ETF USDAcc,ROBG,IE00BMW3QX54,ETF,GBX
L&G ROBO Global Robotics and Auto UCITS ETF USDAcc,ROBO,IE00BMW3QX54,ETF,EUR
L&G ROBO Global Robotics and Auto UCITS ETF USDAcc,ROBO,IE00BMW3QX54,ETF,CHF
L&G ROBO Global Robotics and Auto UCITS ETF USDAcc,ROBO,IE00BMW3QX54,ETF,USD
L&G ROBO Global Robotics and Auto UCITS ETF USDAcc,ROBO,IE00BMW3QX54,ETF,EUR
L&G ROBO Global Robotics and Auto UCITS ETF USDAcc,IROB,IE00BMW3QX54,ETF,EUR
L&G Russell 2000 US Sm Cap Qlty UCITS ETF USD Acc,ETLZ,IE00B3CNHJ55,ETF,EUR
L&G Russell 2000 US Sm Cap Qlty UCITS ETF USD Acc,RTWO,IE00B3CNHJ55,ETF,EUR
L&G Russell 2000 US Sm Cap Qlty UCITS ETF USD Acc,RTWO,IE00B3CNHJ55,ETF,USD
L&G Russell 2000 US Sm Cap Qlty UCITS ETF USD Acc,RTWP,IE00B3CNHJ55,ETF,GBX
L&G Russell 2000 US Small Cap Quality UCITS ETF,RTWO,IE00B3CNHJ55,ETF,EUR
L&G S&P 100 Equal Weight UCITS USD Acc ETF,SNPE,IE000YELA4E3,ETF,EUR
L&G S&P 100 Equal Weight UCITS USD Acc ETF,SNPE,IE000YELA4E3,ETF,EUR
L&G UK Equity UCITS ETF GBP Acc,LGUK,IE00BFXR5R48,ETF,GBX
L&G UK Gilt 0-5 Year UCITS ETF GBP Dist,UKG5,IE00BLRPQK69,ETF,GBX
L&G UK Quality Div Equal Weight UCITS ETF GBP Dis,BAT3,IE00BMYDM802,ETF,EUR
L&G US Equity UCITS ETF USD Acc,LGUS,IE00BFXR5Q31,ETF,EUR
L&G US ESG Paris Aligned UCITS ETF USD Acc,DELG,IE00BKLWY790,ETF,EUR
L&G US ESG Paris Aligned UCITS ETF USD Acc,RIUS,IE00BKLWY790,ETF,EUR
L&G US ESG Paris Aligned UCITS ETF USD Acc,DELG,IE00BKLWY790,ETF,EUR
L&G USD Corporate Bond Screened UCITS USD Dist ETF,USAB,IE00BLRPRD67,ETF,EUR
L&G USD Corporate Bond Screened UCITS USD Dist ETF,USDC,IE00BLRPRD67,ETF,EUR
Leverage Shares +2x Long Apple,AAP2,XS2820605157,ETF,USD
Leverage Shares +2x Long Apple,2AAP,XS2820605157,ETF,EUR
Leverage Shares +2x Long Microsoft,MSF2,XS2820605314,ETF,USD
Leverage Shares +2x Long Microsoft,2MSF,XS2820605314,ETF,EUR
Leverage Shares +2x Long NVIDIA,2NVD,XS2820604853,ETF,EUR
Leverage Shares +2x Long NVIDIA,NVD2,XS2820604853,ETF,USD
Leverage Shares +3x Long NVIDIA,3NVD,XS2820604770,ETF,EUR
Leverage Shares +3x Long NVIDIA,NVI3,XS2820604770,ETF,EUR
Leverage Shares +3x Long NVIDIA,NVD3,XS2820604770,ETF,USD
Leverage shares -1X AMD Etp,SAMD,IE00BKT66Q62,ETF,EUR
Leverage shares -1X AMD Etp,AMDS,IE00BKT66Q62,ETF,USD
Leverage Shares -2x Short Tesla,2STS,XS2706221277,ETF,EUR
Leverage Shares -2x Short Tesla,2STS,XS2706221277,ETF,GBX
iShares STOXX Europe 600 Telecommunications UCITS (DE) ETF,EXV2,DE000A0H08R2,ETF,EUR
iShares STOXX Europe 600 Telecommunications UCITS (DE) ETF,0MOM,DE000A0H08R2,ETF,EUR
iShares STOXX Europe 600 Top 20 UCITS ETF (DE),EXW3,DE0005933949,ETF,EUR
iShares STOXX Europe 600 Top 20 UCITS ETF (DE),EXW3,DE0005933949,ETF,EUR
iShares STOXX Europe 600 Top 20 UCITS ETF (DE),0MLI,DE0005933949,ETF,EUR
iShares STOXX Europe 600 Travel & Leisure UCITS (DE) ETF,EXV9,DE000A0H08S0,ETF,EUR
iShares STOXX Europe 600 Travel & Leisure UCITS (DE) ETF,EXV9,DE000A0H08S0,ETF,EUR
iShares STOXX Europe 600 UCITS (DE) EUR (Acc) ETF,EXIE,DE000A2QP4B6,ETF,EUR
iShares STOXX Europe 600 UCITS (DE) EUR (Dist) ETF,EXSA,DE0002635307,ETF,EUR
iShares STOXX Europe 600 UCITS (DE) EUR (Dist) ETF,EXSA,DE0002635307,ETF,EUR
iShares STOXX Europe 600 UCITS (DE) EUR (Dist) ETF,SXPIEX,DE0002635307,ETF,EUR
iShares STOXX Europe 600 UCITS (DE) EUR (Dist) ETF,EXSA,DE0002635307,ETF,EUR
iShares STOXX Europe 600 Utilities UCITS (DE) ETF,EXH9,DE000A0Q4R02,ETF,EUR
iShares STOXX Europe 600 Utilities UCITS (DE) ETF,EXH9,DE000A0Q4R02,ETF,EUR
iShares STOXX Europe 600 Utilities UCITS (DE) ETF,0MOZ,DE000A0Q4R02,ETF,EUR
iShares STOXX Europe Large 200 UCITS (DE) ETF,EXSC,DE0005933980,ETF,EUR
iShares STOXX Europe Large 200 UCITS (DE) ETF,EXSC,DE0005933980,ETF,EUR
iShares STOXX Europe Mid 200 UCITS (DE) ETF,EXSD,DE0005933998,ETF,EUR
iShares STOXX Europe Mid 200 UCITS (DE) ETF,EXSD,DE0005933998,ETF,EUR
iShares STOXX Europe Select Dividend 30 UCITS (DE) ETF,EXSH,DE0002635299,ETF,EUR
iShares STOXX Europe Select Dividend 30 UCITS (DE) ETF,EXSH,DE0002635299,ETF,EUR
iShares STOXX Europe Select Dividend 30 UCITS (DE) ETF,EXSH,DE0002635299,ETF,EUR
iShares STOXX Europe Small 200 UCITS (DE) ETF,EXSE,DE000A0D8QZ7,ETF,EUR
iShares STOXX Europe Small 200 UCITS (DE) ETF,EXSE,DE000A0D8QZ7,ETF,EUR
iShares STOXX Europe Small 200 UCITS (DE) ETF,0MMG,DE000A0D8QZ7,ETF,EUR
iShares STOXX Global Select Dividend 100 UCITS (DE) ETF,ISPA,DE000A0F5UH1,ETF,EUR
iShares STOXX Global Select Dividend 100 UCITS (DE) ETF,SDGPEX,DE000A0F5UH1,ETF,EUR
iShares STOXX Global Select Dividend 100 UCITS (DE) ETF,ISPA,DE000A0F5UH1,ETF,EUR
iShares STOXX USA Equity Multifctr UCITS ETF USD A,IFSU,IE00BZ0PKS76,ETF,USD
iShares STOXX USA Equity Multifctr UCITS ETF USD A,FSUS,IE00BZ0PKS76,ETF,GBX
iShares STOXX USA Equity Multifctr UCITS ETF USD A,IFSU,IE00BZ0PKS76,ETF,USD
iShares TecDAX UCITS (DE) EUR (Acc) ETF,EXS2,DE0005933972,ETF,EUR
iShares TecDAX UCITS (DE) EUR (Acc) ETF,EXS2,DE0005933972,ETF,EUR
iShares TecDAX UCITS (DE) EUR (Acc) ETF,TDXPEX,DE0005933972,ETF,EUR
iShares UK Property UCITS ETF GBP (Dist),IUKP,IE00B1TXLS18,ETF,GBX
iShares UK Property UCITS ETF GBP (Dist),IUKP,IE00B1TXLS18,ETF,EUR
iShares UK Property UCITS EUR Hedged (Acc) ETF,UKPH,IE000FI414K7,ETF,EUR
iShares UK Property UCITS EUR Hedged (Acc) ETF,UKPH,IE000FI414K7,ETF,EUR
iShares UltraShort Bond ESG SRI UCITS EUR (Dist) ETF,EUED,IE00BJP26D89,ETF,EUR
iShares UltraShort Bond ESG SRI UCITS EUR (Dist) ETF,EUED,IE00BJP26D89,ETF,EUR
iShares US Aggregate Bond UCITS ETF EUR Hgd (Acc),IUAE,IE00BDFJYM28,ETF,EUR
iShares US Aggregate Bond UCITS ETF USD (Acc),IUAA,IE00BYXYYM63,ETF,USD
iShares US Aggregate Bond UCITS ETF USD (Acc),IUAA,IE00BYXYYM63,ETF,CHF
iShares US Aggregate Bond UCITS ETF USD (Dist),EUNX,IE00B44CGS96,ETF,EUR
iShares US Aggregate Bond UCITS ETF USD (Dist),IUAG,IE00B44CGS96,ETF,USD
iShares US Aggregate Bond UCITS ETF USD (Dist),EUNX,IE00B44CGS96,ETF,EUR
iShares US Aggregate Bond UCITS ETF USD (Dist),SUAG,IE00B44CGS96,ETF,GBP
iShares US Aggregate Bond UCITS ETF USD (Dist),IUAG,IE00B44CGS96,ETF,USD
iShares US Aggregate Bond UCITS EUR Hedged (Dist) ETF,CEBX,IE00093SKUY4,ETF,EUR
iShares US Equity Enhanced Active UCITS ETF USD Ac,USEE,IE0009VWHAE6,ETF,EUR
WisdomTree Aluminium 2X Daily Leveraged ETC,LALU,JE00B2NFTC05,ETF,EUR
WisdomTree Aluminium 2X Daily Leveraged ETC,LALU,JE00B2NFTC05,ETF,USD
WisdomTree Aluminium ETC,OD7A,GB00B15KXN58,ETF,EUR
WisdomTree Aluminium ETC,0FHL,GB00B15KXN58,ETF,EUR
WisdomTree Aluminium ETC,ALUM,GB00B15KXN58,ETF,USD
WisdomTree Aluminium ETC,ALUM,GB00B15KXN58,ETF,EUR
WisdomTree Artificial Intell UCITS ETF USD Acc,WTI2,IE00BDVPNG13,ETF,EUR
WisdomTree Artificial Intell UCITS ETF USD Acc,WTAI,IE00BDVPNG13,ETF,USD
WisdomTree Artificial Intell UCITS ETF USD Acc,WTAI,IE00BDVPNG13,ETF,EUR
WisdomTree Artificial Intell UCITS ETF USD Acc,WTI2,IE00BDVPNG13,ETF,EUR
WisdomTree Artificial Intell UCITS ETF USD Acc,INTL,IE00BDVPNG13,ETF,GBX
WisdomTree Artificial Intell UCITS ETF USD Acc,WTAI,IE00BDVPNG13,ETF,EUR
WisdomTree AT1 CoCo Bond UCITS ETF EUR Hedged,WTEB,IE00BFNNN236,ETF,EUR
WisdomTree AT1 CoCo Bond UCITS ETF EUR Hedged,COBO,IE00BFNNN236,ETF,EUR
WisdomTree AT1 CoCo Bond UCITS ETF USD,WTIR,IE00BZ0XVF52,ETF,EUR
WisdomTree Battery Metals Securities ETC,WATT,XS2425842106,ETF,EUR
WisdomTree Battery Metals Securities ETC,AMPS,XS2425842106,ETF,GBX
WisdomTree Battery Solutions UCITS ETF USD Acc,W1TA,IE00BKLF1R75,ETF,EUR
WisdomTree Battery Solutions UCITS ETF USD Acc,W1TB,IE00BKLF1R75,ETF,EUR
WisdomTree Battery Solutions UCITS ETF USD Acc,VOLT,IE00BKLF1R75,ETF,USD
WisdomTree Battery Solutions UCITS ETF USD Acc,VOLT,IE00BKLF1R75,ETF,EUR
WisdomTree Battery Solutions UCITS ETF USD Acc,VOLT,IE00BKLF1R75,ETF,USD
WisdomTree Battery Solutions UCITS ETF USD Acc,VOLT,IE00BKLF1R75,ETF,EUR
WisdomTree Biorevolution UCITS ETF USD Acc,WRNA,IE000O8KMPM1,ETF,EUR
WisdomTree Blockchain UCITS - USD Acc ETF,WBKN,IE000940RNE6,ETF,EUR
WisdomTree Blockchain UCITS - USD Acc ETF,WBLK,IE000940RNE6,ETF,EUR
WisdomTree Blockchain UCITS - USD Acc ETF,WBLK,IE000940RNE6,ETF,USD
WisdomTree Bloomberg Brent Crude Oil,BRND,IE00BVFZGD11,ETF,EUR
WisdomTree Bloomberg WTI Crude Oil,0LJP,IE00BVFZGC04,ETF,EUR
Wisdomtree Brent Crude ETC,OOEA,JE00B78CGV99,ETF,EUR
Wisdomtree Brent Crude ETC,00EV,JE00B78CGV99,ETF,EUR
Wisdomtree Brent Crude ETC,BRNT,JE00B78CGV99,ETF,USD
Wisdomtree Brent Crude ETC,BRNT,JE00B78CGV99,ETF,EUR
WisdomTree Brent Crude Oil - EUR Daily Hedged ETC,00XT,JE00B7305Z55,ETF,EUR
WisdomTree Brent Crude Oil - EUR Daily Hedged ETC,EBRT,JE00B7305Z55,ETF,EUR
WisdomTree Brent Crude Oil EUR Daily Hedged ETC,00XT,JE00B7305Z55,ETF,EUR
WisdomTree Brent Crude Oil 2X Daily Lev,OOER,JE00BDD9QD91,ETF,EUR
WisdomTree Brent Crude Oil 2X Daily Lev,LBRT,JE00BDD9QD91,ETF,EUR
WisdomTree Brent Crude Oil 2X Daily Lev,LBRT,JE00BDD9QD91,ETF,USD
WisdomTree Brent Crude Oil 2X Daily Lev,OOER,JE00BDD9QD91,ETF,EUR
Wisdomtree Brent Crude Oil 3X Daily Lev,NGXA,IE00BMTM6D55,ETF,EUR
Wisdomtree Brent Crude Oil 3X Daily Lev,3BRL,IE00BMTM6D55,ETF,USD
Wisdomtree Brent Crude Oil 3X Daily Lev,3BRL,IE00BMTM6D55,ETF,EUR
Wisdomtree Brent Crude Oil 3X Daily Shor,3BFS,IE00BLRPRK35,ETF,EUR
Wisdomtree Brent Crude Oil 3X Daily Shor,3BRS,IE00BLRPRK35,ETF,EUR
Wisdomtree Brent Crude Oil 3X Daily Shor,3BRS,IE00BLRPRK35,ETF,USD
WisdomTree Brent Crude Oil Daily Hgd,PBRT,JE00B766LB87,ETF,GBX
Wisdomtree Brent Crude Oil ETC,FBRT,JE00B78CP782,ETF,USD
Wisdomtree Brent Crude Oil ETC,0LKP,JE00B78CP782,ETF,EUR
WisdomTree Broad Com 1X Dly Shrt ETC,SALL,JE00B24DKT75,ETF,EUR
Xtrackers MSCI USA Communication Services UCITS 1D ETF,XUCM,IE00BNC1G707,ETF,EUR
Xtrackers MSCI USA Cons Discretionary UCITS ETF 1D,XUCD,IE00BGQYRR35,ETF,EUR
Xtrackers MSCI USA Cons Discretionary UCITS ETF 1D,XUCD,IE00BGQYRR35,ETF,EUR
Xtrackers MSCI USA Cons Discretionary UCITS ETF 1D,XUCD,IE00BGQYRR35,ETF,USD
Xtrackers MSCI USA Consumer Staples UCITS ETF 1D,XUCS,IE00BGQYRQ28,ETF,EUR
Xtrackers MSCI USA Consumer Staples UCITS ETF 1D,XUCS,IE00BGQYRQ28,ETF,EUR
Xtrackers MSCI USA Consumer Staples UCITS ETF 1D,XUCS,IE00BGQYRQ28,ETF,USD
Xtrackers MSCI USA Energy UCITS 1D ETF,XUEN,IE00BCHWNS19,ETF,EUR
Xtrackers MSCI USA Energy UCITS 1D ETF,XUEN,IE00BCHWNS19,ETF,USD
Xtrackers MSCI USA ESG UCITS ETF,XZMU,IE00BFMNPS42,ETF,EUR
Xtrackers MSCI USA ESG UCITS ETF,XZMU,IE00BFMNPS42,ETF,USD
Xtrackers MSCI USA ESG UCITS ETF,XZMU,IE00BFMNPS42,ETF,EUR
Xtrackers MSCI USA Financials UCITS 1D ETF,XUFN,IE00BCHWNT26,ETF,EUR
Xtrackers MSCI USA Financials UCITS 1D ETF,XUFN,IE00BCHWNT26,ETF,EUR
Xtrackers MSCI USA Financials UCITS 1D ETF,XUFN,IE00BCHWNT26,ETF,USD
Xtrackers MSCI USA Health Care UCITS ETF 1D,XUHC,IE00BCHWNW54,ETF,EUR
Xtrackers MSCI USA Health Care UCITS ETF 1D,XUHC,IE00BCHWNW54,ETF,EUR
Xtrackers MSCI USA Health Care UCITS ETF 1D,XUHC,IE00BCHWNW54,ETF,USD
Xtrackers MSCI USA Information Technology UCITS 1D ETF,XUTC,IE00BGQYRS42,ETF,EUR
Xtrackers MSCI USA Information Technology UCITS 1D ETF,XUTC,IE00BGQYRS42,ETF,EUR
Xtrackers MSCI USA Information Technology UCITS 1D ETF,XUTC,IE00BGQYRS42,ETF,USD
Xtrackers MSCI USA Minimum Volatility UCITS ETF 1D,XMVU,IE00BDB7J586,ETF,USD
Xtrackers MSCI USA Screened UCITS 1C ETF,XRSM,IE00BJZ2DC62,ETF,EUR
Xtrackers MSCI USA Screened UCITS 1C ETF,XRSM,IE00BJZ2DC62,ETF,EUR
Xtrackers MSCI USA Screened UCITS 1C ETF,XRMU,IE00BJZ2DC62,ETF,USD
Xtrackers MSCI USA Screened UCITS 1C ETF,XRSS,IE00BJZ2DC62,ETF,GBX
Xtrackers MSCI USA Screened UCITS 1C ETF,XRSM,IE00BJZ2DC62,ETF,EUR
Xtrackers MSCI USA Swap UCITS 1C ETF,DBXU,LU0274210672,ETF,EUR
Xtrackers MSCI USA Swap UCITS 1C ETF,DBXU,LU0274210672,ETF,EUR
Xtrackers MSCI USA Swap UCITS 1C ETF,XMUS,LU0274210672,ETF,USD
Xtrackers MSCI USA Swap UCITS 1C ETF,XMUS,LU0274210672,ETF,EUR
Xtrackers MSCI USA Swap UCITS 1C ETF,XMUD,LU0274210672,ETF,USD
Xtrackers MSCI USA Swap UCITS 1C ETF,XMUS,LU0274210672,ETF,GBX
Xtrackers MSCI USA UCITS ETF 1C,XD9U,IE00BJ0KDR00,ETF,EUR
Xtrackers MSCI USA UCITS ETF 1C,XD9U,IE00BJ0KDR00,ETF,EUR
Xtrackers MSCI USA UCITS ETF 1C,XD9U,IE00BJ0KDR00,ETF,EUR
Xtrackers MSCI USA UCITS ETF 1C,XD9U,IE00BJ0KDR00,ETF,USD
Xtrackers MSCI USA UCITS ETF 1C,XDUS,IE00BJ0KDR00,ETF,GBX
Xtrackers MSCI USA UCITS ETF 1C,XD9U,IE00BJ0KDR00,ETF,CHF
Xtrackers MSCI World Communication Services UCITS 1C ETF,XWTS,IE00BM67HR47,ETF,EUR
Xtrackers MSCI World Communication Services UCITS 1C ETF,XWTS,IE00BM67HR47,ETF,EUR
Xtrackers MSCI World Communication Services UCITS 1C ETF,XWTS,IE00BM67HR47,ETF,CHF
Xtrackers MSCI World Communication Services UCITS 1C ETF,XWTS,IE00BM67HR47,ETF,EUR
Xtrackers MSCI World Communication Services UCITS 1C ETF,XWTS,IE00BM67HR47,ETF,USD
Xtrackers MSCI World Consumer Discretionary UCITS 1C ETF,XDWC,IE00BM67HP23,ETF,EUR
Xtrackers MSCI World Consumer Discretionary UCITS 1C ETF,XDWC,IE00BM67HP23,ETF,EUR
Xtrackers MSCI World Consumer Discretionary UCITS 1C ETF,XDWC,IE00BM67HP23,ETF,EUR
Xtrackers MSCI World Consumer Discretionary UCITS 1C ETF,XDWC,IE00BM67HP23,ETF,USD
Xtrackers MSCI World Consumer Staples UCITS ETF 1C,XDWS,IE00BM67HN09,ETF,EUR
Xtrackers MSCI World Consumer Staples UCITS ETF 1C,XDWS,IE00BM67HN09,ETF,EUR
Amundi FTSE EPRA Europ Real Estate UCITS ETF EUR C,REAL,LU1681039480,ETF,EUR
Amundi FTSE EPRA Europ Real Estate UCITS ETF EUR C,EPRE ,LU1681039480,ETF,EUR
Amundi FTSE EPRA Europ Real Estate UCITS ETF EUR D,LEEU,LU1812091194,ETF,EUR
Amundi FTSE EPRA Europ Real Estate UCITS ETF EUR D,LEEU,LU1812091194,ETF,EUR
Amundi FTSE EPRA Europ Real Estate UCITS ETF EUR D,MEH,LU1812091194,ETF,EUR
Amundi FTSE EPRA NAREIT Global II UCITS ETF Dist,LMWE,LU1832418773,ETF,EUR
Amundi FTSE EPRA NAREIT Global II UCITS ETF Dist,MWO ,LU1832418773,ETF,EUR
Amundi FTSE EPRA NAREIT Global II UCITS ETF Dist,LMWE,LU1832418773,ETF,EUR
Amundi FTSE EPRA NAREIT Global UCITS Dist ETF,10AJ,LU1737652823,ETF,EUR
Amundi FTSE EPRA NAREIT Global UCITS Dist ETF,10AJ,LU1737652823,ETF,EUR
Amundi FTSE EPRA NAREIT Global UCITS ETF Acc,A4H5,LU1437018838,ETF,EUR
Amundi FTSE EPRA NAREIT Global UCITS ETF Acc,EPRU,LU1437018838,ETF,USD
Amundi FTSE EPRA NAREIT Global UCITS ETF Acc,EPRA,LU1437018838,ETF,GBX
Amundi FTSE EPRA NAREIT Global UCITS ETF Acc,EPRA,LU1437018838,ETF,EUR
Amundi FTSE EPRA NAREIT Global UCITS ETF Acc,EPRA,LU1437018838,ETF,EUR
Amundi FTSE Italia PMI PIR 2020 UCITS ETF Acc,ITAMI,FR0011758085,ETF,EUR
Amundi FTSE MIB Daily (-1X) Inverse UCITS ETF Acc,BERMI,FR0010446146,ETF,EUR
Amundi FTSE MIB Daily (-2X) Inverse UCITS ETF Acc,XBRMIB,FR0010446666,ETF,EUR
Amundi FTSE MIB Daily (2x) Lev UCITS ETF Dist,LEVMIB,FR0010446658,ETF,EUR
Amundi FTSE MIB UCITS ETF Dist,ETFMIB,FR0010010827,ETF,EUR
Amundi FTSE MIB UCITS ETF Dist,MIBX,FR0010010827,ETF,GBX
Amundi FTSE MIB UCITS ETF Dist,MIB,FR0010010827,ETF,EUR
Amundi Fxd Mat 2026 Euro Gvt Bd Broad UCITS ETF A,FM26,LU2872291278,ETF,EUR
Amundi Fxd Maturity 2030 EuroGovtBdBrd UCITS ETF A,FM30,LU3120976132,ETF,EUR
Amundi Gbl Gov Inflt-Linked Bond 1-10Y UCITS ETF D,GIST,LU1910939849,ETF,USD
Amundi Gbl Gov Inflt-Linked Bond 1-10Y UCITS ETF D,GIST,LU1910939849,ETF,EUR
Amundi German Bund Daily (-1x) Ivrs UCITS ETF Dist,LU2572256829,LU2572256829,ETF,EUR
Amundi German Bund Dly (-2x) Inverse UCITS ETF Acc,LYQK,FR0010869578,ETF,EUR
Amundi German Bund Dly (-2x) Inverse UCITS ETF Acc,LYQK,FR0010869578,ETF,EUR
Amundi German Bund Dly (-2x) Inverse UCITS ETF Acc,0MS7,FR0010869578,ETF,EUR
Amundi German Bund Dly (-2x) Inverse UCITS ETF Acc,BUND2,FR0010869578,ETF,EUR
Amundi German Bund Dly (-2x) Inverse UCITS ETF Acc,DSB,FR0010869578,ETF,EUR
Amundi Global Aggregate Green Bond UCITS ETF Acc,KLMT,LU1563454310,ETF,EUR
Amundi Global Aggregate Green Bond UCITS ETF Acc,CLIM,LU1563454310,ETF,EUR
Amundi Global Aggregate Green Bond UCITS ETF Acc,CLIM,LU1563454310,ETF,GBP
Amundi Global Aggregate Green Bond UCITS ETF Acc,CLIM,LU1563454310,ETF,EUR
Amundi Global Aggregate Green Bond UCITS EUR Hedged Acc ETF,KLMH,LU1563454823,ETF,EUR
Amundi Global Aggregate Green Bond UCITS EUR Hedged Acc ETF,KLMH,LU1563454823,ETF,EUR
Amundi Global Aggregate Proceeds Bond 1-10Y UCITS Acc ETF,XCO2,LU1981859819,ETF,EUR
Amundi Global Aggregate Proceeds Bond 1-10Y UCITS Acc ETF,XCO2,LU1981859819,ETF,EUR
Amundi Global Bioenergy UCITS ETF EUR Acc,WDNR,LU1681046006,ETF,EUR
Amundi Global Bioenergy UCITS ETF EUR Acc,CWE,LU1681046006,ETF,EUR
Amundi Global Corp Bd 1-5Y ESG UCITS ETF DR C,UBBB,LU1525418726,ETF,USD
Amundi Global Corp Bd 1-5Y ESG UCITS ETF DR C,UBBB,LU1525418726,ETF,EUR
Amundi Global Corporate Bond 1-5Y Highest Rated ESG UCITS USD Hedged Acc ETF,GCRE,LU2780870932,ETF,EUR
Amundi Global Corporate Bond 1-5Y Highest Rated ESG UCITS USD Hedged Acc ETF,GCRE,LU2780870932,ETF,EUR
Amundi Global Corporate Bond 1-5Y Highest Rated ESG UCITS USD Hedged Acc ETF,GCRU,LU2780870932,ETF,USD
Amundi Global Equity Quality Income UCITS ETF D,LGQI,LU0832436512,ETF,EUR
Amundi Global Equity Quality Income UCITS ETF D,SGQI,LU0832436512,ETF,EUR
Amundi Global Equity Quality Income UCITS ETF D,LGQI,LU0832436512,ETF,EUR
Invesco MSCI China All Shrs Stk Cnnct UCITS ETFAcc,MCHN,IE00BK80XL30,ETF,EUR
Invesco MSCI China TechAllShr StkCon UCITS ETF Acc,ICNT,IE00BM8QS095,ETF,EUR
Invesco MSCI China TechAllShr StkCon UCITS ETF Acc,MCHT,IE00BM8QS095,ETF,USD
Invesco MSCI China TechAllShr StkCon UCITS ETF Acc,MCTS,IE00BM8QS095,ETF,GBX
Invesco MSCI China TechAllShr StkCon UCITS ETF Acc,ICNT,IE00BM8QS095,ETF,EUR
Invesco MSCI China TechAllShr StkCon UCITS ETF Acc,MCHT,IE00BM8QS095,ETF,EUR
Invesco MSCI Em Markets ESG Cl PA UCITS ETF Acc,PAEM,IE000PJL7R74,ETF,USD
Invesco MSCI Em Markets ESG Cl PA UCITS ETF Acc,PAUM,IE000PJL7R74,ETF,EUR
Invesco MSCI Em Markets ESG Cl PA UCITS ETF Acc,PAEM,IE000PJL7R74,ETF,EUR
Invesco MSCI Em Markets ESG Cl PA UCITS ETF Acc,PAEM,IE000PJL7R74,ETF,USD
Invesco MSCI Em Markets ESG Cl PA UCITS ETF Acc,PAEX,IE000PJL7R74,ETF,GBX
Invesco MSCI Em Mkts Universal Scrnd UCITS ETF Acc,ESGM,IE00BMDBMY19,ETF,EUR
Invesco MSCI Emerging Markets UCITS ETF Acc,EMSM,IE00B3DWVS88,ETF,EUR
Invesco MSCI Emerging Markets UCITS ETF Acc,MXFS,IE00B3DWVS88,ETF,USD
Invesco MSCI Emerging Markets UCITS ETF Acc,MXFS,IE00B3DWVS88,ETF,USD
Invesco MSCI Emerging Markets UCITS ETF Acc,MXFP,IE00B3DWVS88,ETF,GBX
Invesco MSCI Eu Ex UK Univ Scrnd UCITS ETF Acc,ESGX,IE00BMDBMW94,ETF,EUR
Invesco MSCI Eu Ex UK Univ Scrnd UCITS ETF Acc,ESGX,IE00BMDBMW94,ETF,EUR
Invesco MSCI Europe Cath Principles UCITS ETF Dis,ICFP,IE00BG0NY640,ETF,EUR
Invesco MSCI Europe Cath Principles UCITS ETF Dis,ICFP,IE00BG0NY640,ETF,EUR
Invesco MSCI Europe Equal Weight UCITS Acc ETF,MEEQ,IE000LUZJNI7,ETF,EUR
Invesco MSCI Europe ESG Climate PA UCITS ETF Acc,PAUE,IE000TI21P14,ETF,EUR
Invesco MSCI Europe ESG Climate PA UCITS ETF Acc,PAUE,IE000TI21P14,ETF,EUR
Invesco MSCI Europe ESG Climate PA UCITS ETF Acc,PAES,IE000TI21P14,ETF,GBX
Invesco MSCI Europe ESG Climate PA UCITS ETF Acc,PAEU,IE000TI21P14,ETF,EUR
Invesco MSCI Europe ESG Climate PA UCITS ETF Acc,PAEU,IE000TI21P14,ETF,EUR
Invesco MSCI Europe UCITS Acc ETF,SC0E,IE00B60SWY32,ETF,EUR
Invesco MSCI Europe UCITS Acc ETF,SC0E,IE00B60SWY32,ETF,EUR
Invesco MSCI Japan ESG Climate PA UCITS ETF Acc,PAUJ,IE000I8IKC59,ETF,EUR
Invesco MSCI Japan ESG Climate PA UCITS ETF Acc,PAUJ,IE000I8IKC59,ETF,EUR
Invesco MSCI Japan ESG Climate PA UCITS ETF Acc,PAJP,IE000I8IKC59,ETF,USD
Invesco MSCI Japan ESG Climate PA UCITS ETF Acc,PAJP,IE000I8IKC59,ETF,USD
Invesco MSCI Japan ESG Climate PA UCITS ETF Acc,PAJP,IE000I8IKC59,ETF,EUR
Invesco MSCI Japan UCITS Acc ETF,SC0I,IE00B60SX287,ETF,EUR
Invesco MSCI Japan UCITS Acc ETF,SC0I,IE00B60SX287,ETF,EUR
Invesco MSCI Japan UCITS Acc ETF,MXJP,IE00B60SX287,ETF,USD
Invesco MSCI Japan Univ Screened UCITS ETF Acc,ESGJ,IE00BMDBMV87,ETF,EUR
Invesco MSCI Japan Univ Screened UCITS ETF Acc,ESGJ,IE00BMDBMV87,ETF,USD
Invesco MSCI Japan Univ Screened UCITS ETF Acc,ESGJ,IE00BMDBMV87,ETF,USD
Invesco MSCI Kuwait UCITS ETF Acc,MKUW,IE00BK63RN45,ETF,USD
Invesco MSCI Pac ex Japan Univ Scrnd UCITS ETF Acc,ESGP,IE00BMDBMT65,ETF,EUR
Invesco MSCI Pac ex Japan Univ Scrnd UCITS ETF Acc,ESPJ,IE00BMDBMT65,ETF,USD
Invesco MSCI Pac ex Japan Univ Scrnd UCITS ETF Acc,ESPJ,IE00BMDBMT65,ETF,USD
Invesco MSCI Saudi Arabia UCITS ETF Acc,MSAU,IE00BFWMQ331,ETF,USD
Invesco MSCI USA ESG Climate PA UCITS ETF Acc,PAUS,IE000RLUE8E9,ETF,EUR
Invesco MSCI USA ESG Climate PA UCITS ETF Acc,PAUS,IE000RLUE8E9,ETF,EUR
Invesco MSCI USA ESG Climate PA UCITS ETF Acc,PAUS,IE000RLUE8E9,ETF,USD
Invesco MSCI USA ESG Climate PA UCITS ETF Acc,PAUS,IE000RLUE8E9,ETF,USD
Invesco MSCI USA ESG Climate PA UCITS ETF Acc,PAUS,IE000RLUE8E9,ETF,EUR
Invesco MSCI USA UCITS Acc ETF,SC0H,IE00B60SX170,ETF,EUR
StSt SPDR MSCI World Financials UCITS ETF,WFIN,IE00BYTRR970,ETF,USD
StSt SPDR MSCI World Health Care UCITS ETF,SS49,IE00BYTRRB94,ETF,EUR
StSt SPDR MSCI World Health Care UCITS ETF,WHEA,IE00BYTRRB94,ETF,EUR
StSt SPDR MSCI World Health Care UCITS ETF,WHEA,IE00BYTRRB94,ETF,USD
StSt SPDR MSCI World Health Care UCITS ETF,WHEA,IE00BYTRRB94,ETF,USD
StSt SPDR MSCI World Industrials UCITS ETF,WIND,IE00BYTRRC02,ETF,EUR
StSt SPDR MSCI World Industrials UCITS ETF,WNDU,IE00BYTRRC02,ETF,USD
StSt SPDR MSCI World Industrials UCITS ETF,WIND,IE00BYTRRC02,ETF,USD
StSt SPDR MSCI World Materials UCITS ETF,WMAT,IE00BYTRRF33,ETF,EUR
StSt SPDR MSCI World Materials UCITS ETF,WMAT,IE00BYTRRF33,ETF,USD
StSt SPDR MSCI World Materials UCITS ETF,WMAT,IE00BYTRRF33,ETF,USD
StSt SPDR MSCI World Small Cap UCITS ETF Acc,ZPRS,IE00BCBJG560,ETF,EUR
StSt SPDR MSCI World Small Cap UCITS ETF Acc,ZPRS,IE00BCBJG560,ETF,EUR
StSt SPDR MSCI World Small Cap UCITS ETF Acc,WDSC,IE00BCBJG560,ETF,USD
StSt SPDR MSCI World Small Cap UCITS ETF Acc,WOSC,IE00BCBJG560,ETF,GBP
StSt SPDR MSCI World Small Cap UCITS ETF Acc,WOSC,IE00BCBJG560,ETF,CHF
StSt SPDR MSCI World Technology UCITS ETF,SS47,IE00BYTRRD19,ETF,EUR
StSt SPDR MSCI World Technology UCITS ETF,WTCH,IE00BYTRRD19,ETF,EUR
StSt SPDR MSCI World Technology UCITS ETF,WTEC,IE00BYTRRD19,ETF,USD
StSt SPDR MSCI World Technology UCITS ETF,WTEC,IE00BYTRRD19,ETF,USD
StSt SPDR MSCI World Technology UCITS ETF,WTEC,IE00BYTRRD19,ETF,EUR
StSt SPDR MSCI World UCITS ETF Acc,SPPW,IE00BFY0GT14,ETF,EUR
StSt SPDR MSCI World UCITS ETF Acc,SPPW,IE00BFY0GT14,ETF,EUR
StSt SPDR MSCI World UCITS ETF Acc,SWRD,IE00BFY0GT14,ETF,EUR
StSt SPDR MSCI World UCITS ETF Acc,SWRD,IE00BFY0GT14,ETF,EUR
StSt SPDR MSCI World UCITS ETF Acc,SWRD,IE00BFY0GT14,ETF,USD
StSt SPDR MSCI World Utilities UCITS ETF,WUTI,IE00BYTRRH56,ETF,EUR
StSt SPDR MSCI World Utilities UCITS ETF,WUTI,IE00BYTRRH56,ETF,USD
StSt SPDR MSCI World Utilities UCITS ETF,WUTI,IE00BYTRRH56,ETF,USD
StSt SPDR MSCI World Value UCITS ETF Acc,WVAL,IE00BJXRT813,ETF,EUR
StSt SPDR Mstar Mlt-Asst Gl Infra UCITS ETF Dist,ZPRI,IE00BQWJFQ70,ETF,EUR
StSt SPDR Mstar Mlt-Asst Gl Infra UCITS ETF Dist,ZPRI,IE00BQWJFQ70,ETF,EUR
StSt SPDR Mstar Mlt-Asst Gl Infra UCITS ETF Dist,GIN,IE00BQWJFQ70,ETF,GBP
StSt SPDR Mstar Mlt-Asst Gl Infra UCITS ETF Dist,MAGI,IE00BQWJFQ70,ETF,USD
StSt SPDR Russell 2000 US Small Cap UCITS ETF Acc,ZPRR,IE00BJ38QD84,ETF,EUR
StSt SPDR Russell 2000 US Small Cap UCITS ETF Acc,R2US,IE00BJ38QD84,ETF,CHF
StSt SPDR Russell 2000 US Small Cap UCITS ETF Acc,ZPRR,IE00BJ38QD84,ETF,EUR
StSt SPDR Russell 2000 US Small Cap UCITS ETF Acc,R2SC,IE00BJ38QD84,ETF,GBP
StSt SPDR Russell 2000 US Small Cap UCITS ETF Acc,R2US,IE00BJ38QD84,ETF,USD
StSt SPDR Russell 2000 US Small Cap UCITS ETF Acc,R2US,IE00BJ38QD84,ETF,EUR
StSt SPDR Russell 2000 US Small Cap UCITS ETF Acc,R2US,IE00BJ38QD84,ETF,EUR
StSt SPDR S&P 400 U.S. Mid Cap UCITS ETF Acc,SPY4,IE00B4YBJ215,ETF,EUR
StSt SPDR S&P 400 U.S. Mid Cap UCITS ETF Acc,SPY4,IE00B4YBJ215,ETF,EUR
StSt SPDR S&P 400 U.S. Mid Cap UCITS ETF Acc,SPY4,IE00B4YBJ215,ETF,USD
StSt SPDR S&P 400 U.S. Mid Cap UCITS ETF Acc,SPY4,IE00B4YBJ215,ETF,EUR
StSt SPDR S&P 400 U.S. Mid Cap UCITS ETF Acc,SPY4,IE00B4YBJ215,ETF,EUR
StSt SPDR S&P 400 U.S. Mid Cap UCITS ETF Acc,SPY4,IE00B4YBJ215,ETF,CHF
StSt SPDR S&P 500 EUR Hdg UCITS ETF Acc,SPPE,IE00BYYW2V44,ETF,EUR
StSt SPDR S&P 500 EUR Hdg UCITS ETF Acc,SPPE,IE00BYYW2V44,ETF,EUR
StSt SPDR S&P 500 EUR Hdg UCITS ETF Acc,SPXE,IE00BYYW2V44,ETF,EUR
UBS Factor MSCI USA Prime Value Screened UCITS USD dis ETF,UBUS,IE00BX7RR706,ETF,EUR
UBS Factor MSCI USA Prime Value Screened UCITS USD dis ETF,UBUS,IE00BX7RR706,ETF,EUR
UBS Factor MSCI USA Prime Value Screened UCITS USD dis ETF,UPVLD,IE00BX7RR706,ETF,EUR
UBS Factor MSCI USA Prime Value Screened UCITS USD dis ETF,UC96,IE00BX7RR706,ETF,GBX
UBS Factor MSCI USA Qlty Scrnd UCITS ETF hGBP dis,UQLTH,IE00BXDZNK39,ETF,GBP
UBS Factor MSCI USA Qlty Scrnd UCITS ETF USD dis,UBUT,IE00BX7RRJ27,ETF,EUR
UBS Factor MSCI USA Qlty Scrnd UCITS ETF USD dis,UQLTD,IE00BX7RRJ27,ETF,CHF
UBS Factor MSCI USA Qlty Scrnd UCITS ETF USD dis,UQLTD,IE00BX7RRJ27,ETF,USD
UBS Factor MSCI USA Qlty Scrnd UCITS ETF USD dis,UBUT,IE00BX7RRJ27,ETF,EUR
UBS Factor MSCI USA Qlty Scrnd UCITS ETF USD dis,UQLTD,IE00BX7RRJ27,ETF,EUR
UBS Factor MSCI USA Qlty Scrnd UCITS ETF USD dis,UC99,IE00BX7RRJ27,ETF,GBX
UBS Factor MSCI USA Qlty Scrnd UCITS ETF USD dis,UBUT,IE00BX7RRJ27,ETF,EUR
UBS Factor MSCI USA Quality Screened UCITS hEUR acc ETF,UBUX,IE00BWT3KN65,ETF,EUR
UBS Factor MSCI USA Quality Screened UCITS hEUR acc ETF,UQLTE,IE00BWT3KN65,ETF,EUR
UBS Factor MSCI USA Quality Screened UCITS hEUR acc ETF,UQLTE,IE00BWT3KN65,ETF,EUR
UBS Factor MSCI USA Quality Screened UCITS hEUR acc ETF,UBUX,IE00BWT3KN65,ETF,EUR
UBS Factor MSCI USA Quality Screened UCITS hEUR acc ETF,UBUX,IE00BWT3KN65,ETF,EUR
UBS Fc MSCI USA Prime Val Scrnd UCITS ETF hGBP dis,UPVLH,IE00BXDZNH00,ETF,GBP
UBS Fc MSCI Wld Slcn Min Vlty UCITS ETF USD acc,WDMVO,IE000EJ2EHO7,ETF,EUR
UBS Fc MSCI Wld Slcn Min Vlty UCITS ETF USD acc,CSY9,IE000EJ2EHO7,ETF,EUR
UBS FTSE 100 UCITS ETF GBP dis,100GBA,LU0136242590,ETF,CHF
UBS FTSE 100 UCITS ETF GBP dis,UIM3,LU0136242590,ETF,EUR
UBS FTSE 100 UCITS ETF GBP dis,100EU,LU0136242590,ETF,EUR
UBS FTSE 100 UCITS ETF GBP dis,100GBA,LU0136242590,ETF,GBP
UBS FTSE 100 UCITS ETF GBP dis,UB03,LU0136242590,ETF,GBX
UBS FTSE EPRA Nareit Dvlp Green UCITS ETF USD dis,GREIT,IE000H3AH951,ETF,EUR
UBS FTSE EPRA Nareit Dvlp Green UCITS ETF USD dis,CSYZG,IE000H3AH951,ETF,EUR
UBS Global Gender Equality UCITS ETF hCHF acc,GENDES,IE00BDR5H412,ETF,CHF
UBS Global Gender Equality UCITS ETF hEUR acc,GGUE,IE00BDR5H073,ETF,EUR
UBS Global Gender Equality UCITS ETF hEUR acc,GENDE,IE00BDR5H073,ETF,EUR
UBS Global Gender Equality UCITS ETF USD acc,GENDER,IE00BDR5GV14,ETF,USD
UBS Global Gender Equality UCITS ETF USD dis,GENDE,IE00BDR5GT91,ETF,EUR
UBS Global Gender Equality UCITS ETF USD dis,GENDED,IE00BDR5GT91,ETF,CHF
UBS J.P. Morgan CNY China Gov 1-10 UCITS USD acc ETF,JC11,LU2095995895,ETF,EUR
UBS J.P. Morgan CNY China Gov 1-10 UCITS USD acc ETF,CIB,LU2095995895,ETF,EUR
UBS J.P. Morgan USD EM Diversified Bond 1-5 UCITS hEUR acc ETF,SEAB,LU1645386480,ETF,EUR
UBS J.P. Morgan USD EM Diversified Bond 1-5 UCITS hEUR acc ETF,SHEME,LU1645386480,ETF,EUR
UBS J.P. Morgan USD EM Diversified Bond 1-5 UCITS USD dis ETF,SEAA,LU1645385839,ETF,EUR
UBS J.P. Morgan USD EM Diversified Bond 1-5 UCITS USD dis ETF,SEMC,LU1645385839,ETF,GBX
UBS J.P. Morgan USD EM Diversified Bond 1-5 UCITS USD dis ETF,SHEMB,LU1645385839,ETF,EUR
UBS J.P. Morgan USD EM IG Screened Diversified Bond UCITS USD acc ETF,EMIG,LU1974695790,ETF,EUR
UBS J.P. Morgan USD EM IG Screened Diversified Bond UCITS USD acc ETF,EMIG,LU1974695790,ETF,EUR
UBS JPM EM Mlt-Fc Enhcd LC Bond UCITS ETF USD dis,EMLOC,LU1720938841,ETF,EUR
UBS JPM EM Mlt-Fc Enhcd LC Bond UCITS ETF USD dis,EMLO,LU1720938841,ETF,GBX
UBS JPM EM Mlt-Fc Enhcd LC Bond UCITS ETF USD dis,UEFE,LU1720938841,ETF,EUR
UBS JPM Gl Gov ESG Liquid Bond UCITS ETF hCHF acc,ESGGBS,LU1974694397,ETF,CHF
UBS JPM Gl Gov ESG Liquid Bond UCITS ETF USD acc,UIQG,LU1974693662,ETF,EUR
UBS LFS Bloomberg EuroAreaLiqCrpUCITS ETF(EUR)Adis,ECOEUA,LU0721553864,ETF,CHF
UBS LFS Bloomberg EuroAreaLiqCrpUCITS ETF(EUR)Adis,ECOEUA,LU0721553864,ETF,EUR
UBS MSCI AC Asia ex Japan SF UCITS USD acc ETF,AJEUA,IE00B7WK2W23,ETF,EUR
Invesco STOXX Europe 600 Optimised Industrial Goods & Services UCITS Acc ETF,SC0S,IE00B5MJYX09,ETF,EUR
Invesco STOXX Europe 600 Optimised Insurance UCITS Acc ETF,SC0Y,IE00B5MTXJ97,ETF,EUR
Invesco STOXX Europe 600 Optimised Insurance UCITS Acc ETF,SC0Y,IE00B5MTXJ97,ETF,EUR
Invesco STOXX Europe 600 Optimised Media UCITS Acc ETF,SC06,IE00B5MTZ488,ETF,EUR
Invesco STOXX Europe 600 Optimised Oil & Gas UCITS Acc ETF,SC0V,IE00B5MTWH09,ETF,EUR
Invesco STOXX Europe 600 Optimised Personal & Household Goods UCITS Acc ETF,SC04,IE00B5MTZ595,ETF,EUR
Invesco STOXX Europe 600 Optimised Personal & Household Goods UCITS Acc ETF,SC04,IE00B5MTZ595,ETF,EUR
Invesco STOXX Europe 600 Optimised Retail UCITS Acc ETF,SC05,IE00B5MTZM66,ETF,EUR
Invesco STOXX Europe 600 Optimised Technology UCITS Acc ETF,SC0X,IE00B5MTWZ80,ETF,EUR
Invesco STOXX Europe 600 Optimised Technology UCITS Acc ETF,0MTB,IE00B5MTWZ80,ETF,EUR
Invesco STOXX Europe 600 Optimised Telecommunications UCITS Acc ETF,SC0Q,IE00B5MJYB88,ETF,EUR
Invesco STOXX Europe 600 Optimised Telecommunications UCITS Acc ETF,SC0Q,IE00B5MJYB88,ETF,EUR
Invesco STOXX Europe 600 Optimised Travel & Leisure UCITS Acc ETF,SC0R,IE00B5MJYC95,ETF,EUR
Invesco STOXX Europe 600 Optimised Travel & Leisure UCITS Acc ETF,SC0R,IE00B5MJYC95,ETF,EUR
Invesco STOXX Europe 600 Optimised Utilities UCITS Acc ETF,SC0Z,IE00B5MTXK03,ETF,EUR
Invesco STOXX Europe 600 UCITS Acc ETF,SC0C,IE00B60SWW18,ETF,EUR
Invesco STOXX Europe 600 UCITS Acc ETF,SC0C,IE00B60SWW18,ETF,EUR
Invesco STOXX Europe 600 UCITS Acc ETF,S600,IE00B60SWW18,ETF,EUR
Invesco Technology S&P US Sel Sector UCITS ETF Acc,SML3,IE00B3VSSL01,ETF,EUR
Invesco Technology S&P US Sel Sector UCITS ETF Acc,XLKQ,IE00B3VSSL01,ETF,GBX
Invesco Technology S&P US Sel Sector UCITS ETF Acc,XLKS,IE00B3VSSL01,ETF,USD
Invesco Technology S&P US Sel Sector UCITS ETF Acc,XLKS,IE00B3VSSL01,ETF,EUR
Invesco Technology S&P US Sel Sector UCITS ETF Acc,XLKS,IE00B3VSSL01,ETF,USD
Invesco US Enhanced Equity UCITS Acc ETF,IQUA,IE0009EGAHL0,ETF,EUR
Invesco US Enhanced Equity UCITS Acc ETF,IQUX,IE0009EGAHL0,ETF,GBX
Invesco US High Yield Fallen Angels UCITS ETF Acc,HYFC,IE0009D6K2A2,ETF,USD
Invesco US High Yield Fallen Angels UCITS ETF Dist,FAHY,IE00BD0Q9673,ETF,EUR
Invesco US High Yield Fallen Angels UCITS ETF Dist,FAHY,IE00BD0Q9673,ETF,GBX
Invesco US High Yield Fallen Angels UCITS ETF Dist,HYFA,IE00BD0Q9673,ETF,USD
Invesco US High Yield Fallen Angels UCITS ETF Dist,HYFA,IE00BD0Q9673,ETF,EUR
Invesco US High Yield Fallen Angels UCITS ETF Dist,HYFA,IE00BD0Q9673,ETF,EUR
Invesco US High Yield Fallen Angels UCITS ETF Dist,HYFA,IE00BD0Q9673,ETF,USD
Invesco US High Yield Fallen Angels UCITS ETF Dist,FAHY,IE00BD0Q9673,ETF,EUR
Invesco US HY Flln Angls UCITS ETF EUR Hdg Acc,FAEU,IE00BYVTMZ20,ETF,EUR
Invesco US Municipal Bond UCITS ETF Dist,MUNI,IE00BNG70R26,ETF,EUR
Invesco US Municipal Bond UCITS ETF Dist,MUNI,IE00BNG70R26,ETF,USD
Invesco US Treasury Bond 1-3 Year UCITS Acc ETF,TRX3,IE00BF2FNH52,ETF,EUR
Invesco US Treasury Bond 1-3 Year UCITS Acc ETF,TR3A,IE00BF2FNH52,ETF,USD
Invesco US Treasury Bond 10+ Year UCITS Acc ETF,TRXL,IE000GE4QIR1,ETF,EUR
Invesco US Treasury Bond 10+ Year UCITS Acc ETF,TRLA,IE000GE4QIR1,ETF,USD
Invesco US Treasury Bond 3-7 Year UCITS Acc ETF,TR7A,IE00BF2FNR50,ETF,EUR
Invesco US Treasury Bond 3-7 Year UCITS Acc ETF,TR7A,IE00BF2FNR50,ETF,USD
Invesco US Treasury Bond 3-7 Year UCITS ETF,T7EU,IE00BF2FPB31,ETF,EUR
Invesco US Treasury Bond 3-7 Year UCITS ETF Dist,TRD7,IE00BF2FNQ44,ETF,EUR
Invesco US Treasury Bond 7-10 Year UCITS - EUR Hdg Dist ETF,TRDE,IE00BF2FN869,ETF,EUR
Invesco US Treasury Bond 7-10 Year UCITS Acc ETF,TRXA,IE00BF2FN752,ETF,EUR
Invesco US Treasury Bond 7-10 Year UCITS Acc ETF,TRXA,IE00BF2FN752,ETF,USD
Invesco US Treasury Bond 7-10 Year UCITS ETF Dist,TRDX,IE00BF2FN646,ETF,EUR
Invesco US Treasury Bond 7-10 Year UCITS ETF Dist,TREX,IE00BF2FN646,ETF,EUR
Invesco USD AAA CLO UCITS ETF Dist,UCLU,IE000PKN5N58,ETF,EUR
Amundi Euro Aggregate Bond ESG UCITS ETF DR C,PR10,LU2182388236,ETF,EUR
Amundi Euro Gov Bd Highest Rtd IG UCITS ETF Acc,DE5A,LU1681046691,ETF,EUR
Amundi Euro Gov Bd Highest Rtd IG UCITS ETF Acc,LU1681046691,LU1681046691,ETF,EUR
Amundi Euro Gov Inflation-Linked Bond UCITS ETF A,LYQ7,LU1650491282,ETF,EUR
Amundi Euro Gov Inflation-Linked Bond UCITS ETF A,MTI ,LU1650491282,ETF,EUR
Amundi Euro Gov Inflation-Linked Bond UCITS ETF A,LYQ7,LU1650491282,ETF,EUR
Amundi Euro Gov Inflation-Linked Bond UCITS ETF A,EMI,LU1650491282,ETF,EUR
Amundi Euro Gov Inflation-Linked Bond UCITS ETF A,MTIX,LU1650491282,ETF,GBX
Amundi Euro Government Bond 0-6 M UCITS ETF Acc,18M1,FR0010754200,ETF,EUR
Amundi Euro Government Bond 0-6 M UCITS ETF Acc,C3M,FR0010754200,ETF,EUR
Amundi Euro Government Bond 0-6 M UCITS ETF Acc,18M1,FR0010754200,ETF,EUR
Amundi Euro Government Bond 0-6 M UCITS ETF Acc,C3M,FR0010754200,ETF,EUR
Amundi Euro Government Bond 1-3Y UCITS Dist ETF,EGV3,LU1650487926,ETF,EUR
Amundi Euro Government Bond 1-3Y UCITS Dist ETF,EGV3,LU1650487926,ETF,EUR
Amundi Euro Government Bond 1-3Y UCITS ETF Acc,LYQ2,LU1650487413,ETF,EUR
Amundi Euro Government Bond 1-3Y UCITS ETF Acc,MTA ,LU1650487413,ETF,EUR
Amundi Euro Government Bond 1-3Y UCITS ETF Acc,LYQ2,LU1650487413,ETF,EUR
Amundi Euro Government Bond 1-3Y UCITS ETF Acc,EM13,LU1650487413,ETF,EUR
Amundi Euro Government Bond 10-15Y UCITS ETF Acc,LYQ6,LU1650489385,ETF,EUR
Amundi Euro Government Bond 10-15Y UCITS ETF Acc,MTE ,LU1650489385,ETF,EUR
Amundi Euro Government Bond 10-15Y UCITS ETF Acc,LYQ6,LU1650489385,ETF,EUR
Amundi Euro Government Bond 10-15Y UCITS ETF Acc,EM101,LU1650489385,ETF,EUR
Amundi Euro Government Bond 15+Y UCITS Dist ETF,E15G,LU2090062782,ETF,EUR
Amundi Euro Government Bond 15+Y UCITS ETF Acc,LYXF,LU1287023268,ETF,EUR
Amundi Euro Government Bond 15+Y UCITS ETF Acc,MTF,LU1287023268,ETF,EUR
Amundi Euro Government Bond 15+Y UCITS ETF Acc,EM15,LU1287023268,ETF,EUR
Amundi Euro Government Bond 15+Y UCITS ETF Acc,LYXF,LU1287023268,ETF,EUR
Amundi Euro Government Bond 25+Y UCITS Dist ETF,DFOB,LU1686832277,ETF,EUR
Amundi Euro Government Bond 25+Y UCITS Dist ETF,DFOB,LU1686832277,ETF,EUR
Amundi Euro Government Bond 25+Y UCITS ETF A,MTH ,LU1686832194,ETF,EUR
Amundi Euro Government Bond 3-5Y UCITS ETF Acc,LYQ3,LU1650488494,ETF,EUR
Amundi Euro Government Bond 3-5Y UCITS ETF Acc,LU1650488494,LU1650488494,ETF,EUR
Amundi Euro Government Bond 3-5Y UCITS ETF Acc,LYQ3,LU1650488494,ETF,EUR
Amundi Euro Government Bond 3-5Y UCITS ETF Acc,EM35,LU1650488494,ETF,EUR
Amundi Euro Government Bond 5-7Y UCITS Dist ETF,LU2090062865,LU2090062865,ETF,EUR
Amundi Euro Government Bond 5-7Y UCITS ETF Acc,LYXC,LU1287023003,ETF,EUR
Amundi Euro Government Bond 5-7Y UCITS ETF Acc,MTC,LU1287023003,ETF,EUR
Amundi Euro Government Bond 5-7Y UCITS ETF Acc,EM57,LU1287023003,ETF,EUR
Amundi Euro Government Bond 5-7Y UCITS ETF Acc,LYXC,LU1287023003,ETF,EUR
Amundi Euro Government Bond 7-10Y UCITS Dist ETF,MTDD,LU2090062949,ETF,EUR
Amundi Euro Government Bond 7-10Y UCITS ETF Acc,LYXD,LU1287023185,ETF,EUR
Amundi Euro Government Bond 7-10Y UCITS ETF Acc,MTD ,LU1287023185,ETF,EUR
Amundi Euro Government Bond 7-10Y UCITS ETF Acc,EM710,LU1287023185,ETF,EUR
Amundi Euro Government Bond 7-10Y UCITS ETF Acc,LYXD,LU1287023185,ETF,EUR
Amundi Euro Government Green Bond UCITS ETF Acc,ERTH,LU2356220926,ETF,EUR
Amundi Euro Government Tilted Green Bd UCITS ETFAc,CB3G,LU1681046261,ETF,EUR
Amundi Euro Government Tilted Green Bd UCITS ETFAc,CB3,LU1681046261,ETF,EUR
Amundi Euro Hghst Rtd Mcr Wght Gov Bd UCITS ETF A,LU1287023342,LU1287023342,ETF,EUR
Amundi Euro Hghst Rtd Mcr Wght Gov Bd UCITS ETF A,LYXA,LU1287023342,ETF,EUR
Amundi Euro Hghst Rtd Mcr Wght Gov Bd UCITS ETF A,LYMAA,LU1287023342,ETF,EUR
Xtrackers Harvest CSI300 UCITS 1D ETF,RQFI,LU0875160326,ETF,EUR
Xtrackers Harvest CSI300 UCITS 1D ETF,RQFI,LU0875160326,ETF,EUR
Xtrackers Harvest MSCI China Tech 100 UCITS ETF,XCTE,LU2376679564,ETF,EUR
Xtrackers Harvest MSCI China Tech 100 UCITS ETF,XCTE,LU2376679564,ETF,EUR
Xtrackers iBoxx EUR Corp Bd Yld Plus UCITS ETF 1D,XDEP,IE00BYPHT736,ETF,EUR
Xtrackers iBoxx EUR Corp Bd Yld Plus UCITS ETF 1D,XDEP,IE00BYPHT736,ETF,EUR
Xtrackers iBoxx EUR Corp Bd Yld Plus UCITS ETF 1D,XDEP,IE00BYPHT736,ETF,EUR
Xtrackers iBoxx EUR Corp Bd Yld Plus UCITS ETF 1D,0Y81,IE00BYPHT736,ETF,EUR
Xtrackers Ie Physical Gold ETC,XGDU,DE000A2T0VU5,ETF,EUR
Xtrackers Ie Physical Gold ETC,XGDU,DE000A2T0VU5,ETF,EUR
Xtrackers Ie Physical Gold ETC,XGDU,DE000A2T0VU5,ETF,EUR
Xtrackers IE Physical Gold EUR Hedged Securities ETC,XGDE,DE000A2T5DZ1,ETF,EUR
Xtrackers IE Physical Platinum ETC,XPPT,DE000A2T0VT7,ETF,EUR
Xtrackers IE Physical Platinum ETC,XPPT,DE000A2T0VT7,ETF,EUR
Xtrackers IE Physical Platinum EUR Hedged Securities ETC,XPPE,DE000A2UDH63,ETF,EUR
Xtrackers IE Physical Platinum EUR Hedged Securities ETC,XPPE,DE000A2UDH63,ETF,EUR
Xtrackers Ie Physical Silver ETC,XSLR,DE000A2T0VS9,ETF,EUR
Xtrackers IE Physical Silver EUR Hedged ETC,XSLE,DE000A2UDH55,ETF,EUR
Xtrackers IE Physical Silver EUR Hedged ETC,XSLE,DE000A2UDH55,ETF,EUR
Xtrackers II Australia Government Bond UCITS 1C ETF,XCS2,LU0494592974,ETF,EUR
Xtrackers II Australia Government Bond UCITS 1C ETF,XCS2,LU0494592974,ETF,EUR
Xtrackers II Australia Government Bond UCITS 1C ETF,XCS2,LU0494592974,ETF,GBX
Xtrackers II ESG EUR Corporate Bond UCITS 1D ETF,XB4F,LU0484968812,ETF,EUR
Xtrackers II ESG EUR Corporate Bond UCITS 1D ETF,XB4F,LU0484968812,ETF,EUR
Xtrackers II ESG EUR Corporate Bond UCITS 1D ETF,XB4F,LU0484968812,ETF,EUR
Xtrackers II ESG Global Agg Bond UCITS ETF 1C HEUR,XBAU,LU0942970285,ETF,USD
Xtrackers II ESG Global Agg Bond UCITS ETF 4C HCHF,XBAC,LU0942970442,ETF,CHF
Xtrackers II ESG Global Aggregate Bond UCITS 1D ETF,XBAG,LU0942970103,ETF,EUR
Xtrackers II ESG Global Aggregate Bond UCITS 1D ETF,XBAG,LU0942970103,ETF,EUR
Xtrackers II ESG Global Aggregate Bond UCITS 1D ETF,XBAG,LU0942970103,ETF,GBX
Xtrackers II ESG Global Aggregate Bond UCITS 1D ETF,XBAG,LU0942970103,ETF,USD
Xtrackers II ESG Global Aggregate Bond UCITS 1D ETF,XBAG,LU0942970103,ETF,EUR
Xtrackers II ESG Global Aggregate Bond UCITS 5C EUR Hedged ETF,XBAE,LU0942970798,ETF,EUR
Xtrackers II ESG Global Aggregate Bond UCITS 5C EUR Hedged ETF,XBAE,LU0942970798,ETF,EUR
Xtrackers II ESG Global Aggregate Bond UCITS 5C EUR Hedged ETF,XBAE,LU0942970798,ETF,EUR
Xtrackers II EUR Corporate Bond UCITS 1C ETF,D5BG,LU0478205379,ETF,EUR
Xtrackers II EUR Corporate Bond UCITS 1C ETF,XBLC,LU0478205379,ETF,EUR
Xtrackers II EUR Corporate Bond UCITS 1C ETF,D5BG,LU0478205379,ETF,EUR
Xtrackers II EUR Corporate Bond UCITS 1C ETF,XBLC,LU0478205379,ETF,EUR
Xtrackers II EUR Covered Bond Swap UCITS 1C ETF,XLIQ,LU0820950128,ETF,EUR
Xtrackers II EUR High Yield Corporate Bond UCITS 1C ETF,XHYA,LU1109943388,ETF,EUR
Xtrackers II EUR High Yield Corporate Bond UCITS 1C ETF,XHYA,LU1109943388,ETF,EUR
Xtrackers II EUR High Yield Corporate Bond UCITS 1D ETF,XHYG,LU1109942653,ETF,EUR
Xtrackers II EUR High Yield Corporate Bond UCITS 1D ETF,XHYG,LU1109942653,ETF,EUR
Xtrackers II EUR High Yield Corporate Bond UCITS 1D ETF,XHYG,LU1109942653,ETF,EUR
Xtrackers II EUR High Yield Corporate Bond UCITS 1D ETF,XHYG,LU1109942653,ETF,EUR
Xtrackers II EUR Overnight Rate Swap UCITS 1C ETF,DBXT,LU0290358497,ETF,EUR
Xtrackers II EUR Overnight Rate Swap UCITS 1C ETF,XEON,LU0290358497,ETF,EUR
Xtrackers II EUR Overnight Rate Swap UCITS 1C ETF,DBXT,LU0290358497,ETF,EUR
Xtrackers II EUR Overnight Rate Swap UCITS 1D ETF,DX22,LU0335044896,ETF,EUR
WisdomTree Enhanced Commodity UCITS ETF EUR HgdAcc,WTEH,IE00BG88WG77,ETF,EUR
WisdomTree Enhanced Commodity UCITS ETF GBP HgdAcc,WCOM,IE00BG88WH84,ETF,GBX
WisdomTree Enhanced Commodity UCITS ETF USD,WCOG,IE00BZ1GHD37,ETF,GBX
WisdomTree Enhanced Commodity UCITS ETF USD,WCOG,IE00BZ1GHD37,ETF,USD
WisdomTree Enhanced Commodity UCITS ETF USD Acc,WTIC,IE00BYMLZY74,ETF,EUR
WisdomTree Enhanced Commodity UCITS ETF USD Acc,WCOA,IE00BYMLZY74,ETF,EUR
Wisdomtree Etfs Short EUR Long GBP ETF,URGB,JE00B45CYD99,ETF,GBX
Wisdomtree Euro Stoxx 50 3X Daily Lever,PCFD,IE00B7SD4R47,ETF,EUR
Wisdomtree Euro Stoxx 50 3X Daily Lever,3EUL,IE00B7SD4R47,ETF,EUR
Wisdomtree Euro Stoxx 50 3X Daily Lever,3EUL,IE00B7SD4R47,ETF,EUR
Wisdomtree Euro Stoxx 50 3X Daily Short,PCFC,IE00B8JF9153,ETF,EUR
Wisdomtree Euro Stoxx 50 3X Daily Short,3EUS,IE00B8JF9153,ETF,EUR
Wisdomtree Euro Stoxx 50 3X Daily Short,3EUS,IE00B8JF9153,ETF,EUR
Wisdomtree Euro Stoxx 50 3X Daily Short,0LJM,IE00B8JF9153,ETF,EUR
WisdomTree EURO STOXX 50 5x Daily Leveraged ETP,5LEL,XS2771503104,ETF,EUR
WisdomTree EURO STOXX 50 5x Daily Leveraged ETP,5EUL,XS2771503104,ETF,EUR
WisdomTree EURO STOXX 50 5x Daily Short ETP,5LES,XS2771502718,ETF,EUR
WisdomTree EURO STOXX 50 ETN,WS5X,XS2427362145,ETF,EUR
Wisdomtree Euro Stoxx Banks 3X Daily Lev,0LJI,IE00BLS09N40,ETF,EUR
Wisdomtree Euro Stoxx Banks 3X Daily Lev,3BAL,IE00BLS09N40,ETF,EUR
WisdomTree EURO STOXX Banks 3x Daily Short ETN,OLJJ,XS2637076568,ETF,EUR
WisdomTree Europe Defence UCITS - EUR Acc ETF,EUDF,IE0002Y8CX98,ETF,EUR
WisdomTree Europe Defence UCITS - EUR Acc ETF,WDEP,IE0002Y8CX98,ETF,GBX
WisdomTree Europe Defence UCITS - EUR Acc ETF,EUDF,IE0002Y8CX98,ETF,EUR
WisdomTree Europe Equity Income UCITS ETF,WTEE,IE00BQZJBX31,ETF,EUR
WisdomTree Europe Equity Income UCITS ETF,EEI,IE00BQZJBX31,ETF,EUR
WisdomTree Europe Equity Income UCITS ETF,EEI,IE00BQZJBX31,ETF,CHF
WisdomTree Europe Equity Income UCITS ETF,WTE5,IE00BQZJBX31,ETF,EUR
WisdomTree Europe Equity Income UCITS ETF,EEI,IE00BQZJBX31,ETF,EUR
WisdomTree Europe Equity Income UCITS ETF,EEI,IE00BQZJBX31,ETF,GBX
WisdomTree Europe Equity Income UCITS ETF,EEIE,IE00BQZJBX31,ETF,EUR
WisdomTree Europe Equity Income UCITS ETF Acc,EEIP,IE00BDF16007,ETF,GBX
WisdomTree Europe Equity Income UCITS ETF Acc,EEIA,IE00BDF16007,ETF,EUR
WisdomTree Europe Equity Income UCITS ETF Acc,EEIA,IE00BDF16007,ETF,EUR
WisdomTree Europe Equity Income UCITS ETF Acc,EEIA,IE00BDF16007,ETF,EUR
WisdomTree Europe Equity UCITS ETF CHF Hgd Acc,HEDD,IE00BYQCZT11,ETF,CHF
WisdomTree Europe Equity UCITS ETF EUR Acc,HEDG,IE00BYQCZX56,ETF,GBX
WisdomTree Europe Equity UCITS ETF EUR Acc,HEDF,IE00BYQCZX56,ETF,EUR
WisdomTree Europe Equity UCITS ETF EUR Acc,HEDF,IE00BYQCZX56,ETF,EUR
WisdomTree Europe Equity UCITS ETF EUR Acc,HEDF,IE00BYQCZX56,ETF,EUR
WisdomTree Europe Equity UCITS ETF EUR Acc,WTD4,IE00BYQCZX56,ETF,EUR
WisdomTree Europe Equity UCITS ETF GBP Hgd,HEDP,IE00BYQCZQ89,ETF,GBX
WisdomTree Europe Equity UCITS ETF USD Hgd,WTDU,IE00BVXBH163,ETF,EUR
WisdomTree Europe Equity UCITS ETF USD Hgd,HEDJ,IE00BVXBH163,ETF,EUR
WisdomTree Europe Equity UCITS ETF USD Hgd,HEDJ,IE00BVXBH163,ETF,USD
WisdomTree Europe Equity UCITS ETF USD Hgd,HEDJ,IE00BVXBH163,ETF,USD
WisdomTree Europe Equity UCITS ETF USD Hgd Acc,HEDK,IE00BYQCZP72,ETF,USD
WisdomTree Europe Equity UCITS ETF USD Hgd Acc,HEDK,IE00BYQCZP72,ETF,USD
WisdomTree Europe Equity UCITS ETF USD Hgd Acc,HEDS,IE00BYQCZP72,ETF,GBX
WisdomTree Europe Small Cap Dividend UCITS ETF,DFE,IE00BQZJC527,ETF,GBX
iShares Italy Govt Bond UCITS EUR (Dist) ETF,IS0M,IE00B7LW6Y90,ETF,EUR
iShares Italy Govt Bond UCITS EUR (Dist) ETF,IITB,IE00B7LW6Y90,ETF,EUR
iShares Italy Govt Bond UCITS EUR (Dist) ETF,IS0M,IE00B7LW6Y90,ETF,EUR
iShares Italy Govt Bond UCITS EUR (Dist) ETF,IITB,IE00B7LW6Y90,ETF,EUR
iShares J.P. Morgan $ EM Bond CHF Hgd UCITS ETF D,EMBC,IE00B9M04V95,ETF,CHF
iShares J.P. Morgan $ EM Bond EUR Hgd UCITS ETF D,IS3C,IE00B9M6RS56,ETF,EUR
iShares J.P. Morgan $ EM Bond EUR Hgd UCITS ETF D,EMBE,IE00B9M6RS56,ETF,EUR
iShares J.P. Morgan $ EM Bond EUR Hgd UCITS ETF D,IS3C,IE00B9M6RS56,ETF,EUR
iShares J.P. Morgan $ EM Bond EUR Hgd UCITS ETF D,EMBE,IE00B9M6RS56,ETF,EUR
iShares J.P. Morgan $ EM Bond EUR Hgd UCITS ETF D,EMBE,IE00B9M6RS56,ETF,EUR
iShares J.P. Morgan $ EM Corp Bd UCITS ETF USD A,EMCA,IE00BFM6TD65,ETF,USD
iShares J.P. Morgan $ EM Corp Bd UCITS ETF USD D,IS0Q,IE00B6TLBW47,ETF,EUR
iShares J.P. Morgan $ EM Corp Bd UCITS ETF USD D,IS0Q,IE00B6TLBW47,ETF,EUR
iShares J.P. Morgan $ EM Corp Bd UCITS ETF USD D,EMCR,IE00B6TLBW47,ETF,EUR
iShares J.P. Morgan $ EM Corp Bd UCITS ETF USD D,EMCR,IE00B6TLBW47,ETF,USD
iShares J.P. Morgan $ EM Corp Bd UCITS ETF USD D,EMCR,IE00B6TLBW47,ETF,CHF
iShares J.P. Morgan $ EM Corp Bd UCITS ETF USD D,EMCP,IE00B6TLBW47,ETF,GBP
iShares J.P. Morgan USD EM Bond UCITS EUR Hedged (Acc) ETF,3SUD,IE00BJ5JPH63,ETF,EUR
iShares J.P. Morgan USD EM Corp Bond UCITS EUR Hedged (Acc) ETF,SNAZ,IE00BKT1CS59,ETF,EUR
iShares Japan Govt Bond UCITS EUR Hedged (Acc) ETF,CEB2,IE000TY854T9,ETF,EUR
iShares Japan Govt Bond UCITS EUR Hedged (Acc) ETF,CEB2,IE000TY854T9,ETF,EUR
iShares JP Morgan $ EM Bond UCITS ETF CHF H Acc,EMCH,IE00BGQ0J979,ETF,CHF
iShares JP Morgan $ EM Bond UCITS ETF USD Acc,IS02,IE00BYXYYK40,ETF,EUR
iShares JP Morgan $ EM Bond UCITS ETF USD Acc,JPEA,IE00BYXYYK40,ETF,USD
iShares JP Morgan $ EM Bond UCITS ETF USD Acc,JPEA,IE00BYXYYK40,ETF,CHF
iShares JP Morgan $ EM Bond UCITS ETF USD Acc,JPEE,IE00BYXYYK40,ETF,EUR
iShares JP Morgan $ EM Bond UCITS ETF USD Dis,IUS7,IE00B2NPKV68,ETF,EUR
iShares JP Morgan $ EM Bond UCITS ETF USD Dis,IEMB,IE00B2NPKV68,ETF,USD
iShares JP Morgan $ EM Bond UCITS ETF USD Dis,IUS7,IE00B2NPKV68,ETF,EUR
iShares JP Morgan $ EM Bond UCITS ETF USD Dis,SEMB,IE00B2NPKV68,ETF,GBX
iShares JP Morgan $ EM Bond UCITS ETF USD Dis,IEMB,IE00B2NPKV68,ETF,EUR
iShares JP Morgan $ EM Bond UCITS ETF USD Dis,IEMB,IE00B2NPKV68,ETF,USD
iShares JP Morgan Advanced $ EM Bd UCITS ETF USD A,EMSA,IE00BF553838,ETF,EUR
iShares JP Morgan Advanced $ EM Bd UCITS ETF USD A,EMSA,IE00BF553838,ETF,USD
iShares JP Morgan Advanced $ EM Bd UCITS ETF USD D,36B1,IE00BDDRDW15,ETF,EUR
iShares JP Morgan Advanced $ EM Bd UCITS ETF USD D,EMES,IE00BDDRDW15,ETF,USD
iShares JP Morgan Advanced $ EM Bond UCITS EUR Hedged (Acc) ETF,SLMG,IE00BKP5L730,ETF,EUR
iShares JPM EM Local Govt Bond UCITS ETF USD A,EMGA,IE00BFZPF546,ETF,USD
iShares JPM EM Local Govt Bond UCITS ETF USD D,IUSP,IE00B5M4WH52,ETF,EUR
iShares JPM EM Local Govt Bond UCITS ETF USD D,IEML,IE00B5M4WH52,ETF,CHF
iShares JPM EM Local Govt Bond UCITS ETF USD D,SEML,IE00B5M4WH52,ETF,EUR
iShares JPM EM Local Govt Bond UCITS ETF USD D,IEML,IE00B5M4WH52,ETF,USD
iShares JPM EM Local Govt Bond UCITS ETF USD D,SEML,IE00B5M4WH52,ETF,GBP
iShares JPM EM Local Govt Bond UCITS ETF USD D,IUSP,IE00B5M4WH52,ETF,EUR
iShares Listed Private Equity UCITS ETF USD A,IPRA,IE000D8FCSD8,ETF,USD
iShares Listed Private Equity UCITS ETF USD D,IQQL,IE00B1TXHL60,ETF,EUR
iShares Listed Private Equity UCITS ETF USD D,IPRV,IE00B1TXHL60,ETF,EUR
iShares Listed Private Equity UCITS ETF USD D,IPRV,IE00B1TXHL60,ETF,GBX
iShares Listed Private Equity UCITS ETF USD D,IPRV,IE00B1TXHL60,ETF,USD
iShares Listed Private Equity UCITS ETF USD D,IQQL,IE00B1TXHL60,ETF,EUR
BNP Paribas Easy MSCI EMU Min TE UCITS ETF C,EEMU,LU1291098827,ETF,EUR
BNP Paribas Easy MSCI EMU Min TE UCITS ETF C,EEMU,LU1291098827,ETF,EUR
BNP Paribas Easy MSCI EMU Min TE UCITS ETF C,EMUX,LU1291098827,ETF,EUR
BNP Paribas Easy MSCI EMU Min TE UCITS ETF C,0E4B,LU1291098827,ETF,EUR
BNP Paribas Easy MSCI EMU SRI PAB UCITS ETF,MUSRI,LU1953137681,ETF,EUR
BNP Paribas Easy MSCI Europe Min TE UCITS ETF C,EEUX,LU1291099718,ETF,EUR
BNP Paribas Easy MSCI Europe Min TE UCITS ETF C,EEUE,LU1291099718,ETF,EUR
BNP Paribas Easy MSCI Europe Min TE UCITS ETF C,EEUX,LU1291099718,ETF,EUR
BNP Paribas Easy MSCI Europe Min TE UCITS ETF C,EEUE,LU1291099718,ETF,EUR
BNP Paribas Easy MSCI Europe SRI PAB UCITS ETF,SRIEC,LU1753045332,ETF,EUR
BNP Paribas Easy MSCI Japan Min TE UCITS EUR Hedged - C ETF,EJAH,LU1481203070,ETF,EUR
BNP Paribas Easy MSCI Japan Min TE UCITS EUR Hedged - C ETF,EJAH,LU1481203070,ETF,EUR
BNP Paribas Easy MSCI Japan Min TE UCITS EUR Hedged - C ETF,EJAH,LU1481203070,ETF,EUR
BNP Paribas Easy MSCI Japan SRI PAB UCITS ETF,SRIJC,LU1753045845,ETF,EUR
BNP Paribas Easy MSCI Japan SRI PAB UCITS ETF,QUEJ,LU1753045845,ETF,EUR
BNP Paribas Easy MSCI USA Min TE UCITS ETF C,ENOA,LU1291104575,ETF,EUR
BNP Paribas Easy MSCI USA Min TE UCITS ETF C,ENAM,LU1291104575,ETF,EUR
BNP Paribas Easy MSCI USA Min TE UCITS ETF C,ENOA,LU1291104575,ETF,EUR
BNP Paribas Easy MSCI USA Min TE UCITS ETF C,ENAM,LU1291104575,ETF,EUR
BNP Paribas Easy MSCI World Min TE UCITS ETF,WEMT2,IE000W8HP9L8,ETF,EUR
BNP Paribas Easy MSCI World Min TE UCITS ETF,IE0008FB2WZ1,IE0008FB2WZ1,ETF,USD
BNP Paribas Easy Quality Europe UCITS ETF C,EQUA,LU1377382103,ETF,EUR
BNP Paribas Easy Quality Europe UCITS ETF C,QUEU,LU1377382103,ETF,EUR
BNP Paribas Easy Quality Europe UCITS ETF C,EQUA,LU1377382103,ETF,EUR
BNP Paribas Easy Quality Europe UCITS ETF C,EQUA,LU1377382103,ETF,EUR
BNP Paribas Easy Quality Europe UCITS ETF D,QUED,LU1481201611,ETF,EUR
BNP Paribas Easy Quality Europe UCITS ETF D,QUED,LU1481201611,ETF,EUR
BNP Paribas Easy Quality Europe UCITS ETF D,QUED,LU1481201611,ETF,EUR
BNP Paribas Easy S&P 500 Scored and Screened UCITS ETF,SPEEU,IE0004J37T45,ETF,EUR
BNP Paribas Easy S&P 500 Scored and Screened UCITS ETF,SPEUS,IE0000VX9GN7,ETF,USD
BNP Paribas Easy S&P 500 UCITS ETF EUR C,ESEE,FR0011550185,ETF,EUR
BNP Paribas Easy S&P 500 UCITS ETF EUR C,ESEE,FR0011550185,ETF,EUR
BNP Paribas Easy S&P 500 UCITS ETF EUR C,ESEE,FR0011550185,ETF,EUR
BNP Paribas Easy S&P 500 UCITS ETF EUR C,ESE,FR0011550185,ETF,EUR
BNP Paribas Easy S&P 500 UCITS ETF EUR H,ESEH,FR0013041530,ETF,EUR
BNP Paribas Easy S&P 500 UCITS ETF EUR H,ESEH,FR0013041530,ETF,EUR
BNP Paribas Easy S&P 500 UCITS ETF EUR H,ESEH,FR0013041530,ETF,EUR
BNP Paribas Easy S&P 500 UCITS ETF USD C,ESD,FR0011550177,ETF,USD
BNP Paribas Easy S&P 500 UCITS ETF USD C,0XC5,FR0011550177,ETF,USD
BNP Paribas Easy Stoxx Europe600 UCITS ETF EUR C,ETSZ,FR0011550193,ETF,EUR
BNP Paribas Easy Stoxx Europe600 UCITS ETF EUR C,ETSZ,FR0011550193,ETF,EUR
BNP Paribas Easy Stoxx Europe600 UCITS ETF EUR C,ETZ,FR0011550193,ETF,EUR
BNP Paribas Easy Value Europe UCITS ETF C,EVAE,LU1377382285,ETF,EUR
BNP Paribas Easy Value Europe UCITS ETF C,VALU,LU1377382285,ETF,EUR
BNP Paribas Easy Value Europe UCITS ETF C,EVAE,LU1377382285,ETF,EUR
BNP Paribas Easy Value Europe UCITS ETF C,EVAE,LU1377382285,ETF,EUR
BNP Paribas Easy Value Europe UCITS ETF C,0E5E,LU1377382285,ETF,EUR
BNP Paribas Easy Value Europe UCITS ETF D,VALD,LU1481201702,ETF,EUR
BNP Paribas Easy Value Europe UCITS ETF D,VALD,LU1481201702,ETF,EUR
BNP Paribas Easy Value Europe UCITS ETF D,VALD,LU1481201702,ETF,EUR
Coinshares XBT Provider O.E. Bitcoin ETP,0LNB,SE0007525332,ETF,EUR
Coinshares XBT Provider O.E. Ethereum ETP,0LNC,SE0010296574,ETF,EUR
Coinshares XBT Provider O.E. Ethereum ETP,0LND,SE0010296582,ETF,EUR
CoinShares XRP ETP,XRRL,GB00BLD4ZN31,ETF,EUR
CoinShares XRP ETP,XRPL,GB00BLD4ZN31,ETF,EUR
CoinShares XRP ETP,XRRL,GB00BLD4ZN31,ETF,EUR
DDA Bitcoin Macro ETP ETN,BMAC,DE000A3G9SE0,ETF,EUR
DDA Bitcoin Macro ETP,BMAC,DE000A3G9SE0,ETF,EUR
DDA Physical Bitcoin ETN,XBTI,DE000A3GK2N1,ETF,EUR
DDA Physical Bitcoin ETN,XBTI,DE000A3GK2N1,ETF,EUR
DDA Physical Bitcoin ETN,XBTI,DE000A3GK2N1,ETF,EUR
DDA Physical Bitcoin ETN,DE000A3GK2N1,DE000A3GK2N1,ETF,EUR
Deutsche Boerse Commodities Xetra-Gold ETC,4GLD,DE000A0S9GB0,ETF,EUR
Deutsche Boerse Commodities Xetra-Gold ETC,4GLD,DE000A0S9GB0,ETF,EUR
EMQQ Emerging Markets Internet UCITS ETF Acc,EMQQ,IE00BFYN8Y92,ETF,EUR
EMQQ Emerging Markets Internet UCITS ETF Acc,EMQP,IE00BFYN8Y92,ETF,GBX
EMQQ Emerging Markets Internet UCITS ETF Acc,EMQQ,IE00BFYN8Y92,ETF,USD
EMQQ Emerging Markets Internet UCITS ETF Acc,EMQQ,IE00BFYN8Y92,ETF,EUR
EMQQ Emerging Markets Internet UCITS ETF Acc,EMQQ,IE00BFYN8Y92,ETF,CHF
EMQQ Emerging Markets Internet UCITS ETF Acc,EMQQG,IE00BFYN8Y92,ETF,EUR
EMQQ Emerging Markets Internet UCITS ETF Acc,EMQQ,IE00BFYN8Y92,ETF,EUR
ETC Group Core Bitcoin ETP,BTC1,DE000A4AER62,ETF,EUR
ETC Group Core Bitcoin ETP,BTC1,DE000A4AER62,ETF,EUR
ETC Group Core Bitcoin ETP,BTC2,DE000A4AER62,ETF,USD
ETC Group Ethereum Staking ETP (ET32),ET32,DE000A3G90G9,ETF,EUR
ETC Group Ethereum Staking ETP (ET32),ET33,DE000A3G90G9,ETF,USD
ETC Group Web 3.0 UCITS ETF Acc,M37R,IE000KDY10O3,ETF,EUR
ETC Group Web 3.0 UCITS ETF Acc,M37R,IE000KDY10O3,ETF,EUR
ETC Group Web 3.0 UCITS ETF Acc,METR,IE000KDY10O3,ETF,EUR
Fidelity Emerging Markets Quality Income UCITS - Acc USD ETF,FYEM,IE00BYSX4846,ETF,EUR
Fidelity Emerging Markets Quality Income UCITS - Acc USD ETF,FEMI,IE00BYSX4846,ETF,USD
Fidelity Emerging Markets Quality Income UCITS - Inc USD ETF,FYEQ,IE00BYSX4739,ETF,EUR
Fidelity Emerging Markets Quality Income UCITS - Inc USD ETF,FYEQ,IE00BYSX4739,ETF,EUR
Fidelity EUR Corp Bd Rs Enh PAB UCITS ETF Acc EUR,FEIA,IE0000VKUF67,ETF,EUR
Fidelity Europe Quality Income UCITS - Acc EUR ETF,FEUQ,IE00BYSX4283,ETF,EUR
Fidelity Europe Quality Income UCITS - Acc EUR ETF,FEQD,IE00BYSX4283,ETF,GBP
Fidelity Europe Quality Income UCITS - Inc EUR ETF,FEUI,IE00BYSX4176,ETF,EUR
Fidelity Global Eq Research Enh PAB UCITS ETF Acc,FRP2,IE000TYGG0N6,ETF,GBP
Fidelity Global Eq Research Enh PAB UCITS ETF Acc,FRPG,IE000TYGG0N6,ETF,USD
Fidelity Global Quality Income UCITS - Acc ETF,FGEA,IE000YUTMIU2,ETF,EUR
Fidelity Global Quality Income UCITS - EUR hedged Inc ETF,FGEU,IE00BYV1YH46,ETF,EUR
Fidelity Global Quality Income UCITS Inc-USD ETF,FGEQ,IE00BYXVGZ48,ETF,EUR
Fidelity Global Quality Income UCITS Inc-USD ETF,FGEQ,IE00BYXVGZ48,ETF,EUR
Fidelity Global Quality Income UCITS Inc-USD ETF,FGQD,IE00BYXVGZ48,ETF,GBX
Fidelity Global Quality Income UCITS Inc-USD ETF,FGQI,IE00BYXVGZ48,ETF,USD
Fidelity US Quality Income UCITS - Acc-EUR Hedged ETF,FUSU,IE00BYV1Y969,ETF,EUR
Fidelity US Quality Income UCITS ETF Acc,FUSA,IE00BYXVGY31,ETF,EUR
Fidelity US Quality Income UCITS ETF Acc,FUQA,IE00BYXVGY31,ETF,GBX
Fidelity US Quality Income UCITS ETF Acc,FUSA,IE00BYXVGY31,ETF,USD
Fidelity US Quality Income UCITS Inc-USD ETF,FUSD,IE00BYXVGX24,ETF,EUR
JPM Global High Yield Corporate Bond Multi-Factor Active UCITS USD (acc) ETF,JGHY,IE00BKKCKJ46,ETF,EUR
JPM Global Research Enhanced Index Equity Active UCITS USD (acc) ETF,JREG,IE00BF4G6Y48,ETF,EUR
JPM Global Research Enhanced Index Equity Active UCITS USD (acc) ETF,JREG,IE00BF4G6Y48,ETF,EUR
JPM Global Research Enhanced Index Equity Active UCITS USD (acc) ETF,JREG,IE00BF4G6Y48,ETF,CHF
JPM Global Research Enhanced Index Equity Active UCITS USD (acc) ETF,JREG,IE00BF4G6Y48,ETF,EUR
JPM Global Research Enhanced Index Equity Active UCITS USD (acc) ETF,JREG,IE00BF4G6Y48,ETF,USD
JPM India Research Enh Idx Eq Act UCITS ETF USDacc,JRIN,IE000ZAJ6XQ2,ETF,EUR
JPM India Research Enh Idx Eq Act UCITS ETF USDacc,JRIN,IE000ZAJ6XQ2,ETF,EUR
JPM Japan Rsrch Enh Idx Equity Atv UCITS ETF CHFHA,JJEC,IE0003B6RHN4,ETF,CHF
JPM Nasdaq Equity Premium Income Active UCITS EUR dist ETF,JQPD,IE0006CJGQR9,ETF,EUR
JPM Nasdaq Equity Premium Income Active UCITS EUR Hedged dist ETF,JEQE,IE0006FIW9Z0,ETF,EUR
JPM US Equity Active UCITS ETF - EUR Hedged (acc),JAUH,IE000BZFW5H7,ETF,EUR
JPM US Equity Active UCITS ETF - EUR Hedged (acc),JUSH,IE000BZFW5H7,ETF,EUR
JPM US Equity Active UCITS ETF - USD (acc),JAUS,IE000RSCXLM4,ETF,EUR
JPM US Equity Active UCITS ETF - USD (acc),JAUS,IE000RSCXLM4,ETF,EUR
JPM US Equity Active UCITS ETF - USD (dist),JAUD,IE0007ILCZU4,ETF,EUR
JPM US Equity Premium Income Active UCITS EUR Dist ETF,JIPD,IE000RE0SQM6,ETF,EUR
JPM US Equity Premium Income Active UCITS EUR Hedged dist ETF,JEIE,IE0006YCYW06,ETF,EUR
JPM US Gro Eq Active UCITS ETF - EUR Hedged (acc),JPGH,IE000UZZ5SU2,ETF,EUR
JPM US Gro Eq Active UCITS ETF - EUR Hedged (acc),JGEH,IE000UZZ5SU2,ETF,EUR
JPM US Gro Eq Active UCITS ETF - USD (acc),JPGR,IE0005CH3U28,ETF,EUR
JPM US Gro Eq Active UCITS ETF - USD (dist),JPGD,IE0003KQ8JX1,ETF,EUR
JPM US Research Enhanced Index Equity Active UCITS EUR Hedged (acc) ETF,JUHE,IE000CN8T855,ETF,EUR
JPM US Research Enhanced Index Equity Active UCITS EUR Hedged (acc) ETF,JUHE,IE000CN8T855,ETF,EUR
JPM US Research Enhanced Index Equity Active UCITS USD (acc) ETF,JREU,IE00BF4G7076,ETF,EUR
JPM US Research Enhanced Index Equity Active UCITS USD (acc) ETF,JREU,IE00BF4G7076,ETF,EUR
JPM US Research Enhanced Index Equity Active UCITS USD (acc) ETF,JREU,IE00BF4G7076,ETF,EUR
JPM US Val Eq Active UCITS ETF - EUR Hedged (acc),JPVE,IE000CQQ22C8,ETF,EUR
JPM US Val Eq Active UCITS ETF - EUR Hedged (acc),JAVE,IE000CQQ22C8,ETF,EUR
JPM US Val Eq Active UCITS ETF - USD (acc),JPVA,IE000TD3TI26,ETF,EUR
JPM US Val Eq Active UCITS ETF - USD (acc),JPVA,IE000TD3TI26,ETF,EUR
JPM US Val Eq Active UCITS ETF - USD (dist),JPVD,IE000DTA2ZH9,ETF,EUR
JPM USD Em Mkts Sovereign Bond UCITS ETF USD D,JPBM,IE00BDFC6G93,ETF,EUR
JPM USD Em Mkts Sovereign Bond UCITS ETF USD D,JPMB,IE00BDFC6G93,ETF,EUR
JPM USD Em Mkts Sovereign Bond UCITS ETF USD D,JPBM,IE00BDFC6G93,ETF,GBP
JPM USD Emerging Markets Sovereign Bond UCITS - EUR Hedged (acc) ETF,JMBE,IE00BDDRDY39,ETF,EUR
JPM USD Emerging Markets Sovereign Bond UCITS - EUR Hedged (acc) ETF,JMBE,IE00BDDRDY39,ETF,EUR
JPM USD Emerging Markets Sovereign Bond UCITS - EUR Hedged (acc) ETF,JMBE,IE00BDDRDY39,ETF,EUR
JPM USD Ultra-Short Income Active UCITS ETF USD A,JPSA,IE00BG8BCY43,ETF,EUR
JPM USD Ultra-Short Income Active UCITS ETF USD D,JPPS,IE00BDFC6Q91,ETF,EUR
JPM USD Ultra-Short Income Active UCITS ETF USD D,JPST,IE00BDFC6Q91,ETF,EUR
JPMorgan Global High Yield Corporate Bond Multi-Factor UCITS ETF EUR Hedged (dist),JYEH,IE000YK1TO74,ETF,EUR
JPMorgan Global High Yield Corporate Bond Multi-Factor UCITS ETF EUR Hedged (dist),JYEH,IE000YK1TO74,ETF,EUR
JPMorgan NASDAQ Eqt Prem Inc Actv UCITS ETF USD A,JEQA,IE000N6I8IU2,ETF,EUR
JPMorgan NASDAQ Eqt Prem Inc Actv UCITS ETF USD A,JEQA,IE000N6I8IU2,ETF,EUR
JPMorgan NASDAQ Eqt Prem Inc Actv UCITS ETF USD D,JEQP,IE000U9J8HX9,ETF,EUR
JPMorgan NASDAQ Eqt Prem Inc Actv UCITS ETF USD D,JEQP,IE000U9J8HX9,ETF,EUR
JPMorgan NASDAQ Eqt Prem Inc Actv UCITS ETF USD D,JEPQ,IE000U9J8HX9,ETF,USD
JPMorgan NASDAQ Eqt Prem Inc Actv UCITS ETF USD D,JEQP,IE000U9J8HX9,ETF,GBX
JPMorgan UK Equity Core Active UCITS ETF GBP D,BBLE,IE000TZT3JJ0,ETF,EUR
iShares European Property Yield UCITS ETF EUR D,IQQP,IE00B0M63284,ETF,EUR
iShares European Property Yield UCITS ETF EUR D,IPRP,IE00B0M63284,ETF,EUR
iShares European Property Yield UCITS ETF EUR D,IPRP,IE00B0M63284,ETF,GBX
iShares European Property Yield UCITS ETF EUR D,IQQP,IE00B0M63284,ETF,EUR
iShares European Property Yield UCITS ETF EUR D,IPRP,IE00B0M63284,ETF,CHF
iShares European Property Yield UCITS EUR (Acc) ETF,IPRE,IE00BGDQ0L74,ETF,EUR
iShares European Property Yield UCITS EUR (Acc) ETF,IPRE,IE00BGDQ0L74,ETF,EUR
iShares Fallen Angels High Yield Corp Bond UCITS EUR Hedged (Dist) ETF,IBC7,IE00BF3N7219,ETF,EUR
iShares Fallen Angels High Yield Corp Bond UCITS EUR Hedged (Dist) ETF,IBC7,IE00BF3N7219,ETF,EUR
iShares Fallen Angels HY Corp Bd UCITS ETF USD A,WIAU,IE00BDFJYP58,ETF,USD
iShares Fallen Angels HY Corp Bd UCITS ETF USD D,QDVQ,IE00BYM31M36,ETF,EUR
iShares Flexible Income Bond Active UCITS EUR Dist ETF,IFLX,IE000NHAIBN0,ETF,EUR
iShares Floating Rate Bond Advanced UCITS ETF,EFRN,IE00BF5GB717,ETF,EUR
iShares France Govt Bond UCITS ETF EUR (Dist),IFRB,IE00B7LGZ558,ETF,EUR
iShares France Govt Bond UCITS ETF EUR (Dist),IFRB,IE00B7LGZ558,ETF,EUR
iShares France Govt Bond UCITS ETF EUR (Dist),IFRB,IE00B7LGZ558,ETF,EUR
iShares FTSE 250 UCITS ETF GBP (Dist),MIDD,IE00B00FV128,ETF,GBX
iShares FTSE 250 UCITS ETF GBP (Dist),MIDD,IE00B00FV128,ETF,CHF
iShares FTSE MIB UCITS ETF EUR (Acc),SXRY,IE00B53L4X51,ETF,EUR
iShares FTSE MIB UCITS ETF EUR (Acc),SXRY,IE00B53L4X51,ETF,EUR
iShares FTSE MIB UCITS ETF EUR (Acc),CSMIB,IE00B53L4X51,ETF,EUR
iShares FTSE MIB UCITS ETF EUR (Acc),CMB1,IE00B53L4X51,ETF,GBX
iShares FTSE MIB UCITS ETF EUR (Acc),CMIB,IE00B53L4X51,ETF,EUR
iShares FTSE MIB UCITS ETF EUR (Dist),IMIB,IE00B1XNH568,ETF,EUR
iShares FTSE MIB UCITS ETF EUR (Dist),IMIB,IE00B1XNH568,ETF,GBX
iShares Gbl High Yield Corp Bd CHF Hgd UCITS ETF D,GHYC,IE00B988C465,ETF,CHF
iShares Germany Govt Bond UCITS EUR (Dist) ETF,IS0L,IE00B5V94313,ETF,EUR
iShares Germany Govt Bond UCITS EUR (Dist) ETF,SDEU,IE00B5V94313,ETF,GBP
iShares Germany Govt Bond UCITS EUR (Dist) ETF,IS0L,IE00B5V94313,ETF,EUR
iShares Gl Infl Lnk Govt Bd UCITS ETF EUR Hgd Dist,GILE,IE00BD8PH174,ETF,EUR
iShares Gl Infl Lnk Govt Bd UCITS ETF USD Acc,IUS5,IE00B3B8PX14,ETF,EUR
iShares Gl Infl Lnk Govt Bd UCITS ETF USD Acc,IGIL,IE00B3B8PX14,ETF,USD
iShares Gl Infl Lnk Govt Bd UCITS ETF USD Acc,IGIL,IE00B3B8PX14,ETF,USD
iShares Gl Infl Lnk Govt Bd UCITS ETF USD Acc,SGIL,IE00B3B8PX14,ETF,GBP
iShares Gl Infl Lnk Govt Bd UCITS ETF USD Acc,IUS5,IE00B3B8PX14,ETF,EUR
iShares Global AAA-AA Govt Bd UCITS ETF USD A,GAAA,IE00BZ171348,ETF,USD
iShares Global AAA-AA Govt Bd UCITS ETF USD D,IS0Z,IE00B87G8S03,ETF,EUR
iShares Global AAA-AA Govt Bd UCITS ETF USD D,IAAA,IE00B87G8S03,ETF,USD
iShares Global AAA-AA Govt Bd UCITS ETF USD D,SAAA,IE00B87G8S03,ETF,GBP
iShares Global AAA-AA Govt Bd UCITS ETF USD D,IS0Z,IE00B87G8S03,ETF,EUR
iShares Global Aerospace & Defence UCITS ETF USD A,5J50,IE000U9ODG19,ETF,EUR
iShares Global Aerospace & Defence UCITS ETF USD A,DFND,IE000U9ODG19,ETF,EUR
iShares Global Aggregate Bond ESG ?SRI UCITS EUR Hedged (Acc) ETF,AEGE,IE000APK27S2,ETF,EUR
iShares Global Aggt Bd ESG SRI UCITS ETF USD D,AGGE,IE000U6US1Q0,ETF,USD
iShares Global Clean Energy Trnstn UCITS ETF USD A,Q8Y0,IE000U58J0M1,ETF,EUR
iShares Global Clean Energy Trnstn UCITS ETF USD A,INRA,IE000U58J0M1,ETF,USD
iShares Global Clean Energy Trnstn UCITS ETF USD A,INRE,IE000U58J0M1,ETF,EUR
iShares Global Clean Energy Trnstn UCITS ETF USD A,Q8Y0,IE000U58J0M1,ETF,EUR
iShares Global Clean Energy Trnstn UCITS ETF USD D,INRG,IE00B1XNHC34,ETF,EUR
iShares Global Clean Energy Trnstn UCITS ETF USD D,INRG,IE00B1XNHC34,ETF,GBX
Vanguard FTSE Developed Europe UCITS ETF EUR D,VGEU,IE00B945VV12,ETF,EUR
Vanguard FTSE Developed Europe UCITS ETF EUR D,VEUR,IE00B945VV12,ETF,EUR
Vanguard FTSE Developed World UCITS ETF USD A,VGVF,IE00BK5BQV03,ETF,EUR
Vanguard FTSE Developed World UCITS ETF USD A,VHVG,IE00BK5BQV03,ETF,GBP
Vanguard FTSE Developed World UCITS ETF USD A,VHVE,IE00BK5BQV03,ETF,EUR
Vanguard FTSE Developed World UCITS ETF USD A,VGVF,IE00BK5BQV03,ETF,EUR
Vanguard FTSE Developed World UCITS ETF USD D,VGVE,IE00BKX55T58,ETF,EUR
Vanguard FTSE Developed World UCITS ETF USD D,VDEV,IE00BKX55T58,ETF,USD
Vanguard FTSE Developed World UCITS ETF USD D,VEVE,IE00BKX55T58,ETF,GBP
Vanguard FTSE Developed World UCITS ETF USD D,VEVE,IE00BKX55T58,ETF,EUR
Vanguard FTSE Developed World UCITS ETF USD D,VEVE,IE00BKX55T58,ETF,CHF
Vanguard FTSE Developed World UCITS ETF USD D,VG7A,IE00BKX55T58,ETF,EUR
Vanguard FTSE Developed World UCITS ETF USD D,VEVE,IE00BKX55T58,ETF,EUR
Vanguard FTSE Dvlp Eurp exUK UCITS ETF EUR Dis,VERX,IE00BKX55S42,ETF,EUR
Vanguard FTSE Dvlp Eurp exUK UCITS ETF EUR Dis,VERX,IE00BKX55S42,ETF,GBP
Vanguard FTSE Dvlp Eurp exUK UCITS ETF EUR Dis,VERX,IE00BKX55S42,ETF,EUR
Vanguard FTSE Dvlp Eurp exUK UCITS ETF EUR Dis,VG7D,IE00BKX55S42,ETF,EUR
Vanguard FTSE Emerging Mkts UCITS ETF USD Acc,VFEA,IE00BK5BR733,ETF,EUR
Vanguard FTSE Emerging Mkts UCITS ETF USD Acc,VFEA,IE00BK5BR733,ETF,EUR
Vanguard FTSE Emerging Mkts UCITS ETF USD Acc,VFEA,IE00BK5BR733,ETF,CHF
Vanguard FTSE Emerging Mkts UCITS ETF USD Dis,VFEM,IE00B3VVMM84,ETF,EUR
Vanguard FTSE Emerging Mkts UCITS ETF USD Dis,VFEM,IE00B3VVMM84,ETF,EUR
Vanguard FTSE Emerging Mkts UCITS ETF USD Dis,VDEM,IE00B3VVMM84,ETF,USD
Vanguard FTSE Emerging Mkts UCITS ETF USD Dis,VFEM,IE00B3VVMM84,ETF,GBP
Vanguard FTSE Emerging Mkts UCITS ETF USD Dis,VFEM,IE00B3VVMM84,ETF,CHF
Vanguard FTSE Emerging Mkts UCITS ETF USD Dis,VG71,IE00B3VVMM84,ETF,EUR
Vanguard FTSE Emerging Mkts UCITS ETF USD Dis,VFEM,IE00B3VVMM84,ETF,EUR
Vanguard FTSE Japan UCITS ETF USD Acc,VJPA,IE00BFMXYX26,ETF,EUR
Vanguard FTSE Japan UCITS ETF USD Acc,VJPA,IE00BFMXYX26,ETF,EUR
Vanguard FTSE Japan UCITS ETF USD Acc,VJPA,IE00BFMXYX26,ETF,CHF
Vanguard FTSE Japan UCITS ETF USD Dist,VJPN,IE00B95PGT31,ETF,EUR
Vanguard FTSE Japan UCITS ETF USD Dist,VJPN,IE00B95PGT31,ETF,EUR
Vanguard FTSE Japan UCITS ETF USD Dist,VDJP,IE00B95PGT31,ETF,USD
Vanguard FTSE Japan UCITS ETF USD Dist,VJPN,IE00B95PGT31,ETF,GBP
Vanguard FTSE Japan UCITS ETF USD Dist,VJPN,IE00B95PGT31,ETF,CHF
Vanguard FTSE Japan UCITS ETF USD Dist,VG78,IE00B95PGT31,ETF,EUR
Vanguard FTSE Japan UCITS EUR Hedged Accumulating ETF,VJPE,IE00BFMXYY33,ETF,EUR
Vanguard FTSE North America UCITS - (USD) Accumulating ETF,VNRA,IE00BK5BQW10,ETF,EUR
Vanguard FTSE North America UCITS - (USD) Accumulating ETF,VNRA,IE00BK5BQW10,ETF,EUR
Vanguard FTSE North America UCITS - (USD) Accumulating ETF,VNRA,IE00BK5BQW10,ETF,USD
Vanguard FTSE North America UCITS - (USD) Accumulating ETF,VNRA,IE00BK5BQW10,ETF,CHF
Vanguard FTSE North America UCITS ETF USD Dist,VNRT,IE00BKX55R35,ETF,EUR
Vanguard FTSE North America UCITS ETF USD Dist,VDNR,IE00BKX55R35,ETF,USD
Vanguard FTSE North America UCITS ETF USD Dist,VNRT,IE00BKX55R35,ETF,GBP
Vanguard FTSE North America UCITS ETF USD Dist,VNRT,IE00BKX55R35,ETF,EUR
Vanguard FTSE North America UCITS ETF USD Dist,VNRT,IE00BKX55R35,ETF,CHF
Vanguard FTSE North America UCITS ETF USD Dist,VG7B,IE00BKX55R35,ETF,EUR
Vanguard FTSEDvlpAsiaPacexJpn UCITS ETF USDAcc,VGEK,IE00BK5BQZ41,ETF,EUR
Vanguard FTSEDvlpAsiaPacexJpn UCITS ETF USDAcc,VGEK,IE00BK5BQZ41,ETF,EUR
Vanguard FTSEDvlpAsiaPacexJpn UCITS ETF USDDis,VAPX,IE00B9F5YL18,ETF,EUR
UBS CMCI Composite SF UCITS ETF hEUR acc,CCEUA,IE00B58HMN42,ETF,EUR
UBS CMCI Composite SF UCITS ETF USD acc,UIQK,IE00B53H0131,ETF,EUR
UBS CMCI Composite SF UCITS ETF USD acc,UIQK,IE00B53H0131,ETF,EUR
UBS CMCI Composite SF UCITS ETF USD acc,UC15,IE00B53H0131,ETF,GBX
UBS CMCI Composite SF UCITS ETF USD acc,UC14,IE00B53H0131,ETF,USD
UBS CMCI Composite SF UCITS ETF USD acc,CCUSAS,IE00B53H0131,ETF,USD
UBS CMCI Composite SF UCITS ETF USD acc,CCUSA,IE00B53H0131,ETF,EUR
UBS CMCI Composite SF UCITS hGBP acc ETF,UEQ3,IE00B50XJX92,ETF,GBP
UBS CMCI Composite SF UCITS hGBP acc ETF,UC90,IE00B50XJX92,ETF,GBX
UBS CMCI Composite SF UCITS hGBP acc ETF,CCGBAS,IE00B50XJX92,ETF,GBP
UBS CMCI Ex-Agriculture SF UCITS ETF hCHF acc,CCXAS,IE00BYT5CW92,ETF,CHF
UBS CMCI Ex-Agriculture SF UCITS ETF hEUR acc,UIQ1,IE00BYT5CV85,ETF,EUR
UBS CMCI Ex-Agriculture SF UCITS ETF hEUR acc,CCXAE,IE00BYT5CV85,ETF,EUR
UBS CMCI ex-Agriculture SF UCITS USD acc ETF,UEQU,IE00BZ2GV965,ETF,EUR
UBS CMCI ex-Agriculture SF UCITS USD acc ETF,CXAP,IE00BZ2GV965,ETF,GBX
UBS CMCI ex-Agriculture SF UCITS USD acc ETF,CXAU,IE00BZ2GV965,ETF,USD
UBS CMCI ex-Agriculture SF UCITS USD acc ETF,CCXAA,IE00BZ2GV965,ETF,USD
UBS Core BBG EUR Gov 1-10 UCITS ETF EUR dis,SS1EUA,LU0969639128,ETF,EUR
UBS Core BBG EUR Gov 1-10 UCITS ETF EUR dis,SS1EUA,LU0969639128,ETF,CHF
UBS Core BBG EUR Gov 1-10 UCITS ETF EUR dis,SS1EU,LU0969639128,ETF,EUR
UBS Core BBG Euro Area Liquid Corp UCITS ETF EURd,UIQL,LU1805389258,ETF,EUR
UBS Core BBG Euro Area Liquid Corp UCITS ETF EURd,E15S,LU1805389258,ETF,EUR
UBS Core BBG TIPS 1-10 UCITS ETF hCHF acc,TIP1S,LU1459802168,ETF,CHF
UBS Core BBG TIPS 1-10 UCITS ETF hEUR acc,TIP1E,LU1459801780,ETF,EUR
UBS Core BBG TIPS 1-10 UCITS ETF hEUR acc,TIP1E,LU1459801780,ETF,EUR
UBS Core BBG TIPS 1-10 UCITS ETF hGBP acc,UBTP,LU1459801947,ETF,GBX
UBS Core BBG TIPS 1-10 UCITS ETF hGBP acc,TIP1G,LU1459801947,ETF,GBP
UBS Core BBG TIPS 1-10 UCITS ETF USD dis,UBTS,LU1459801434,ETF,GBX
UBS Core BBG US Liquid Corp UCITS ETF hCHF acc,CBUSS,LU1048317538,ETF,CHF
UBS Core BBG US Liquid Corp UCITS ETF hEUR acc,UEF0,LU1048317025,ETF,EUR
UBS Core BBG US Liquid Corp UCITS ETF hEUR acc,CBUSE,LU1048317025,ETF,EUR
UBS Core BBG US Liquid Corp UCITS ETF hEUR acc,UEF0,LU1048317025,ETF,EUR
UBS Core BBG US Liquid Corp UCITS ETF hEUR acc,CBUSE,LU1048317025,ETF,EUR
UBS Core BBG US Liquid Corp UCITS ETF hGBP dis,UC85,LU1048317298,ETF,GBX
UBS Core BBG US Liquid Corp UCITS ETF hGBP dis,CBUSH,LU1048317298,ETF,GBP
UBS Core BBG US Liquid Corp UCITS ETF USD dis,UEF9,LU1048316647,ETF,EUR
UBS Core BBG US Liquid Corp UCITS ETF USD dis,CBUS,LU1048316647,ETF,CHF
UBS Core BBG US Liquid Corp UCITS ETF USD dis,CBUS,LU1048316647,ETF,USD
UBS Core BBG US Liquid Corp UCITS ETF USD dis,UC76,LU1048316647,ETF,USD
UBS Core BBG US Liquid Corp UCITS ETF USD dis,UC84,LU1048316647,ETF,GBX
UBS Core BBG US Liquid Corp UCITS ETF USD dis,CBUS,LU1048316647,ETF,EUR
UBS Core BBG US Liquid Corp UCITS ETF USD dis,UEF9,LU1048316647,ETF,EUR
UBS Core BBG US Treasury 1-3 UCITS ETF hEUR dis,UST1F,LU1324510525,ETF,EUR
UBS Core BBG US Treasury 1-3 UCITS USD dis ETF,UEFF,LU0721552544,ETF,EUR
UBS Core BBG US Treasury 1-3 UCITS USD dis ETF,UB74,LU0721552544,ETF,GBX
UBS Core BBG US Treasury 1-3 UCITS USD dis ETF,UT1USA,LU0721552544,ETF,CHF
UBS Core BBG US Treasury 1-3 UCITS USD dis ETF,UT1USA,LU0721552544,ETF,USD
UBS Core BBG US Treasury 1-3 UCITS USD dis ETF,UT1EU,LU0721552544,ETF,EUR
UBS Core BBG US Treasury 1-3 UCITS USD dis ETF,UEFF,LU0721552544,ETF,EUR
UBS Core BBG US Treasury 10+ UCITS ETF hEUR Adis,UST10F,LU1459800113,ETF,EUR
Xtrackers MSCI Brazil UCITS 1C ETF,XMBR,LU0292109344,ETF,EUR
Xtrackers MSCI Brazil UCITS 1C ETF,XMBD,LU0292109344,ETF,USD
Xtrackers MSCI Brazil UCITS 1C ETF,XMBR,LU0292109344,ETF,GBX
Xtrackers MSCI Canada Screened UCITS 1C ETF,D5BH,LU0476289540,ETF,EUR
Xtrackers MSCI Canada Screened UCITS 1C ETF,XCAN,LU0476289540,ETF,CAD
Xtrackers MSCI Canada Screened UCITS 1C ETF,XCAN,LU0476289540,ETF,EUR
Xtrackers MSCI Canada Screened UCITS 1C ETF,XCAN,LU0476289540,ETF,CHF
Xtrackers MSCI Canada Screened UCITS 1C ETF,XCAD,LU0476289540,ETF,USD
Xtrackers MSCI Canada Screened UCITS 1C ETF,D5BH,LU0476289540,ETF,EUR
Xtrackers MSCI China A UCITS ETF,DBX9,LU0292109856,ETF,EUR
Xtrackers MSCI China A UCITS ETF,XXXI,LU0292109856,ETF,CHF
Xtrackers MSCI China A UCITS ETF,DBX9,LU0292109856,ETF,EUR
Xtrackers MSCI China A UCITS ETF,XX25,LU0292109856,ETF,GBX
Xtrackers MSCI China A UCITS ETF,XX2D,LU0292109856,ETF,USD
Xtrackers MSCI China A UCITS ETF,XX25,LU0292109856,ETF,EUR
Xtrackers MSCI China UCITS 1C ETF,XCS6,LU0514695690,ETF,EUR
Xtrackers MSCI China UCITS 1C ETF,XCS6,LU0514695690,ETF,USD
Xtrackers MSCI China UCITS 1C ETF,XCS6,LU0514695690,ETF,EUR
Xtrackers MSCI China UCITS 1C ETF,XCX6,LU0514695690,ETF,GBX
Xtrackers MSCI China UCITS 1C ETF,XCS6,LU0514695690,ETF,EUR
Xtrackers MSCI China UCITS 1C ETF,XMCH,LU0514695690,ETF,CHF
Xtrackers MSCI EM Asia Screened Swap UCITS ETF,DBX2,LU0292107991,ETF,EUR
Xtrackers MSCI EM Asia Screened Swap UCITS ETF,DBX2,LU0292107991,ETF,EUR
Xtrackers MSCI EM Asia Screened Swap UCITS ETF,XMAD,LU0292107991,ETF,USD
Xtrackers MSCI EM Asia Screened Swap UCITS ETF,XMAS,LU0292107991,ETF,GBX
Xtrackers MSCI EM Asia Screened Swap UCITS ETF,XMAS,LU0292107991,ETF,EUR
"Xtrackers MSCI EM Europe, Middle East & Africa ESG UCITS 1C ETF",DBX4,LU0292109005,ETF,EUR
"Xtrackers MSCI EM Europe, Middle East & Africa ESG UCITS 1C ETF",DBX4,LU0292109005,ETF,EUR
"Xtrackers MSCI EM Europe, Middle East & Africa ESG UCITS 1C ETF",XMXD,LU0292109005,ETF,USD
"Xtrackers MSCI EM Europe, Middle East & Africa ESG UCITS 1C ETF",XMEA,LU0292109005,ETF,EUR
Xtrackers MSCI EM Latin America ESG UCITS 1C ETF,DBX3,LU0292108619,ETF,EUR
Xtrackers MSCI EM Latin America ESG UCITS 1C ETF,DBX3,LU0292108619,ETF,EUR
Xtrackers MSCI EM Latin America ESG UCITS 1C ETF,XMLA,LU0292108619,ETF,GBX
Xtrackers MSCI EM Latin America ESG UCITS 1C ETF,XMLD,LU0292108619,ETF,USD
Xtrackers MSCI Emerging Markets ESG Screened UCITS ETF,XDEX,IE00BM67HJ62,ETF,GBX
Xtrackers MSCI Emerging Markets ESG UCITS ETF,XZEM,IE00BG370F43,ETF,EUR
Xtrackers MSCI Emerging Markets ESG UCITS ETF,XZEM,IE00BG370F43,ETF,EUR
Xtrackers MSCI Emerging Markets ESG UCITS ETF,XZEM,IE00BG370F43,ETF,USD
Xtrackers MSCI Emerging Markets Swap UCITS 1C ETF,DBX1,LU0292107645,ETF,EUR
Xtrackers MSCI Emerging Markets Swap UCITS 1C ETF,XMMD,LU0292107645,ETF,USD
Xtrackers MSCI Emerging Markets Swap UCITS 1C ETF,XMEM,LU0292107645,ETF,GBX
Xtrackers MSCI Emerging Markets Swap UCITS 1C ETF,DBX1,LU0292107645,ETF,EUR
Xtrackers MSCI Emerging Markets Swap UCITS 1C ETF,XMEM,LU0292107645,ETF,EUR
Xtrackers MSCI Emerging Markets UCITS 1C ETF,XMME,IE00BTJRMP35,ETF,EUR
Xtrackers MSCI Emerging Markets UCITS 1C ETF,XMMS,IE00BTJRMP35,ETF,GBX
Xtrackers MSCI Emerging Markets UCITS 1C ETF,XMME,IE00BTJRMP35,ETF,EUR
Xtrackers MSCI Emerging Markets UCITS 1C ETF,XMME,IE00BTJRMP35,ETF,EUR
Xtrackers MSCI Emerging Markets UCITS 1C ETF,XMME,IE00BTJRMP35,ETF,USD
Xtrackers MSCI Emerging Markets UCITS 1C ETF,XMME,IE00BTJRMP35,ETF,CHF
Xtrackers MSCI EMU High Dividend Yield ESG UCITS ETF,XZDZ,IE000VCBWFL8,ETF,EUR
Amundi CAC Transition Climat UCITS ETF Acc,CF1,FR0010655704,ETF,EUR
Amundi China CNY Bonds UCITS DR (C) ETF,CNYE,LU2439735890,ETF,EUR
Amundi China CNY Bonds UCITS DR (C) ETF,CNYF,LU2439735890,ETF,USD
Amundi Core DAX UCITS ETF Dist,C001,LU2611732046,ETF,EUR
Amundi Core DAX UCITS ETF Dist,AK8H,LU2611732046,ETF,EUR
Amundi Core Emerging Market Swap Etf,AE51,LU2573967036,ETF,EUR
Amundi Core Emerging Market Swap Etf,LEMA,LU2573967036,ETF,EUR
Amundi Core EUR Corporate Bond UCITS Acc ETF,PRAC,LU2089238625,ETF,EUR
Amundi Core EUR Corporate Bond UCITS Dist ETF,PR1C,LU1931975079,ETF,EUR
Amundi Core EUR Corporate Bond UCITS Dist ETF,PR1C,LU1931975079,ETF,EUR
Amundi Core EUR Corporate Bond UCITS Dist ETF,PRIC,LU1931975079,ETF,GBX
Amundi Core EUR Corporate Bond UCITS Dist ETF,ETFCO,LU1931975079,ETF,EUR
Amundi Core Euro Government Bond UCITS Dist ETF,MTIG,LU1737653714,ETF,EUR
Amundi Core Euro Government Bond UCITS ETF Acc,A4HC,LU1437018598,ETF,EUR
Amundi Core Euro Government Bond UCITS ETF Acc,A4HC,LU1437018598,ETF,EUR
Amundi Core Euro Government Bond UCITS ETF Acc,MTXX,LU1437018598,ETF,GBX
Amundi Core Euro Government Bond UCITS ETF Acc,EGOV,LU1437018598,ETF,EUR
Amundi Core EURO STOXX 50 UCITS ETF EUR Acc,V50A,LU1681047236,ETF,EUR
Amundi Core EURO STOXX 50 UCITS ETF EUR Acc,MSED,LU1681047236,ETF,GBX
Amundi Core EURO STOXX 50 UCITS ETF EUR Acc,C50 ,LU1681047236,ETF,EUR
Amundi Core EURO STOXX 50 UCITS ETF EUR Acc,V50A,LU1681047236,ETF,EUR
Amundi Core EURO STOXX 50 UCITS ETF EUR Acc,C50,LU1681047236,ETF,EUR
Amundi Core EURO STOXX 50 UCITS ETF EUR Acc,C50,LU1681047236,ETF,EUR
Amundi Core EURO STOXX 50 UCITS ETF EUR Dist,V50D,LU1681047319,ETF,EUR
Amundi Core EURO STOXX 50 UCITS ETF EUR Dist,CD5 ,LU1681047319,ETF,EUR
Amundi Core EURO STOXX 50 UCITS ETF EUR Dist,V50D,LU1681047319,ETF,EUR
Amundi Core FTSE 100 Swap UCITS ETF Acc,L100 ,LU1650492173,ETF,EUR
Amundi Core FTSE 100 Swap UCITS ETF Acc,FTS10,LU1650492173,ETF,EUR
Amundi Core FTSE 100 Swap UCITS ETF Acc,L100,LU1650492173,ETF,GBX
Amundi Core FTSE 100 Swap UCITS ETF EURH Acc,LU1650492330,LU1650492330,ETF,EUR
Amundi Core FTSE 100 Swap UCITS ETF EURH Acc,0E85,LU1650492330,ETF,EUR
Amundi Core Global Aggregate Bond Etf,GAGG,LU1437024729,ETF,EUR
Amundi Core Global Aggregate Bond Etf,GAGG,LU1437024729,ETF,EUR
Amundi Core Global Aggregate Bond Etf,GAGU,LU1437024729,ETF,USD
Amundi Core Global Aggregate Bond Etf,GAGG,LU1437024729,ETF,GBX
Amundi Core Global Gov Bond UCITS ETF Acc,GGOV,LU1437016204,ETF,EUR
Amundi Core Global Gov Bond UCITS ETF Acc,GGOV,LU1437016204,ETF,EUR
Amundi Core Global Gov Bond UCITS ETF Acc,GGOU,LU1437016204,ETF,USD
Amundi Core Global Gov Bond UCITS ETF Acc,GGOV,LU1437016204,ETF,GBX
Amundi Core MSCI China A Swap UCITS Dist ETF,C024,LU2572256746,ETF,EUR
Amundi Core MSCI China A Swap UCITS Dist ETF,AHY1,LU2572256746,ETF,EUR
Amundi Core MSCI Em Mkts UCITS ETF Acc,AEME,LU1437017350,ETF,EUR
Amundi Core MSCI Em Mkts UCITS ETF Acc,AEME,LU1437017350,ETF,EUR
Amundi Core MSCI Em Mkts UCITS ETF Acc,LU1437017350,LU1437017350,ETF,USD
Amundi Core MSCI Emerging Markets Swap UCITS Dist ETF,AE5A,LU2573966905,ETF,EUR
Amundi Core MSCI Emerging Markets Swap UCITS Dist ETF,AE5A,LU2573966905,ETF,EUR
Amundi Core MSCI Emerging Markets Swap UCITS Dist ETF,CBMEM,LU2573966905,ETF,USD
Amundi Core MSCI Emerging Markets UCITS EUR Dist ETF,AEMD,LU1737652583,ETF,EUR
Amundi Core MSCI Emerging Markets UCITS EUR Dist ETF,AEMD,LU1737652583,ETF,EUR
Amundi Core MSCI Emerging Markets UCITS EUR Dist ETF,AEMD,LU1737652583,ETF,EUR
Xtrackers II Rolling Target Maturity Sept 2027 EUR High Yield UCITS ETF,XHY1,LU1109939865,ETF,EUR
Xtrackers II Rolling Target Maturity Sept 2027 EUR High Yield UCITS ETF,XHY1,LU1109939865,ETF,EUR
Xtrackers II Target Maturity Sept 2027 EUR Corporate Bond UCITS ETF,XB27,LU2673523218,ETF,EUR
Xtrackers II Target Maturity Sept 2029 EUR Corporate Bond UCITS ETF,XB29,LU2673523309,ETF,EUR
Xtrackers II Target Maturity Sept 2029 Italy and Spain Government Bond UCITS ETF,XBAT,LU0484969463,ETF,EUR
Xtrackers II Target Maturity Sept 2031 EUR Corporate Bond UCITS ETF,XB31,LU2673523481,ETF,EUR
Xtrackers II Target Maturity Sept 2033 EUR Corporate Bond UCITS ETF,XB33,LU2673523564,ETF,EUR
Xtrackers II US Treasuries 1-3 UCITS ETF,D5BE,LU0429458895,ETF,EUR
Xtrackers II US Treasuries 1-3 UCITS ETF,D5BE,LU0429458895,ETF,EUR
Xtrackers II US Treasuries 1-3 UCITS ETF,XUT3,LU0429458895,ETF,USD
Xtrackers II US Treasuries 10+ UCITS ETF,XUTL,LU2662649412,ETF,EUR
Xtrackers II US Treasuries 3-7 UCITS ETF,XUT7,LU2662649503,ETF,EUR
Xtrackers II US Treasuries 7-10 UCITS ETF,XU10,LU2662649685,ETF,EUR
Xtrackers II US Treasuries UCITS 2D EUR Hedged ETF,XUTE,LU1399300455,ETF,EUR
Xtrackers II US Treasuries UCITS 2D EUR Hedged ETF,XUTE,LU1399300455,ETF,EUR
Xtrackers II US Treasuries UCITS 2D EUR Hedged ETF,XUTE,LU1399300455,ETF,EUR
Xtrackers II US Treasuries UCITS 2D EUR Hedged ETF,0E5H,LU1399300455,ETF,EUR
Xtrackers II US Treasuries UCITS ETF 1D,XUTD,LU0429459356,ETF,EUR
Xtrackers II US Treasuries UCITS ETF 1D,XUTD,LU0429459356,ETF,EUR
Xtrackers II US Treasuries UCITS ETF 1D,XUTD,LU0429459356,ETF,USD
Xtrackers II USD Overnight Rate Swap UCITS 1C ETF,DXSZ,LU0321465469,ETF,EUR
Xtrackers II USD Overnight Rate Swap UCITS 1C ETF,DXSZ,LU0321465469,ETF,EUR
Xtrackers II USD Overnight Rate Swap UCITS 1C ETF,XFFE,LU0321465469,ETF,EUR
Xtrackers II USD Overnight Rate Swap UCITS 1C ETF,XFFE,LU0321465469,ETF,USD
Xtrackers LevDAX Daily Swap UCITS 1C ETF,DBPE,LU0411075376,ETF,EUR
Xtrackers LevDAX Daily Swap UCITS 1C ETF,XLDX,LU0411075376,ETF,GBX
Xtrackers LevDAX Daily Swap UCITS 1C ETF,XLDX,LU0411075376,ETF,CHF
Xtrackers LevDAX Daily Swap UCITS 1C ETF,DBPE,LU0411075376,ETF,EUR
Xtrackers LPX Private Equity Swap UCITS 1C ETF,DX2D,LU0322250712,ETF,EUR
Xtrackers LPX Private Equity Swap UCITS 1C ETF,XLPE,LU0322250712,ETF,GBX
Xtrackers LPX Private Equity Swap UCITS 1C ETF,XLPE,LU0322250712,ETF,EUR
Xtrackers LPX Private Equity Swap UCITS 1C ETF,DX2D,LU0322250712,ETF,EUR
Xtrackers MDAX ESG Screened UCITS ETF,XDGM,IE00B9MRJJ36,ETF,EUR
Xtrackers MDAX ESG Screened UCITS ETF,XDGM,IE00B9MRJJ36,ETF,EUR
Xtrackers MSCI AC Asia ex Japan ESG Swap UCITS 1C ETF,DXS5,LU0322252171,ETF,EUR
Xtrackers MSCI AC Asia ex Japan ESG Swap UCITS 1C ETF,XAXJ,LU0322252171,ETF,EUR
Xtrackers MSCI AC Asia ex Japan ESG Swap UCITS 1C ETF,XAXD,LU0322252171,ETF,USD
Xtrackers MSCI AC Asia ex Japan ESG Swap UCITS 1C ETF,XAXJ,LU0322252171,ETF,GBX
Xtrackers MSCI AC Asia ex Japan ESG Swap UCITS 1C ETF,DXS5,LU0322252171,ETF,EUR
Xtrackers MSCI AC Asia ex Japan ESG Swap UCITS 1C ETF,XAXD,LU0322252171,ETF,CHF
Xtrackers MSCI AC World Screened UCITS 1C ETF,XMAW,IE00BGHQ0G80,ETF,EUR
Xtrackers MSCI AC World Screened UCITS 1C ETF,XMAW,IE00BGHQ0G80,ETF,EUR
Xtrackers MSCI AC World Screened UCITS 1C ETF,XMAW,IE00BGHQ0G80,ETF,EUR
Xtrackers MSCI AC World Screened UCITS 1C ETF,XMAW,IE00BGHQ0G80,ETF,GBX
Xtrackers MSCI Africa Top 50 Swap UCITS 1C ETF,XMKA,LU0592217524,ETF,EUR
Xtrackers MSCI Africa Top 50 Swap UCITS 1C ETF,XMAF,LU0592217524,ETF,USD
Xtrackers MSCI Africa Top 50 Swap UCITS 1C ETF,XMKA,LU0592217524,ETF,EUR
Xtrackers MSCI Brazil UCITS 1C ETF,DBX6,LU0292109344,ETF,EUR
Xtrackers MSCI Brazil UCITS 1C ETF,DBX6,LU0292109344,ETF,EUR
Xtrackers MSCI Brazil UCITS 1C ETF,XMBR,LU0292109344,ETF,EUR
Amundi Core MSCI EMU UCITS ETF Acc,MFEC,LU1646361276,ETF,EUR
Amundi Core MSCI EMU UCITS ETF Dist,LMVF,LU1646360971,ETF,EUR
Amundi Core MSCI EMU UCITS ETF Dist,MFE,LU1646360971,ETF,EUR
Amundi Core MSCI EMU UCITS ETF Dist,LMVF,LU1646360971,ETF,EUR
Amundi Core MSCI EMU UCITS ETF Dist,EMU,LU1646360971,ETF,EUR
Amundi Core MSCI Europe UCITS ETF Acc,CEU2,LU1437015735,ETF,EUR
Amundi Core MSCI Japan UCITS Acc ETF,LCUJ,LU1781541252,ETF,EUR
Amundi Core MSCI Japan UCITS Acc ETF,LCUJ,LU1781541252,ETF,EUR
Amundi Core MSCI Japan UCITS Acc ETF,LCJD,LU1781541252,ETF,USD
Amundi Core MSCI Japan UCITS Dist ETF,NADA,LU2090063673,ETF,EUR
Amundi Core MSCI Japan UCITS Dist ETF,NADA,LU2090063673,ETF,EUR
Amundi Core MSCI Japan UCITS Dist ETF,LJPN,LU2090063673,ETF,JPY
Amundi Core MSCI Japan UCITS EUR Hedged Dist ETF,JNHD,LU2133056387,ETF,EUR
Amundi Core MSCI USA UCITS Acc ETF,WEBH,IE000FSN19U2,ETF,EUR
Amundi Core MSCI USA UCITS Acc ETF,WEBH,IE000FSN19U2,ETF,EUR
Amundi Core MSCI USA UCITS Acc ETF,WEBL,IE000FSN19U2,ETF,USD
Amundi Core MSCI USA UCITS Dist ETF,WEBI,IE000IEGVMH6,ETF,EUR
Amundi Core MSCI USA UCITS Dist ETF,WEBI,IE000IEGVMH6,ETF,EUR
Amundi Core MSCI USA UCITS Dist ETF,WEBM,IE000IEGVMH6,ETF,GBP
Amundi Core MSCI World Swap UCITS ETF D,AHYQ,LU2572257124,ETF,EUR
Amundi Core MSCI World Swap UCITS ETF D,AHYQ,LU2572257124,ETF,EUR
Amundi Core MSCI World Swap UCITS ETF D,AHYR,LU2572257124,ETF,USD
Amundi Core MSCI World UCITS Dist ETF,MWOE,IE000CNSFAR2,ETF,EUR
Amundi Core MSCI World UCITS Dist ETF,MWOE,IE000CNSFAR2,ETF,EUR
Amundi Core MSCI World UCITS ETF Acc,MWRD,IE000BI8OT95,ETF,EUR
Amundi Core MSCI World UCITS ETF Acc,WRDU ,IE000BI8OT95,ETF,USD
Amundi Core MSCI World UCITS ETF Acc,MWRD ,IE000BI8OT95,ETF,EUR
Amundi Core MSCI World UCITS ETF Acc,MWRD,IE000BI8OT95,ETF,GBP
Amundi Core MSCI World UCITS ETF Acc,MWRD,IE000BI8OT95,ETF,EUR
Amundi Core MSCI World UCITS ETF Acc,MWRE,IE000BI8OT95,ETF,EUR
Amundi Core MSCI World UCITS EURH Acc ETF,MWHE,IE000H7PE775,ETF,EUR
Amundi Core Nasdaq-100 Swap UCITS Dist ETF,NADQ,LU2197908721,ETF,EUR
Amundi Core Nasdaq-100 Swap UCITS Dist ETF,NADQ,LU2197908721,ETF,EUR
Amundi Core Nasdaq-100 Swap UCITS Dist ETF,NADQ,LU2197908721,ETF,CHF
Amundi Core Nasdaq-100 Swap UCITS ETF Acc,LYMS,LU1829221024,ETF,EUR
Amundi Core Nasdaq-100 Swap UCITS ETF Acc,UST ,LU1829221024,ETF,EUR
Amundi Core Nasdaq-100 Swap UCITS ETF Acc,UST,LU1829221024,ETF,EUR
Amundi Core Nasdaq-100 Swap UCITS ETF Acc,NASL,LU1829221024,ETF,GBX
Amundi Core Nasdaq-100 Swap UCITS ETF Acc,LYMS,LU1829221024,ETF,EUR
Amundi Core Nasdaq-100 Swap UCITS ETF Acc,NASD,LU1829221024,ETF,USD
Amundi Core Nasdaq-100 Swap UCITS ETF EUR Hgd Acc,USTH,LU1954152853,ETF,EUR
Amundi Core S&P 500 Swap Etf,6TVM,LU0496786657,ETF,EUR
Amundi Core S&P 500 Swap Etf,LYSP5,LU0496786657,ETF,USD
Amundi Core S&P 500 Swap Etf,LSPU,LU0496786657,ETF,USD
Amundi Core S&P 500 Swap Etf,LSPX,LU0496786657,ETF,GBX
Amundi Core S&P 500 Swap Etf,6TVM,LU0496786657,ETF,EUR
Amundi Core S&P 500 Swap UCITS ETF Acc,LYP7,LU1135865084,ETF,EUR
Amundi Core S&P 500 Swap UCITS ETF Acc,SP5C,LU1135865084,ETF,EUR
Amundi Core S&P 500 Swap UCITS ETF Acc,SP5C,LU1135865084,ETF,USD
Amundi Core S&P 500 Swap UCITS ETF Acc,SP5L,LU1135865084,ETF,GBP
UBS Core BBG US Treasury 10+ UCITS ETF hEUR Adis,UST10,LU1459800113,ETF,EUR
UBS Core BBG US Treasury 7-10 UCITS USD dis ETF,UEFI,LU0721552973,ETF,EUR
UBS Core BBG US Treasury 7-10 UCITS USD dis ETF,UEFI,LU0721552973,ETF,EUR
UBS Core BBG US Treasury 7-10 UCITS USD dis ETF,UT7EU,LU0721552973,ETF,EUR
UBS Core BBG US Treasury 7-10 UCITS USD dis ETF,UT7USA,LU0721552973,ETF,CHF
UBS Core BBG US Treasury 7-10 UCITS USD dis ETF,UT7USA,LU0721552973,ETF,USD
UBS Core BBG US Treasury 7-10 UCITS USD dis ETF,UB82,LU0721552973,ETF,GBX
UBS Core Euro Infl Linked 1-10 ETF,CHSN,LU1645380442,ETF,EUR
UBS Core Euro Infl Linked 1-10 ETF,CHSN,LU1645380442,ETF,EUR
UBS Core MSCI EM UCITS ETF USD acc,EMMUSC,LU0950674175,ETF,USD
UBS Core MSCI EM UCITS ETF USD acc,EMMUS,LU0950674175,ETF,EUR
UBS Core MSCI EM UCITS ETF USD dis,UIMI,LU0480132876,ETF,EUR
UBS Core MSCI EM UCITS ETF USD dis,UIMI,LU0480132876,ETF,EUR
UBS Core MSCI EM UCITS ETF USD dis,EMMEU,LU0480132876,ETF,EUR
UBS Core MSCI EM UCITS ETF USD dis,EMMUSA,LU0480132876,ETF,CHF
UBS Core MSCI EM UCITS ETF USD dis,EMMUSA,LU0480132876,ETF,USD
UBS Core MSCI EM UCITS ETF USD dis,UIMI,LU0480132876,ETF,EUR
UBS Core MSCI EM UCITS ETF USD dis,UB32,LU0480132876,ETF,GBX
UBS Core MSCI EM UCITS ETF USD dis,UB30,LU0480132876,ETF,USD
UBS Core MSCI EMU UCITS ETF EUR acc,EMUAA,LU0950668870,ETF,EUR
UBS Core MSCI EMU UCITS ETF hCHF acc,EMUCHF,LU1169819635,ETF,CHF
UBS Core MSCI EMU UCITS EUR dis ETF,UIM4,LU0147308422,ETF,EUR
UBS Core MSCI EMU UCITS EUR dis ETF,EMUEU,LU0147308422,ETF,EUR
UBS Core MSCI EMU UCITS EUR dis ETF,UIM4,LU0147308422,ETF,EUR
UBS Core MSCI EMU UCITS EUR dis ETF,EMUEUA,LU0147308422,ETF,EUR
UBS Core MSCI EMU UCITS EUR dis ETF,UB06,LU0147308422,ETF,GBX
UBS Core MSCI EMU UCITS EUR dis ETF,UIM4,LU0147308422,ETF,EUR
UBS Core MSCI EMU UCITS EUR dis ETF,EMUEUA,LU0147308422,ETF,CHF
UBS Core MSCI Europe UCITS ETF EUR dis,UIMA,LU0446734104,ETF,EUR
UBS Core MSCI Europe UCITS ETF EUR dis,EUREU,LU0446734104,ETF,EUR
UBS Core MSCI Europe UCITS ETF EUR dis,UIMA,LU0446734104,ETF,EUR
UBS Core MSCI Europe UCITS ETF EUR dis,EUREUA,LU0446734104,ETF,EUR
UBS Core MSCI Europe UCITS ETF EUR dis,UB12,LU0446734104,ETF,GBX
UBS Core MSCI Europe UCITS ETF EUR dis,UIMA,LU0446734104,ETF,EUR
UBS Core MSCI Europe UCITS EUR acc ETF,EUREA,LU0950668524,ETF,CHF
UBS Core MSCI Japan UCITS ETF hCHF acc,JPNCHF,LU1169821888,ETF,CHF
UBS Core MSCI Japan UCITS ETF JPY acc,JPNA,LU0950671825,ETF,JPY
UBS Core MSCI Japan UCITS hEUR acc ETF,UFMA,LU1169822266,ETF,EUR
UBS Core MSCI Japan UCITS JPY dis ETF,UIM5,LU0136240974,ETF,EUR
UBS Core MSCI Japan UCITS JPY dis ETF,JPNEU,LU0136240974,ETF,EUR
UBS Core MSCI Japan UCITS JPY dis ETF,UC65,LU0136240974,ETF,USD
UBS Core MSCI Japan UCITS JPY dis ETF,UIM5,LU0136240974,ETF,EUR
UBS Core MSCI Japan UCITS JPY dis ETF,JPNJPA,LU0136240974,ETF,CHF
UBS Core MSCI Japan UCITS JPY dis ETF,JPNJPA,LU0136240974,ETF,JPY
UBS Core MSCI Japan UCITS JPY dis ETF,UB02,LU0136240974,ETF,GBX
UBS Core MSCI Japan UCITS JPY dis ETF,UIM5,LU0136240974,ETF,EUR
UBS Core MSCI Japan UCITS JPY dis ETF,JPNJPA,LU0136240974,ETF,GBP
UBS Core MSCI USA hCHF UCITS ETF CHF acc,USCHWH,IE00BD4TYL27,ETF,CHF
UBS Core MSCI USA hEUR UCITS ETF EUR acc,USEUWH,IE00BD4TYG73,ETF,EUR
UBS Core MSCI USA hEUR UCITS ETF EUR acc,USEUW,IE00BD4TYG73,ETF,EUR
JPMorgan US Eqt Premium Inc Active UCITS ETF USD A,JEIA,IE0000EAPBT6,ETF,EUR
JPMorgan US Eqt Premium Inc Active UCITS ETF USD A,JEIA,IE0000EAPBT6,ETF,EUR
JPMorgan US Eqt Premium Inc Active UCITS ETF USD D,JEIP,IE000U5MJOZ6,ETF,EUR
JPMorgan US Eqt Premium Inc Active UCITS ETF USD D,JEIP,IE000U5MJOZ6,ETF,GBX
Jupiter Global Government Bd Active UCITS ETF Acc,ZINS,IE000GDU4WA8,ETF,EUR
Jupiter Origin Glo Smaller Cos UCITS ETF USD Acc,JOGS,IE000AN3AFZ1,ETF,EUR
Jupiter Origin Glo Smaller Cos UCITS ETF USD Acc,JOGS,IE000AN3AFZ1,ETF,EUR
KraneShares CSI China Internet UCITS ETF EUR,KWBE,IE00BFXR7900,ETF,EUR
KraneShares CSI China Internet UCITS ETF EUR,KWBE,IE00BFXR7900,ETF,EUR
KraneShares CSI China Internet UCITS ETF GBP,KWBP,IE00BMW13836,ETF,GBP
KraneShares CSI China Internet UCITS ETF USD,KWBE,IE00BFXR7892,ETF,EUR
KraneShares CSI China Internet UCITS ETF USD,KWEB,IE00BFXR7892,ETF,USD
KraneShares CSI China Internet UCITS ETF USD,KWEB,IE00BFXR7892,ETF,USD
KraneShares ICBCUBS S&P China 500 UCITS ETF USD,CHIN,IE0001QF56M0,ETF,EUR
KraneShares ICBCUBS S&P China 500 UCITS ETF USD,CHIN,IE0001QF56M0,ETF,EUR
KraneShares ICBCUBS S&P China 500 UCITS ETF USD,CHIP,IE0001QF56M0,ETF,GBP
KraneShares ICBCUBS SSE StrMkt 50Idx UCITS ETF EUR,KSTR,IE00BKPJY541,ETF,EUR
KraneShares ICBCUBS SSE StrMkt 50Idx UCITS ETF USD,KSTR,IE00BKPJY434,ETF,USD
Kraneshs Elec Veh Fut Mob Screen Usd,KARS,IE000YUAPTQ0,ETF,EUR
KRC Cat Bond UCITS ETF Acc,C47B,IE000UWJUW87,ETF,EUR
KRC Cat Bond UCITS ETF Acc,C47B,IE000UWJUW87,ETF,EUR
KRC Cat Bond UCITS ETF Acc,CATB,IE000UWJUW87,ETF,EUR
L&G All Commodities UCITS ETF USD Acc,ETL7,IE00BF0BCP69,ETF,EUR
L&G All Commodities UCITS ETF USD Acc,BCOM,IE00BF0BCP69,ETF,USD
L&G APAC ex-Jp Qlty Div Eql Wght UCITS ETF USD Dis,LGGA,IE00BMYDMB35,ETF,EUR
L&G APAC ex-Jp Qlty Div Eql Wght UCITS ETF USD Dis,LDAP,IE00BMYDMB35,ETF,EUR
L&G APAC ex-Jp Qlty Div Eql Wght UCITS ETF USD Dis,LDAG,IE00BMYDMB35,ETF,CHF
L&G Artificial Intelligence UCITS ETF USD Acc,XMLD,IE00BK5BCD43,ETF,EUR
L&G Artificial Intelligence UCITS ETF USD Acc,AIAG,IE00BK5BCD43,ETF,GBX
L&G Artificial Intelligence UCITS ETF USD Acc,AIAI,IE00BK5BCD43,ETF,EUR
L&G Artificial Intelligence UCITS ETF USD Acc,XMLD,IE00BK5BCD43,ETF,EUR
L&G Asia Pacific Ex Japan Equity UCITS ETF USD Acc,ETLK,IE00BFXR5W90,ETF,EUR
L&G Asia Pacific Ex Japan Equity UCITS ETF USD Acc,LGAP,IE00BFXR5W90,ETF,EUR
L&G Asia Pacific Ex Japan Pab,RIAP,IE000Z9UVQ99,ETF,USD
L&G Battery Value-Chain UCITS ETF USD Acc,BATE,IE00BF0M2Z96,ETF,EUR
L&G Battery Value-Chain UCITS ETF USD Acc,BATT,IE00BF0M2Z96,ETF,USD
L&G Battery Value-Chain UCITS ETF USD Acc,BATT,IE00BF0M2Z96,ETF,EUR
L&G Battery Value-Chain UCITS ETF USD Acc,BATT,IE00BF0M2Z96,ETF,EUR
L&G Battery Value-Chain UCITS ETF USD Acc,BATE,IE00BF0M2Z96,ETF,EUR
L&G Battery Value-Chain UCITS ETF USD Acc,BATT,IE00BF0M2Z96,ETF,CHF
L&G China CNY Bond UCITS ETF USD Dist,DRGN,IE00BLRPQL76,ETF,EUR
L&G China CNY Bond UCITS ETF USD Dist,DRGG,IE00BLRPQL76,ETF,GBX
L&G China CNY Bond UCITS ETF USD Dist,DRGN,IE00BLRPQL76,ETF,USD
L&G China CNY Bond UCITS EUR Dist ETF,DRGE,IE000F472DU7,ETF,EUR
L&G Clean Energy UCITS ETF USD Acc,RENW,IE00BK5BCH80,ETF,EUR
L&G Clean Energy UCITS ETF USD Acc,RENW,IE00BK5BCH80,ETF,EUR
L&G Clean Energy UCITS ETF USD Acc,RENW,IE00BK5BCH80,ETF,CHF
L&G Clean Energy UCITS ETF USD Acc,RENW,IE00BK5BCH80,ETF,EUR
L&G Clean Water UCITS ETF USD Acc,GLUG,IE00BK5BC891,ETF,EUR
L&G Clean Water UCITS ETF USD Acc,XMLC,IE00BK5BC891,ETF,EUR
iShares Euro Dividend UCITS ETF EUR Dist,IDVY,IE00B0M62S72,ETF,GBX
iShares Euro Dividend UCITS ETF EUR Dist,IDVY,IE00B0M62S72,ETF,CHF
iShares Euro Dividend UCITS ETF EUR Dist,IDVY,IE00B0M62S72,ETF,EUR
iShares Euro Government Bond Capped 1.5-10.5yr UCITS (DE) ETF,EXHF,DE000A0H0785,ETF,EUR
iShares Euro Government Bond Capped 1.5-10.5yr UCITS (DE) ETF,0MNW,DE000A0H0785,ETF,EUR
iShares Euro Government Bond Capped 1.5-10.5yr UCITS (DE) ETF,EXHF,DE000A0H0785,ETF,EUR
iShares Euro Govt Bond 1-3yr UCITS ETF EUR (Acc),CBE3,IE00B3VTMJ91,ETF,EUR
iShares Euro Govt Bond 1-3yr UCITS ETF EUR (Acc),CSBGE3,IE00B3VTMJ91,ETF,EUR
iShares Euro Govt Bond 1-3yr UCITS ETF EUR (Acc),CE31,IE00B3VTMJ91,ETF,GBX
iShares Euro Govt Bond 3-7yr UCITS ETF EUR (Acc),SXRP,IE00B3VTML14,ETF,EUR
iShares Euro Govt Bond 3-7yr UCITS ETF EUR (Acc),SXRP,IE00B3VTML14,ETF,EUR
iShares Euro Govt Bond 3-7yr UCITS ETF EUR (Acc),CSBGE7,IE00B3VTML14,ETF,EUR
iShares Euro Govt Bond 3-7yr UCITS ETF EUR (Acc),CBE7,IE00B3VTML14,ETF,EUR
iShares Euro Govt Bond 3-7yr UCITS ETF EUR (Acc),CE71,IE00B3VTML14,ETF,GBX
iShares EURO STOXX 50 ESG UCITS EUR (Acc) ETF,ES50,IE000LXEN6X4,ETF,EUR
iShares EURO STOXX 50 ESG UCITS EUR (Acc) ETF,ES50,IE000LXEN6X4,ETF,EUR
iShares EURO STOXX Banks 30-15 UCITS (DE) EUR (Dist) ETF,EXX1,DE0006289309,ETF,EUR
iShares EURO STOXX Banks 30-15 UCITS (DE) EUR (Dist) ETF,EXX1,DE0006289309,ETF,EUR
iShares EURO STOXX Banks 30-15 UCITS (DE) EUR (Dist) ETF,SX7EEX,DE0006289309,ETF,EUR
iShares EURO STOXX Mid UCITS ETF EUR (Dist),IQQM,IE00B02KXL92,ETF,EUR
iShares EURO STOXX Mid UCITS ETF EUR (Dist),DJMC,IE00B02KXL92,ETF,EUR
iShares EURO STOXX Mid UCITS ETF EUR (Dist),IQQM,IE00B02KXL92,ETF,EUR
iShares EURO STOXX Mid UCITS ETF EUR (Dist),DJMC,IE00B02KXL92,ETF,CHF
iShares EURO STOXX Mid UCITS ETF EUR (Dist),DJMC,IE00B02KXL92,ETF,EUR
iShares EURO STOXX Mid UCITS ETF EUR (Dist),DJMC,IE00B02KXL92,ETF,GBX
iShares EURO STOXX Select Div 30 UCITS ETF DE Acc,IDVA,DE000A2QP380,ETF,EUR
iShares EURO STOXX Select Dividend 30 UCITS (DE) EUR (Dist) ETF,EXSG,DE0002635281,ETF,EUR
iShares EURO STOXX Select Dividend 30 UCITS (DE) EUR (Dist) ETF,EXSG,DE0002635281,ETF,EUR
iShares EURO STOXX Select Dividend 30 UCITS (DE) EUR (Dist) ETF,0MLB,DE0002635281,ETF,EUR
iShares EURO STOXX Small UCITS EUR (Dist) ETF,IQQS,IE00B02KXM00,ETF,EUR
iShares EURO STOXX Small UCITS EUR (Dist) ETF,DJSC,IE00B02KXM00,ETF,EUR
iShares EURO STOXX Small UCITS EUR (Dist) ETF,IQQS,IE00B02KXM00,ETF,EUR
iShares EURO STOXX Small UCITS EUR (Dist) ETF,DJSC,IE00B02KXM00,ETF,CHF
iShares EURO STOXX Small UCITS EUR (Dist) ETF,DJSC,IE00B02KXM00,ETF,EUR
iShares EURO STOXX Small UCITS EUR (Dist) ETF,DJSC,IE00B02KXM00,ETF,GBX
iShares EURO STOXX UCITS (DE) ETF,EXSI,DE000A0D8Q07,ETF,EUR
iShares EURO STOXX UCITS (DE) ETF,EXSI,DE000A0D8Q07,ETF,EUR
iShares EURO STOXX UCITS (DE) ETF,EXSI,DE000A0D8Q07,ETF,EUR
iShares EURO STOXX UCITS (DE) ETF,SXXEEX,DE000A0D8Q07,ETF,EUR
iShares EURO STOXX UCITS (DE) ETF,0MM3,DE000A0D8Q07,ETF,EUR
iShares Euro Total Market Growth Large UCITS EUR (Dist) ETF,IQQG,IE00B0M62V02,ETF,EUR
iShares Euro Total Market Growth Large UCITS EUR (Dist) ETF,IDJG,IE00B0M62V02,ETF,EUR
iShares Euro Total Market Growth Large UCITS EUR (Dist) ETF,IQQG,IE00B0M62V02,ETF,EUR
iShares Euro Total Market Growth Large UCITS EUR (Dist) ETF,IDJG,IE00B0M62V02,ETF,GBX
iShares Europe Defence UCITS EUR (Acc) ETF,DFNC,IE000IAXNM41,ETF,EUR
iShares Europe Defence UCITS EUR (Acc) ETF,DFEU,IE000IAXNM41,ETF,EUR
iShares Europe Equity Enh Active UCITS ETF EUR Acc,EUEE,IE00000EF730,ETF,USD
iShares Europe Equity Enh Active UCITS ETF EUR Acc,EUEE,IE00000EF730,ETF,GBP
iShares Europe Equity Enh Active UCITS ETF EUR Acc,EUEE,IE00000EF730,ETF,EUR
iShares European Property Yield UCITS ETF EUR D,IPRP,IE00B0M63284,ETF,GBX
Vanguard FTSEDvlpAsiaPacexJpn UCITS ETF USDDis,VGEJ,IE00B9F5YL18,ETF,EUR
Vanguard FTSEDvlpAsiaPacexJpn UCITS ETF USDDis,VAPX,IE00B9F5YL18,ETF,EUR
Vanguard FTSEDvlpAsiaPacexJpn UCITS ETF USDDis,VAPX,IE00B9F5YL18,ETF,GBP
Vanguard FTSEDvlpAsiaPacexJpn UCITS ETF USDDis,VDPX,IE00B9F5YL18,ETF,USD
Vanguard Germany All Cap UCITS ETF,VGER,IE00BG143G97,ETF,EUR
Vanguard Germany All Cap UCITS ETF,VDXX,IE00BG143G97,ETF,EUR
Vanguard Germany All Cap UCITS ETF,VGER,IE00BG143G97,ETF,GBP
Vanguard Global Aggregate Bd UCITS ETF CHF Hgd Acc,VAGX,IE00BG47KF31,ETF,CHF
Vanguard Global Aggregate Bd UCITS ETF GBP Hgd Acc,VAGS,IE00BG47K971,ETF,GBP
Vanguard Global Aggregate Bd UCITS ETF GBP Hgd Dis,VAGP,IE00BG47KG48,ETF,GBP
Vanguard Global Aggregate Bd UCITS ETF USD Hgd Acc,VAGU,IE00BG47KJ78,ETF,USD
Vanguard Global Aggregate Bond UCITS EUR Hedged Accumulating ETF,VAGF,IE00BG47KH54,ETF,EUR
Vanguard Global Aggregate Bond UCITS EUR Hedged Accumulating ETF,VAGF,IE00BG47KH54,ETF,EUR
Vanguard Global Aggregate Bond UCITS EUR Hedged Accumulating ETF,VAGF,IE00BG47KH54,ETF,EUR
Vanguard Global Aggregate Bond UCITS EUR Hedged Distributing ETF,VAGE,IE00BG47KB92,ETF,EUR
Vanguard Global Aggregate Bond UCITS EUR Hedged Distributing ETF,VAGE,IE00BG47KB92,ETF,EUR
Vanguard LifeStrategy 20% Equity UCITS ETF EUR Acc,V20A,IE00BMVB5K07,ETF,EUR
Vanguard LifeStrategy 20% Equity UCITS ETF EUR Acc,VNGA2,IE00BMVB5K07,ETF,EUR
Vanguard LifeStrategy 20% Equity UCITS ETF EUR Acc,V20A,IE00BMVB5K07,ETF,EUR
Vanguard LifeStrategy 20% Equity UCITS ETF EUR Dis,V20D,IE00BMVB5L14,ETF,EUR
Vanguard LifeStrategy 20% Equity UCITS ETF EUR Dis,VNGD2,IE00BMVB5L14,ETF,EUR
Vanguard LifeStrategy 20% Equity UCITS ETF EUR Dis,V20D,IE00BMVB5L14,ETF,EUR
Vanguard LifeStrategy 20% Equity UCITS ETF EUR Dis,V20D,IE00BMVB5L14,ETF,EUR
Vanguard LifeStrategy 40% Equity UCITS ETF EUR Acc,V40A,IE00BMVB5M21,ETF,EUR
Vanguard LifeStrategy 40% Equity UCITS ETF EUR Acc,VNGA4,IE00BMVB5M21,ETF,EUR
Vanguard LifeStrategy 40% Equity UCITS ETF EUR Acc,V40A,IE00BMVB5M21,ETF,EUR
Vanguard LifeStrategy 40% Equity UCITS ETF EUR Dis,V40D,IE00BMVB5N38,ETF,EUR
Vanguard LifeStrategy 40% Equity UCITS ETF EUR Dis,VNGD4,IE00BMVB5N38,ETF,EUR
Vanguard LifeStrategy 40% Equity UCITS ETF EUR Dis,V40D,IE00BMVB5N38,ETF,EUR
Vanguard LifeStrategy 60% Equity UCITS ETF EUR Acc,V60A,IE00BMVB5P51,ETF,EUR
Vanguard LifeStrategy 60% Equity UCITS ETF EUR Acc,V60A,IE00BMVB5P51,ETF,EUR
Vanguard LifeStrategy 60% Equity UCITS ETF EUR Acc,VNGA6,IE00BMVB5P51,ETF,EUR
Vanguard LifeStrategy 60% Equity UCITS ETF EUR Acc,V60A,IE00BMVB5P51,ETF,EUR
Vanguard LifeStrategy 60% Equity UCITS ETF EUR Dis,V60D,IE00BMVB5Q68,ETF,EUR
Vanguard LifeStrategy 60% Equity UCITS ETF EUR Dis,V60D,IE00BMVB5Q68,ETF,EUR
Vanguard LifeStrategy 60% Equity UCITS ETF EUR Dis,VNGD6,IE00BMVB5Q68,ETF,EUR
Vanguard LifeStrategy 60% Equity UCITS ETF EUR Dis,V60D,IE00BMVB5Q68,ETF,EUR
Vanguard LifeStrategy 80% Equity UCITS ETF EUR Acc,V80A,IE00BMVB5R75,ETF,EUR
Vanguard LifeStrategy 80% Equity UCITS ETF EUR Acc,V80A,IE00BMVB5R75,ETF,EUR
Vanguard LifeStrategy 80% Equity UCITS ETF EUR Acc,VNGA8,IE00BMVB5R75,ETF,EUR
Vanguard LifeStrategy 80% Equity UCITS ETF EUR Acc,V80A,IE00BMVB5R75,ETF,EUR
Vanguard LifeStrategy 80% Equity UCITS ETF EUR Dis,V80D,IE00BMVB5S82,ETF,EUR
Vanguard LifeStrategy 80% Equity UCITS ETF EUR Dis,V80D,IE00BMVB5S82,ETF,EUR
Vanguard LifeStrategy 80% Equity UCITS ETF EUR Dis,VNGD8,IE00BMVB5S82,ETF,EUR
Vanguard LifeStrategy 80% Equity UCITS ETF EUR Dis,V80D,IE00BMVB5S82,ETF,EUR
Vanguard S&P 500 UCITS ETF USD Acc,VUAA,IE00BFMXXD54,ETF,EUR
Vanguard S&P 500 UCITS ETF USD Acc,VUAA,IE00BFMXXD54,ETF,USD
Vanguard S&P 500 UCITS ETF USD Acc,VUAG,IE00BFMXXD54,ETF,GBP
Vanguard S&P 500 UCITS ETF USD Acc,VUAA,IE00BFMXXD54,ETF,EUR
Vanguard S&P 500 UCITS ETF USD Acc,VUAA,IE00BFMXXD54,ETF,EUR
Fidelity US Quality Income UCITS Inc-USD ETF,FUSD,IE00BYXVGX24,ETF,EUR
Fidelity US Quality Income UCITS Inc-USD ETF,FUSD,IE00BYXVGX24,ETF,USD
Fidelity US Quality Income UCITS Inc-USD ETF,FUSI,IE00BYXVGX24,ETF,GBX
First Trust Alerian Dsrptv Tech RE UCITS ETF A USD,FTGT,IE000RN036E0,ETF,EUR
First Trust Alerian Dsrptv Tech RE UCITS ETF A USD,TRE,IE000RN036E0,ETF,USD
First Trust Alerian Dsrptv Tech RE UCITS ETF A USD,FTGT,IE000RN036E0,ETF,EUR
First Trust Alerian Dsrptv Tech RE UCITS ETF B USD,DTRE,IE000C75IMX8,ETF,GBX
First Trust BBG Scarce Resources UCITS ETF A USD,FSCR,IE000BW2B3J3,ETF,GBX
First Trust BBG Scarce Resources UCITS ETF A USD,SCAR,IE000BW2B3J3,ETF,EUR
First Trust BBG Scarce Resources UCITS ETF A USD,SCAR,IE000BW2B3J3,ETF,USD
First Trust Bloomberg AI UCITS ETF A USD Acc,FTAI,IE000YIQZ0H6,ETF,EUR
First Trust Cboe Vest U.S. Equity Moderate Buffer UCITS ETF,FEBB,IE000X8M8M80,ETF,EUR
First Trust Cloud Computing UCITS ETF A USD,SKYE,IE00BFD2H405,ETF,EUR
First Trust Cloud Computing UCITS ETF A USD,SKYE,IE00BFD2H405,ETF,EUR
First Trust Cloud Computing UCITS ETF A USD,FSKY,IE00BFD2H405,ETF,EUR
First Trust Dow Jones Internet UCITS ETF A USD,FDNE,IE00BG0SSC32,ETF,EUR
First Trust Dow Jones Internet UCITS ETF A USD,FDN,IE00BG0SSC32,ETF,GBX
First Trust Dow Jones Internet UCITS ETF A USD,FDNU,IE00BG0SSC32,ETF,USD
First Trust Dow Jones Internet UCITS ETF A USD,FDNS,IE00BG0SSC32,ETF,CHF
First Trust Emerging Mkts AlphaDEX UCITS ETF A USD,FEMU,IE00B8X9NX34,ETF,USD
First Trust Eurozone AlphaDex UCITS ETF A EUR,FEUZ,IE00B8X9NY41,ETF,EUR
First Trust Eurozone AlphaDex UCITS ETF A EUR,FEUZ,IE00B8X9NY41,ETF,GBX
First Trust Eurozone AlphaDex UCITS ETF A EUR,FTEU,IE00B8X9NY41,ETF,USD
First Trust Eurozone AlphaDex UCITS ETF A EUR,FEUZ,IE00B8X9NY41,ETF,CHF
First Trust Eurozone AlphaDex UCITS ETF B EUR,FEUD,IE00BF2FL590,ETF,GBX
First Trust FactorFX UCITS ETF C EUR Hgd,FXEU,IE00BD5HBS12,ETF,EUR
First Trust Germany AlphaDEX UCITS ETF,FTGG,IE00BWTNM966,ETF,EUR
First Trust Germany AlphaDEX UCITS ETF,FTGG,IE00BWTNM966,ETF,EUR
First Trust Gl Cap Strength ESG Lds UCITS ETF AUSD,FTGS,IE00BKPSPT20,ETF,EUR
First Trust Gl Cap Strength ESG Lds UCITS ETF AUSD,FCSG,IE00BKPSPT20,ETF,EUR
First Trust Gl Cap Strength ESG Lds UCITS ETF AUSD,CESG,IE00BKPSPT20,ETF,USD
First Trust Global Equity Inc UCITS ETF A USD Acc,FTG4,IE00BYTH6121,ETF,EUR
First Trust Global Equity Inc UCITS ETF A USD Acc,FGBL,IE00BYTH6121,ETF,EUR
First Trust Global Equity Inc UCITS ETF A USD Acc,FGBL,IE00BYTH6121,ETF,GBX
First Trust Global Equity Income UCITS ETF B USD,FTGX,IE00BD842Y21,ETF,EUR
First Trust Global Equity Income UCITS ETF B USD,GINC,IE00BD842Y21,ETF,EUR
First Trust Indxx Fut Eco Mtl UCITS ETF A USD,MINR,IE000UDFKE13,ETF,GBX
First Trust Indxx Fut Eco Mtl UCITS ETF A USD,METL,IE000UDFKE13,ETF,USD
First Trust Indxx Innvtv Trnsc and Proc UCITS ETFA,02F0,IE00BF5DXP42,ETF,EUR
First Trust Indxx Innvtv Trnsc and Proc UCITS ETFA,BLOK,IE00BF5DXP42,ETF,GBX
First Trust Indxx Innvtv Trnsc and Proc UCITS ETFA,BLOK,IE00BF5DXP42,ETF,EUR
First Trust Indxx Innvtv Trnsc and Proc UCITS ETFA,BLOK,IE00BF5DXP42,ETF,CHF
First Trust Indxx NextG UCITS ETF A USD,NXTG,IE00BWTNM743,ETF,GBX
First Trust IPOX Europe Eq Opps UCITS ETF A EUR,IPXE,IE00BFD26097,ETF,USD
First Trust Low Duration Gl Gov Bd UCITS ETF C EUR,FSOV,IE00BKS2X317,ETF,EUR
First Trust Nasdaq Clean Edge Smart Grid Infrastructure UCITS ETF,GRID,IE000J80JTL1,ETF,EUR
First Trust Nasdaq Clean Edge Smart Grid Infrastructure UCITS ETF,GRID,IE000J80JTL1,ETF,EUR
First Trust Nasdaq Clean Edge Smart Grid Infrastructure UCITS ETF,GRDU,IE000J80JTL1,ETF,USD
First Trust Nasdaq Cln Edge Gl Wtr UCITS ETF A USD,H2O,IE000Q8F0M81,ETF,EUR
First Trust Nasdaq Cln Edge Gl Wtr UCITS ETF A USD,H2OS,IE000Q8F0M81,ETF,CHF
BNPP Easy ECPI Circular Economy Leaders UCITS ETFC,EMEC,LU1953136527,ETF,EUR
BNPP Easy ECPI Circular Economy Leaders UCITS ETFC,REUSE,LU1953136527,ETF,EUR
BNPP Easy ECPI Circular Economy Leaders UCITS ETFC,REUSE,LU1953136527,ETF,EUR
BNPP Easy ECPI Gl ESG Hydrogen Eco UCITS ETF USD C,HYDUS,LU2533813023,ETF,USD
BNPP Easy ECPI Gl ESG Hydrogen Eco UCITS ETF USD C,ASRZ,LU2533813023,ETF,USD
BNPP Easy ECPI Global ESG Blue Economy UCITS ETF C,BJLE,LU2194447293,ETF,EUR
BNPP Easy ECPI Global ESG Blue Economy UCITS ETF C,BLUE,LU2194447293,ETF,EUR
BNPP Easy ECPI Global ESG Blue Economy UCITS ETF C,BJLE,LU2194447293,ETF,EUR
BNPP Easy ECPI Global ESG Med Tech UCITS ETF USD C,MTUSD,LU2533811084,ETF,USD
BNPP Easy Engy&Metals Enhcd Roll UCITS ETF C,GSCU,LU1291109533,ETF,USD
BNPP Easy Engy&Metals Enhcd Roll UCITS ETF EUR C,GSDE,LU1291109616,ETF,EUR
BNPP Easy Engy&Metals Enhcd Roll UCITS ETF EUR C,GSCE,LU1291109616,ETF,EUR
BNPP Easy Engy&Metals Enhcd Roll UCITS ETF EUR C,GSDE,LU1291109616,ETF,EUR
BNPP Easy Engy&Metals Enhcd Roll UCITS ETF RH EURC,EMEH,LU1547516291,ETF,EUR
BNPP Easy Engy&Metals Enhcd Roll UCITS ETF RH EURC,EMEH,LU1547516291,ETF,EUR
BNPP Easy EUR Corp Bond SRI PAB 1-3Y UCITS ETF D,SRIC3,LU2008760592,ETF,EUR
BNPP Easy EUR Corp Bond SRI PAB 1-3Y UCITS ETF D,ASR3,LU2008760592,ETF,EUR
BNPP Easy EUR Corp Bond SRI PAB 7-10Y UCITS ETF C,SRIC7,LU2742532828,ETF,EUR
BNPP Easy EUR Corp Bond SRI PAB 7-10Y UCITS ETF C,SRIC7,LU2742532828,ETF,EUR
BNPP Easy EUR Corp Bond SRI PAB 7-10Y UCITS ETF C,BJLU,LU2742532828,ETF,EUR
BNPP Easy EUR Corp Bond SRI PAB 7-10Y UCITS ETF D,SRID7,LU2742532745,ETF,EUR
BNPP Easy EUR Corp Bond SRI PAB 7-10Y UCITS ETF D,BJLT,LU2742532745,ETF,EUR
BNPP Easy JPM Tilted EMU GovBd IG 3-5Y UCITS ETF C,ASRE,LU2244387457,ETF,EUR
BNPP Easy JPM Tilted EMU GovBd IG 3-5Y UCITS ETF C,GEMU,LU2244387457,ETF,EUR
BNPP Easy Low Carbon 300 World PAB UCITS ETF Cap,LCWLD,LU2194449075,ETF,EUR
BNPP Easy Low Carbon 300 World PAB UCITS ETF Cap,LCWLD,LU2194449075,ETF,EUR
BNPP Easy Low Carbon 300 World PAB UCITS ETF Cap,LOWD,LU2194449075,ETF,EUR
BNPP Easy Low Crbn 100 Europe PAB UCITS ETF C,LCEU,LU1377382368,ETF,EUR
BNPP Easy Low Crbn 100 Europe PAB UCITS ETF C,LCEU,LU1377382368,ETF,EUR
BNPP Easy Low Crbn 100 Europe PAB UCITS ETF C,LCEU,LU1377382368,ETF,EUR
BNPP Easy Low Crbn 100 Europe PAB UCITS ETF C,ECN ,LU1377382368,ETF,EUR
BNPP Easy Low Crbn 100 Europe PAB UCITS ETF C,LCEU,LU1377382368,ETF,EUR
BNPP Easy Low Crbn 100 Europe PAB UCITS ETF D,ECND,LU1377382442,ETF,EUR
BNPP Easy MSCI Emerging Min TE UCITS ETF EUR C,EMKX,LU1291097779,ETF,EUR
BNPP Easy MSCI Emerging Min TE UCITS ETF EUR C,EMKX,LU1291097779,ETF,EUR
BNPP Easy MSCI Emerging Min TE UCITS ETF EUR C,EEMK,LU1291097779,ETF,EUR
BNPP Easy MSCI Emerging Min TE UCITS ETF EUR C,EEMK,LU1291097779,ETF,EUR
BNPP Easy MSCI Emerging SRI PAB UCITS ETF,EMSR,LU1291098314,ETF,USD
BNPP Easy MSCI Emerging SRI PAB UCITS ETF,ESRI,LU1291098314,ETF,USD
BNPP Easy MSCI Emerging SRI PAB UCITS ETF,EMIS,LU1659681230,ETF,EUR
BNPP Easy MSCI Emerging SRI PAB UCITS ETF,XU6C,LU1659681313,ETF,EUR
BNPP Easy MSCI Emerging SRI PAB UCITS ETF,EISR,LU1659681313,ETF,EUR
BNPP Easy MSCI Emerging SRI PAB UCITS ETF,XU6C,LU1659681313,ETF,EUR
BNPP Easy MSCI Emerging SRI PAB UCITS ETF,EISR,LU1659681313,ETF,EUR
BNPP Easy MSCI Japan Min TE UCITS ETF C,EJAP,LU1291102447,ETF,EUR
BNPP Easy MSCI Japan Min TE UCITS ETF C,EJAP,LU1291102447,ETF,EUR
BNPP Easy MSCI Japan Min TE UCITS ETF C,0E4H,LU1291102447,ETF,EUR
BNPP Easy MSCI Japan Min TE UCITS ETF C,EJAP,LU1291102447,ETF,EUR
BNPP Easy MSCI Pac ex Japan Min TE UCITS ETF C,EPEJ,LU1291106356,ETF,EUR
BNPP Easy MSCI Pac ex Japan Min TE UCITS ETF C,PAC,LU1291106356,ETF,EUR
WisdomTree Europe Small Cap Dividend UCITS ETF,WTES,IE00BQZJC527,ETF,EUR
WisdomTree Europe Small Cap Dividend UCITS ETF,DFE,IE00BQZJC527,ETF,CHF
WisdomTree Europe Small Cap Dividend UCITS ETF,DFE,IE00BQZJC527,ETF,GBX
WisdomTree Europe Small Cap Dividend UCITS ETF,DFEE,IE00BQZJC527,ETF,EUR
WisdomTree Europe Small Cap Dividend UCITS ETF,DFE,IE00BQZJC527,ETF,EUR
WisdomTree Europe Small Cap Dividend UCITS ETF Acc,WTID,IE00BDF16114,ETF,EUR
WisdomTree Europe Small Cap Dividend UCITS ETF Acc,DFEA,IE00BDF16114,ETF,EUR
WisdomTree Europe Small Cap Dividend UCITS ETF Acc,DFEA,IE00BDF16114,ETF,EUR
WisdomTree Europe Small Cap Dividend UCITS ETF Acc,DFEA,IE00BDF16114,ETF,EUR
WisdomTree Europe Small Cap Dividend UCITS ETF Acc,DFEP,IE00BDF16114,ETF,GBX
WisdomTree Europe Value UCITS ETF EUR (Acc),VYEU,IE0005HNE843,ETF,EUR
WisdomTree European Natural Gas ETC,TTFW,XS2872233403,ETF,EUR
WisdomTree European Natural Gas ETC,EGAS,XS2872233403,ETF,EUR
WisdomTree Eurozone Efficient Core UCITS ETF - EUR Acc,NTSZ,IE000OV4XWA3,ETF,EUR
WisdomTree Eurozone Efficient Core UCITS ETF - EUR Acc,NTSZ,IE000OV4XWA3,ETF,EUR
WisdomTree Eurozone Qual Div Gro UCITS ETF EUR Acc,WTIM,IE00BZ56TQ67,ETF,EUR
WisdomTree Eurozone Qual Div Gro UCITS ETF EUR Acc,EGRA,IE00BZ56TQ67,ETF,EUR
WisdomTree Eurozone Qual Div Gro UCITS ETF EUR Acc,EGRG,IE00BZ56TQ67,ETF,GBX
WisdomTree Eurozone Qual Div Gro UCITS ETF EUR Acc,EGRA,IE00BZ56TQ67,ETF,EUR
WisdomTree Eurozone Qual Div Gro UCITS ETF EUR Acc,WTIN,IE00BZ56TQ67,ETF,EUR
WisdomTree Eurozone Qual Div Gro UCITS ETF EUR Acc,EGRA,IE00BZ56TQ67,ETF,EUR
WisdomTree Eurozone Quality Div Gro UCITS ETF EUR,EGRW,IE00BZ56SY76,ETF,EUR
Wisdomtree Ftse 100 1X Daily Short,SUK1,IE00B94QKG22,ETF,GBX
Wisdomtree Ftse 100 2X Daily Leveraged,2UKL,IE00B94QKC83,ETF,GBX
Wisdomtree Ftse 100 2X Daily Short,2UKS,IE00B94QKF15,ETF,GBX
Wisdomtree Ftse 100 3X Daily Leveraged,3UKL,IE00B88D2999,ETF,GBX
Wisdomtree Ftse 100 3X Daily Short,3UKS,IE00B7VB3908,ETF,GBX
Wisdomtree Ftse 250 1X Daily Short,1MCS,IE00BBGBF313,ETF,GBX
Wisdomtree Ftse 250 2X Daily Leveraged,2MCL,IE00B94QKJ52,ETF,GBX
Wisdomtree Ftse Mib 3X Daily Leveraged,3ITL,IE00B8NB3063,ETF,EUR
Wisdomtree Ftse Mib 3x Daily Short,3ITS,XS2819844031,ETF,EUR
WisdomTree FTSE MIB 5x Daily Leveraged,5ITL,XS2771500696,ETF,EUR
WisdomTree FTSE MIB 5x Daily Short,5ITS,XS2771642720,ETF,EUR
Wisdomtree Ftse Mib Banks,ITBL,IE00BYMB4Q22,ETF,EUR
WisdomTree FTSE MIB ETN,WMIB,XS2427354985,ETF,EUR
WisdomTree Gasoline ETC,UGAS,GB00B15KXW40,ETF,EUR
WisdomTree Gasoline ETC,UGAS,GB00B15KXW40,ETF,USD
WisdomTree Gasoline ETC,0FHB,GB00B15KXW40,ETF,EUR
Wisdomtree Gilts 10Y 3X Daily Leveraged,3GIL,IE00BKT09479,ETF,GBX
Wisdomtree Gilts 10Y 3X Daily Short,3GIS,IE00BKS8QQ35,ETF,GBX
WisdomTree Gl Ex-USA Qual Div Gr UCITS ETF EUR Acc,DGXU,IE000X7DRW38,ETF,EUR
WisdomTree Gl Ex-USA Qual Div Gr UCITS ETF EUR Acc,DGXU,IE000X7DRW38,ETF,EUR
WisdomTree Global Automotive UCITS - USD Acc ETF,WCAR,IE000TB3YTV4,ETF,USD
WisdomTree Global Efficient Core UCITS - USD Acc ETF,NTSG,IE00077IIPQ8,ETF,EUR
WisdomTree Global Efficient Core UCITS - USD Acc ETF,NTSG,IE00077IIPQ8,ETF,EUR
WisdomTree Global Efficient Core UCITS - USD Acc ETF,NTSG,IE00077IIPQ8,ETF,EUR
WisdomTree Global Qual Div Gro UCITS ETF EURH Acc,WGRU,IE0007M3MLF3,ETF,EUR
WisdomTree Global Qual Div Gro UCITS ETF EURH Acc,WGRU,IE0007M3MLF3,ETF,EUR
WisdomTree Global Qual Div Gro UCITS ETF EURH Acc,GGRE,IE0007M3MLF3,ETF,EUR
WisdomTree Global Qual Div Gro UCITS ETF GBP Hgd,GGRB,IE000LRRPK60,ETF,GBX
iShares iBond Dec 2027 Term $ Corp UCITS ETF USD A,CEBK,IE000I1D7D10,ETF,EUR
iShares iBond Dec 2027 Term $ Corp UCITS ETF USD A,DI27,IE000I1D7D10,ETF,EUR
iShares iBond Dec 2027 Term $ Trsy UCITS ETF USD A,IT27,IE0004OYBZA6,ETF,USD
iShares iBond Dec 2027 Term $ Trsy UCITS ETF USD D,27IT,IE0006UGU3X3,ETF,USD
iShares iBond Dec 2027 Term $ Trsy UCITS ETF USD D,27IT,IE0006UGU3X3,ETF,EUR
iShares iBond Dec 2028 Term $ Corp UCITS ETF USD A,CBU5,IE0000UJ3480,ETF,EUR
iShares iBond Dec 2028 Term $ Corp UCITS ETF USD A,CBU5,IE0000UJ3480,ETF,EUR
iShares iBond Dec 2028 Term $ Corp UCITS ETF USD A,D28A,IE0000UJ3480,ETF,USD
iShares iBond Dec 2028 Term $ Corp UCITS ETF USD A,28ID,IE0000UJ3480,ETF,EUR
iShares iBond Dec 2028 Term $ Corp UCITS ETF USD D,CBU4,IE0000VITHT2,ETF,EUR
iShares iBond Dec 2028 Term $ Corp UCITS ETF USD D,CBU4,IE0000VITHT2,ETF,EUR
iShares iBond Dec 2028 Term $ Corp UCITS ETF USD D,ID28,IE0000VITHT2,ETF,USD
iShares iBond Dec 2029 Term $ Corp UCITS ETF USD A,ID29,IE000QJMYB29,ETF,USD
iShares iBond Dec 2029 Term $ Corp UCITS ETF USD D,29ID,IE000Y247W99,ETF,USD
iShares iBond Dec 2029 Term $ Corp UCITS ETF USD D,29ID,IE000Y247W99,ETF,EUR
iShares iBond Dec 2029 Term $ Trsy UCITS ETF USD A,C5A0,IE00055OM853,ETF,EUR
iShares iBond Dec 2029 Term $ Trsy UCITS ETF USD A,IT29,IE00055OM853,ETF,USD
iShares iBond Dec 2029 Term $ Trsy UCITS ETF USD D,29IT,IE00076HZIP3,ETF,USD
iShares iBond Dec 2029 Term $ Trsy UCITS ETF USD D,29IT,IE00076HZIP3,ETF,EUR
iShares iBond Dec 2030 Term $ Corp UCITS ETF USD A,ID30,IE0008TDJ461,ETF,USD
iShares iBond Dec 2030 Term $ Corp UCITS ETF USD D,30ID,IE000BZXJJ24,ETF,USD
iShares iBond Dec 2030 Term $ Corp UCITS ETF USD D,30ID,IE000BZXJJ24,ETF,EUR
iShares iBond Dec 2031 Term $ Corp UCITS ETF USD A,L1B0,IE00019EG7X4,ETF,EUR
iShares iBond Dec 2031 Term $ Corp UCITS ETF USD A,ID31,IE00019EG7X4,ETF,USD
iShares iBond Dec 2034 Term $ Corp UCITS ETF USD D,34ID,IE000VVBM1F6,ETF,USD
iShares iBond Dec 2035 Term   Corp UCITS ETF EUR A,IG35,IE000O1FWAW6,ETF,EUR
iShares iBond Dec 2035 Term   Corp UCITS ETF EUR A,IG35,IE000O1FWAW6,ETF,EUR
iShares iBond Dec 2035 Term   Corp UCITS ETF EUR A,IG35,IE000O1FWAW6,ETF,EUR
iShares iBond Dec 2035 Term $ Corp UCITS ETF USD A,DI35,IE000Y9XFN19,ETF,EUR
iShares iBonds Dec 2025 Term USD Corp UCITS USD (Acc) ETF,ID25,IE0000X2DXK3,ETF,USD
iShares iBonds Dec 2026 Term EUR Corp UCITS EUR (Dist) ETF,IB26,IE000SIZJ2B2,ETF,EUR
iShares iBonds Dec 2026 Term EUR Corp UCITS EUR (Dist) ETF,IB26,IE000SIZJ2B2,ETF,EUR
iShares iBonds Dec 2026 Term Italy Govt Bond UCITS EUR (Dist) ETF,26TP,IE000LZ7BZW8,ETF,EUR
iShares iBonds Dec 2026 Term Italy Govt Bond UCITS EUR (Dist) ETF,26TP,IE000LZ7BZW8,ETF,EUR
iShares iBonds Dec 2028 Term EUR Corp UCITS EUR (Dist) ETF,IB28,IE000264WWY0,ETF,EUR
iShares iBonds Dec 2028 Term EUR Corp UCITS EUR (Dist) ETF,IB28,IE000264WWY0,ETF,EUR
iShares iBonds Dec 2028 Term Italy Govt Bond UCITS EUR (Dist) ETF,28IY,IE000Q2EQ5K8,ETF,EUR
iShares iBonds Dec 2028 Term Italy Govt Bond UCITS EUR (Dist) ETF,28IY,IE000Q2EQ5K8,ETF,EUR
iShares iBonds Dec 2029 Term Corp UCITS EUR (Dist) ETF,29GI,IE000IHURBR0,ETF,EUR
iShares iBonds Dec 2029 Term Corp UCITS EUR (Dist) ETF,29GI,IE000IHURBR0,ETF,EUR
iShares iBonds Dec 2030 Term Corp UCITS EUR (Dist) ETF,30IG,IE000LX17BP9,ETF,EUR
iShares iBonds Dec 2030 Term Corp UCITS EUR (Dist) ETF,30IG,IE000LX17BP9,ETF,EUR
iShares iBonds Dec 2030 Term Corp UCITS EUR (Dist) ETF,30IG,IE000LX17BP9,ETF,EUR
iShares iBonds Dec 2031 Term Corp UCITS EUR (Acc) ETF,IG31,IE000D9WMGF0,ETF,EUR
iShares iBonds Dec 2032 Term Corp UCITS EUR (Dist) ETF,32XG,IE0000MR4GH9,ETF,EUR
iShares iBonds Dec 2033 Term Corp UCITS EUR (Acc) ETF,IG33,IE000ZBGZQM8,ETF,EUR
iShares iBonds Dec 2033 Term Corp UCITS EUR (Acc) ETF,IG33,IE000ZBGZQM8,ETF,EUR
iShares iBonds Dec 2033 Term Corp UCITS EUR (Dist) ETF,33GI,IE000E0NL9T3,ETF,EUR
iShares iBonds Dec 2034 Term Corp UCITS EUR (Acc) ETF,IG34,IE000UY6XF65,ETF,EUR
iShares India INR Govt Bond UCITS ETF USD (Dist),INGB,IE0004L9EID2,ETF,USD
Amundi Euro Hghst Rtd Mcr Wght Gov Bd UCITS ETF A,LYXA,LU1287023342,ETF,EUR
Amundi Euro Hghst Rtd Mcr Wght Gov Bd UCITS ETF A,0E46,LU1287023342,ETF,EUR
Amundi Euro HghstRtdMcrWgh Gov Bd 1-3Y UCITS ETF A,LYS4,LU1829219556,ETF,EUR
Amundi Euro HghstRtdMcrWgh Gov Bd 1-3Y UCITS ETF A,LYS4,LU1829219556,ETF,EUR
Amundi Euro HghstRtdMcrWgh Gov Bd 1-3Y UCITS ETF A,AAA13,LU1829219556,ETF,EUR
Amundi Euro HghstRtdMcrWgh Gov Bd 3-5Y UCITS ETF A,LYS5,LU1829219713,ETF,EUR
Amundi Euro HghstRtdMcrWgh Gov Bd 3-5Y UCITS ETF A,AAA35,LU1829219713,ETF,EUR
Amundi Euro High Yield Bond Esg Ucits Etf Acc,AHYE ,LU1681040496,ETF,EUR
Amundi Euro High Yield Bond Esg Ucits Etf Acc,AHYE,LU1681040496,ETF,EUR
Amundi Euro High Yield Bond Esg Ucits Etf Dist,HYBB,LU1215415214,ETF,EUR
Amundi Euro High Yield Bond Esg Ucits Etf Dist,HYBB,LU1215415214,ETF,EUR
Amundi Euro High Yield Bond Esg Ucits Etf Dist,0E2D,LU1215415214,ETF,EUR
Amundi Euro Inflt Expectations 2-10Y UCITS ETF A,EUIN,LU1390062245,ETF,EUR
Amundi Euro Inflt Expectations 2-10Y UCITS ETF A,INFL,LU1390062245,ETF,EUR
Amundi Euro Inflt Expectations 2-10Y UCITS ETF A,INFL,LU1390062245,ETF,GBX
Amundi Euro Inflt Expectations 2-10Y UCITS ETF A,EUIN,LU1390062245,ETF,EUR
Amundi Euro Inflt Expectations 2-10Y UCITS ETF A,INFL,LU1390062245,ETF,EUR
Amundi Euro Lwst Rtd IG Gov Bond UCITS ETF Acc,KX1G,LU1681046774,ETF,EUR
Amundi Euro Lwst Rtd IG Gov Bond UCITS ETF Acc,X1G ,LU1681046774,ETF,EUR
Amundi Euro Lwst Rtd IG Gov Bond UCITS ETF Acc,KX1G,LU1681046774,ETF,EUR
Amundi Euro Lwst Rtd IG Gov Bond UCITS ETF Acc,X1G,LU1681046774,ETF,EUR
Amundi Euro Lwst Rtd IG Gov Bond UCITS ETF Dist,LU1681046857,LU1681046857,ETF,EUR
Amundi EURO STOXX 50 Daily (2x) Lev UCITS ETF Acc,LYMZ,FR0010468983,ETF,EUR
Amundi EURO STOXX 50 Daily (2x) Lev UCITS ETF Acc,LVE,FR0010468983,ETF,EUR
Amundi EURO STOXX 50 Daily (2x) Lev UCITS ETF Acc,LYMZ,FR0010468983,ETF,EUR
Amundi EURO STOXX 50 Daily (2x) Lev UCITS ETF Acc,DJLEV,FR0010468983,ETF,EUR
Amundi EURO STOXX 50 II UCITS ETF Acc,LYSX,FR0007054358,ETF,EUR
Amundi EURO STOXX 50 II UCITS ETF Acc,MSE,FR0007054358,ETF,EUR
Amundi EURO STOXX 50 II UCITS ETF Acc,LYSX,FR0007054358,ETF,EUR
Amundi EURO STOXX 50 II UCITS ETF Acc,MSE,FR0007054358,ETF,EUR
Amundi EURO STOXX 50 II UCITS ETF Acc,MSE,FR0007054358,ETF,EUR
Amundi EURO STOXX 50 II UCITS ETF Acc,0MQ4,FR0007054358,ETF,EUR
Amundi Euro Stoxx 50 Ii Ucits Etf Chf Hedged Acc,MSEC,FR0012399731,ETF,CHF
Amundi EURO STOXX 50 II UCITS ETF GBP Hedged Acc,MSEX,FR0012399772,ETF,GBX
Amundi EURO STOXX 50 II UCITS ETF USD Hedged Acc,MSEU,FR0012399806,ETF,USD
Amundi Euro Stoxx Banks UCITS ETF Acc,LYBK,LU1829219390,ETF,EUR
Amundi Euro Stoxx Banks UCITS ETF Acc,BNKE ,LU1829219390,ETF,EUR
Amundi Euro Stoxx Banks UCITS ETF Acc,BNKE,LU1829219390,ETF,EUR
Amundi EURO STOXX Select Dividend 30 UCITS Dist ETF,C051,LU2611732558,ETF,EUR
Amundi EURO STOXX Select Dividend 30 UCITS Dist ETF,AK8E,LU2611732558,ETF,EUR
Amundi European Strategic Autonomy UCITS ETF Acc,6610,LU3180074463,ETF,EUR
Amundi F.A.Z. 100 UCITS Dist ETF,C006,LU2611732129,ETF,EUR
Amundi F.A.Z. 100 UCITS Dist ETF,AK8D,LU2611732129,ETF,EUR
Amundi Fixed Matur 2027 Ita BTP Gov Bd UCITS ETF D,BT27,LU2780872128,ETF,EUR
Amundi Fixed Matur 2028 Eur Gov Bd Brd UCITS ETF A,FM28,LU2780871310,ETF,EUR
Amundi Fixed Maturity 2027 German Bund Government Bond UCITS Dist ETF,AK8G,LU2780871823,ETF,EUR
Amundi Fixed Maturity 2028 Euro Government Bond Broad UCITS Dist ETF,AK8E,LU2780871401,ETF,EUR
Amundi Fixed Maturity 2028 Euro Government Bond Broad UCITS Dist ETF,MB28,LU2780871401,ETF,EUR
Amundi Fixed Maturity 2028 Euro Government Bond Yield + UCITS Dist ETF,AK8F,LU2780871666,ETF,EUR
Amundi Fixed Maturity 2028 Euro Government Bond Yield + UCITS Dist ETF,MY28,LU2780871666,ETF,EUR
Xtrackers EURO STOXX 50 UCITS 1D ETF,DBXE,LU0274211217,ETF,EUR
Xtrackers EURO STOXX 50 UCITS 1D ETF,DBXE,LU0274211217,ETF,EUR
Xtrackers EURO STOXX 50 UCITS 1D ETF,XESX,LU0274211217,ETF,GBX
Xtrackers EURO STOXX 50 UCITS 1D ETF,XESX,LU0274211217,ETF,CHF
Xtrackers EURO STOXX 50 UCITS 1D ETF,XESX,LU0274211217,ETF,EUR
Xtrackers Euro Stoxx Quality Dividend UCITS ETF 1D,DXSA,LU0292095535,ETF,EUR
Xtrackers Euro Stoxx Quality Dividend UCITS ETF 1D,DXSA,LU0292095535,ETF,EUR
Xtrackers Euro Stoxx Quality Dividend UCITS ETF 1D,XD3E,LU0292095535,ETF,EUR
Xtrackers Euro Stoxx Quality Dividend UCITS ETF 1D,XD3E,LU0292095535,ETF,GBX
Xtrackers Europe Biodiversity Focus SRI UCITS 1C ETF,XBEE,IE000VMAR5O6,ETF,EUR
Xtrackers Europe Defence Technologies UCITS ETF 1C,XDEF,LU3061478973,ETF,EUR
Xtrackers Europe Defence Technologies UCITS ETF 1C,XDEF,LU3061478973,ETF,EUR
Xtrackers Europe Defence Technologies UCITS ETF 1C,XDEF,LU3061478973,ETF,CHF
Xtrackers Europe Defence Technologies UCITS ETF 1C,XDEF,LU3061478973,ETF,GBP
Xtrackers Europe Equity Enhanced Active UCITS 1C ETF,XEEE,IE00002ZKAP0,ETF,EUR
Xtrackers Europe Equity Enhanced Active UCITS 1C ETF,XEEE,IE00002ZKAP0,ETF,EUR
Xtrackers FTSE 100 Income UCITS ETF 1D,DBXX,LU0292097234,ETF,EUR
Xtrackers FTSE 100 Income UCITS ETF 1D,DBXX,LU0292097234,ETF,EUR
Xtrackers FTSE 100 Income UCITS ETF 1D,XUKX,LU0292097234,ETF,GBX
Xtrackers FTSE 100 Short Daily Swap UCITS ETF,DX2K,LU0328473581,ETF,EUR
Xtrackers FTSE 100 Short Daily Swap UCITS ETF,DX2K,LU0328473581,ETF,EUR
Xtrackers FTSE 100 Short Daily Swap UCITS ETF,XUKS,LU0328473581,ETF,GBX
Xtrackers FTSE 100 UCITS 1C ETF,XDUK,LU0838780707,ETF,EUR
Xtrackers FTSE 100 UCITS 1C ETF,XDUK,LU0838780707,ETF,EUR
Xtrackers FTSE 100 UCITS 1C ETF,XDUK,LU0838780707,ETF,GBX
Xtrackers FTSE 250 UCITS ETF,DBXY,LU0292097317,ETF,EUR
Xtrackers FTSE 250 UCITS ETF,DBXY,LU0292097317,ETF,EUR
Xtrackers FTSE 250 UCITS ETF,XMCX,LU0292097317,ETF,GBX
Xtrackers FTSE Developed Europe Real Estate UCITS 1C ETF,D5BK,LU0489337690,ETF,EUR
Xtrackers FTSE Developed Europe Real Estate UCITS 1C ETF,D5BK,LU0489337690,ETF,EUR
Xtrackers FTSE Developed Europe Real Estate UCITS 1C ETF,XDER,LU0489337690,ETF,EUR
Xtrackers FTSE Developed Europe Real Estate UCITS 1C ETF,XDER,LU0489337690,ETF,GBX
Xtrackers FTSE MIB UCITS 1D ETF,DBXI,LU0274212538,ETF,EUR
Xtrackers FTSE MIB UCITS 1D ETF,DBXI,LU0274212538,ETF,EUR
Xtrackers FTSE MIB UCITS 1D ETF,XMIB,LU0274212538,ETF,EUR
Xtrackers FTSE MIB UCITS 1D ETF,0DLS,LU0274212538,ETF,EUR
Xtrackers Future Mobility UCITS 1C ETF,XMOV,IE00BGV5VR99,ETF,EUR
Xtrackers Future Mobility UCITS 1C ETF,XMOV,IE00BGV5VR99,ETF,EUR
Xtrackers Future Mobility UCITS 1C ETF,XMOV,IE00BGV5VR99,ETF,USD
Xtrackers Galaxy Physical Bitcoin Securities ETC ETN,XXBT,CH1315732250,ETF,EUR
Xtrackers Galaxy Physical Bitcoin Securities ETC ETN,XXBT,CH1315732250,ETF,EUR
Xtrackers Galaxy Physical Bitcoin Securities ETC ETN,XXBU,CH1315732250,ETF,USD
Xtrackers Galaxy Physical Ethereum Securities ETC ETN,XETH,CH1315732268,ETF,EUR
Xtrackers Galaxy Physical Ethereum Securities ETC ETN,XETU,CH1315732268,ETF,USD
Xtrackers Harvest CSI A500 UCITS 1D ETF,AH50,LU1310477036,ETF,EUR
Xtrackers Harvest CSI A500 UCITS 1D ETF,AH50,LU1310477036,ETF,EUR
Xtrackers Harvest CSI A500 UCITS 1D ETF,AH50,LU1310477036,ETF,USD
Xtrackers Harvest CSI300 UCITS 1D ETF,RQFI,LU0875160326,ETF,EUR
Xtrackers Harvest CSI300 UCITS 1D ETF,ASHR,LU0875160326,ETF,USD
Xtrackers Harvest CSI300 UCITS 1D ETF,RQFI,LU0875160326,ETF,GBX
UBS MSCI AC Asia ex Japan SF UCITS USD acc ETF,UIQI,IE00B7WK2W23,ETF,EUR
UBS MSCI AC Asia ex Japan SF UCITS USD acc ETF,AJEUA,IE00B7WK2W23,ETF,EUR
UBS MSCI AC Asia ex Japan SF UCITS USD acc ETF,AJEUAS,IE00B7WK2W23,ETF,USD
UBS MSCI ACWI SF UCITS ETF hCHF acc,BCFA,IE00BYM11L64,ETF,EUR
UBS MSCI ACWI SF UCITS ETF hCHF acc,ACWIS,IE00BYM11L64,ETF,CHF
UBS MSCI ACWI SF UCITS ETF hEUR acc,ACWIE,IE00BYM11K57,ETF,EUR
UBS MSCI ACWI SF UCITS ETF hEUR acc,ACWIE,IE00BYM11K57,ETF,EUR
UBS MSCI ACWI SF UCITS ETF hUSD acc,ACWIU,IE00BYM11J43,ETF,USD
UBS MSCI ACWI SF UCITS ETF USD acc,ACWIA,IE00BYM11H29,ETF,USD
UBS MSCI ACWI SF UCITS ETF USD acc,ACWIA,IE00BYM11H29,ETF,EUR
UBS MSCI ACWI SR UCITS ETF hCHF acc,AWSRIS,IE00BDR55F85,ETF,CHF
UBS MSCI ACWI SR UCITS ETF hCHF dis,AWSRIT,IE00BDR55D61,ETF,CHF
UBS MSCI ACWI SR UCITS ETF hEUR acc,AW1R,IE00BDR55927,ETF,EUR
UBS MSCI ACWI SR UCITS ETF hEUR acc,WZE8,IE00BDR55927,ETF,EUR
UBS MSCI ACWI SR UCITS ETF hEUR acc,AWSR,IE00BDR55927,ETF,EUR
UBS MSCI ACWI SR UCITS ETF hEUR acc,AWSRI,IE00BDR55927,ETF,EUR
UBS MSCI ACWI SR UCITS ETF hUSD acc,AWSRIW,IE00BDR55703,ETF,CHF
UBS MSCI ACWI SR UCITS ETF USD acc,AWSRI,IE00BDR55471,ETF,EUR
UBS MSCI ACWI Universal UCITS ETF hCHF acc,AWESGS,IE00BDQZN774,ETF,CHF
UBS MSCI ACWI Universal UCITS ETF hCHF dis,AWESGT,IE00BDQZN667,ETF,CHF
UBS MSCI Australia UCITS ETF AUD acc,AUSAUW,IE00BD4TY451,ETF,CHF
UBS MSCI Australia UCITS ETF AUD acc,AUSAUW,IE00BD4TY451,ETF,AUD
UBS MSCI Australia UCITS ETF AUD acc,AUSAU,IE00BD4TY451,ETF,EUR
UBS MSCI Australia UCITS ETF hCHF acc,AUHCHA,IE00BX7RS779,ETF,CHF
UBS MSCI Australia UCITS ETF hEUR acc,AUHEUA,IE00BWT3KS11,ETF,EUR
UBS MSCI Australia UCITS ETF hEUR acc,AUHEU,IE00BWT3KS11,ETF,EUR
UBS MSCI Australia UCITS ETF hEUR acc,UE28,IE00BWT3KS11,ETF,EUR
UBS MSCI Australia UCITS ETF hGBP acc,AUHGBA,IE00BXDZNQ90,ETF,GBP
UBS MSCI Australia UCITS ETF hGBP acc,AUGA,IE00BXDZNQ90,ETF,GBX
UBS MSCI Australia UCITS ETF hUSD acc,AUHUSA,IE00BX7RS555,ETF,USD
UBS MSCI Canada UCITS ETF CAD acc,CANA,LU0950672807,ETF,CAD
UBS MSCI Canada UCITS ETF CAD acc,CANA,LU0950672807,ETF,EUR
UBS MSCI Canada UCITS ETF CAD dis,UIM9,LU0446734872,ETF,EUR
UBS MSCI Canada UCITS ETF CAD dis,CANEU,LU0446734872,ETF,EUR
UBS MSCI Canada UCITS ETF CAD dis,UIM9,LU0446734872,ETF,EUR
UBS MSCI Canada UCITS ETF CAD dis,CANCDA,LU0446734872,ETF,CAD
UBS MSCI Canada UCITS ETF CAD dis,UB23,LU0446734872,ETF,GBX
UBS MSCI Canada UCITS ETF CAD dis,UIM9,LU0446734872,ETF,EUR
UBS MSCI Canada UCITS ETF hCHF acc,CAHCHA,LU1130155432,ETF,CHF
UBS MSCI Canada UCITS ETF hEUR acc,CAHEUA,LU1130155606,ETF,EUR
UBS MSCI Canada UCITS ETF hEUR acc,U1FA,LU1130155606,ETF,EUR
UBS MSCI Canada UCITS ETF hEUR acc,CAHEU,LU1130155606,ETF,EUR
UBS MSCI Canada UCITS ETF hGBP acc,UC87,LU1130156323,ETF,GBX
UBS MSCI Canada UCITS ETF hGBP acc,CAHGBA,LU1130156323,ETF,GBP
UBS MSCI Canada UCITS ETF hGBP dis,CAHGBD,LU1130156596,ETF,GBP
UBS MSCI Canada UCITS ETF hUSD acc,CAHUSA,LU1130155861,ETF,USD
UBS MSCI Canada Universal UCITS ETF CAD acc,BCFD,IE0004YRJHW4,ETF,EUR
UBS MSCI China A SF UCITS USD acc ETF,CNUA,IE00BKFB6K94,ETF,EUR
UBS MSCI China A SF UCITS USD acc ETF,CNUA,IE00BKFB6K94,ETF,GBX
UBS MSCI China A SF UCITS USD acc ETF,CNAUA,IE00BKFB6K94,ETF,USD
Invesco S&P 500 UCITS ETF Acc,P500,IE00B3YCGJ38,ETF,EUR
Invesco S&P 500 UCITS ETF Acc,SPXP,IE00B3YCGJ38,ETF,GBX
Invesco S&P 500 UCITS ETF Acc,SPXS,IE00B3YCGJ38,ETF,USD
Invesco S&P 500 UCITS ETF Acc,SPXS,IE00B3YCGJ38,ETF,EUR
Invesco S&P 500 UCITS ETF Acc,SPXS,IE00B3YCGJ38,ETF,USD
Invesco S&P 500 UCITS ETF Dist,D500,IE00BYML9W36,ETF,EUR
Invesco S&P 500 UCITS ETF Dist,SPXD,IE00BYML9W36,ETF,USD
Invesco S&P 500 UCITS ETF Dist,SPXD,IE00BYML9W36,ETF,USD
Invesco S&P 500 UCITS ETF Dist,SPXD,IE00BYML9W36,ETF,EUR
Invesco S&P 500 UCITS EUR Hedged Acc ETF,E500,IE00BRKWGL70,ETF,EUR
Invesco S&P 500 UCITS EUR Hedged Acc ETF,0Y6S,IE00BRKWGL70,ETF,EUR
Invesco S&P 500 UCITS EUR Hedged Acc ETF,E500,IE00BRKWGL70,ETF,EUR
Invesco S&P 500 UCITS EUR Hedged Acc ETF,E500,IE00BRKWGL70,ETF,EUR
Invesco S&P China A 300 Swap UCITS ETF Acc,C3AE,IE000K9Z3SF5,ETF,EUR
Invesco S&P China A 300 Swap UCITS ETF Acc,C3AE,IE000K9Z3SF5,ETF,EUR
Invesco S&P China A 300 Swap UCITS ETF Acc,C300,IE000K9Z3SF5,ETF,USD
Invesco S&P China A 300 Swap UCITS ETF Acc,C300,IE000K9Z3SF5,ETF,USD
Invesco S&P China A MidCap 500 Swap UCITS ETF Acc,C500,IE0000FCGYF9,ETF,USD
Invesco S&P China A MidCap 500 Swap UCITS ETF Acc,C5ME,IE0000FCGYF9,ETF,EUR
Invesco S&P China A MidCap 500 Swap UCITS ETF Acc,C500,IE0000FCGYF9,ETF,USD
Invesco S&P SmallCap 600 UCITS ETF Acc,SMLK,IE00BH3YZ803,ETF,EUR
Invesco S&P SmallCap 600 UCITS ETF Acc,USML,IE00BH3YZ803,ETF,USD
Invesco S&P SmallCap 600 UCITS ETF Acc,SMLK,IE00BH3YZ803,ETF,EUR
Invesco S&P Wld Information Tech ESG UCITS ETF Acc,WDTE,IE000Q0IU5T1,ETF,EUR
Invesco S&P Wld Information Tech ESG UCITS ETF Acc,WDTE,IE000Q0IU5T1,ETF,EUR
Invesco S&P World Energy Trgtd & Scr UCITS ETF Acc,WDEE,IE000AIFGRB9,ETF,EUR
Invesco S&P World Energy Trgtd & Scr UCITS ETF Acc,WDEE,IE000AIFGRB9,ETF,EUR
Invesco S&P World Energy Trgtd & Scr UCITS ETF Acc,WDEE,IE000AIFGRB9,ETF,USD
Invesco S&P World Financials ESG UCITS ETF Acc,WF1E,IE00018LB0D8,ETF,EUR
Invesco S&P World Financials ESG UCITS ETF Acc,WF1E,IE00018LB0D8,ETF,EUR
Invesco S&P World Financials ESG UCITS ETF Acc,WDFE,IE00018LB0D8,ETF,USD
Invesco S&P World Health Care ESG UCITS ETF Acc,WH2E,IE000L4EH2K5,ETF,EUR
Invesco S&P World Health Care ESG UCITS ETF Acc,WH2E,IE000L4EH2K5,ETF,EUR
Invesco S&P World Health Care ESG UCITS ETF Acc,WHCE,IE000L4EH2K5,ETF,USD
Invesco Solar Energy UCITS ETF USD Acc,S0LR,IE00BM8QRZ79,ETF,EUR
Invesco Solar Energy UCITS ETF USD Acc,ISUN,IE00BM8QRZ79,ETF,USD
Invesco STOXX Europe 600 Optimised Automobiles & Parts UCITS Acc ETF,SC0P,IE00B5NLX835,ETF,EUR
Invesco STOXX Europe 600 Optimised Automobiles & Parts UCITS Acc ETF,SC0P,IE00B5NLX835,ETF,EUR
Invesco STOXX Europe 600 Optimised Banks UCITS Acc ETF,SC0U,IE00B5MTWD60,ETF,EUR
Invesco STOXX Europe 600 Optimised Banks UCITS Acc ETF,X7PS,IE00B5MTWD60,ETF,EUR
Invesco STOXX Europe 600 Optimised Banks UCITS Acc ETF,X7PS,IE00B5MTWD60,ETF,EUR
Invesco STOXX Europe 600 Optimised Basic Resources UCITS Acc ETF,SC0W,IE00B5MTWY73,ETF,EUR
Invesco STOXX Europe 600 Optimised Basic Resources UCITS Acc ETF,SC0W,IE00B5MTWY73,ETF,EUR
Invesco STOXX Europe 600 Optimised Chemicals UCITS Acc ETF,SC00,IE00B5MTY077,ETF,EUR
Invesco STOXX Europe 600 Optimised Construction & Materials UCITS Acc ETF,SC01,IE00B5MTY309,ETF,EUR
Invesco STOXX Europe 600 Optimised Financial Services UCITS Acc ETF,SC02,IE00B5MTYK77,ETF,EUR
Invesco STOXX Europe 600 Optimised Financial Services UCITS Acc ETF,SC02,IE00B5MTYK77,ETF,EUR
Invesco STOXX Europe 600 Optimised Food & Beverage UCITS Acc ETF,SC03,IE00B5MTYL84,ETF,EUR
Invesco STOXX Europe 600 Optimised Food & Beverage UCITS Acc ETF,SC03,IE00B5MTYL84,ETF,EUR
Invesco STOXX Europe 600 Optimised Health Care UCITS Acc ETF,SC0T,IE00B5MJYY16,ETF,EUR
Invesco Gl HY Corp Bd ESG Cl Trnstn UCITS ETF Dist,GB1D,IE000ZWSN3F7,ETF,EUR
Invesco Global Active ESG Equity UCITS ETF Acc,IQSA,IE00BJQRDN15,ETF,EUR
Invesco Global Active ESG Equity UCITS ETF Acc,IQSA,IE00BJQRDN15,ETF,USD
Invesco Global Buyback Achievers UCITS ETF Dist,BBCK,IE00BLSNMW37,ETF,EUR
Invesco Global Buyback Achievers UCITS ETF Dist,SBUY,IE00BLSNMW37,ETF,GBX
Invesco Global Buyback Achievers UCITS ETF Dist,BUYB,IE00BLSNMW37,ETF,EUR
Invesco Global Buyback Achievers UCITS ETF Dist,BUYB,IE00BLSNMW37,ETF,EUR
Invesco Global Buyback Achievers UCITS ETF Dist,BBCK,IE00BLSNMW37,ETF,EUR
Invesco Global Buyback Achievers UCITS ETF Dist,BUYB,IE00BLSNMW37,ETF,USD
Invesco Global Buyback Achievers UCITS ETF Dist,BUYB,IE00BLSNMW37,ETF,USD
Invesco Global Clean Energy UCITS ETF Acc,G1CE,IE00BLRB0242,ETF,EUR
Invesco Global Clean Energy UCITS ETF Acc,G1CE,IE00BLRB0242,ETF,EUR
Invesco Global Clean Energy UCITS ETF Acc,GCLE,IE00BLRB0242,ETF,EUR
Invesco Global Clean Energy UCITS ETF Dist,G1CD,IE00BLRB0028,ETF,EUR
Invesco Global Clean Energy UCITS ETF Dist,GCED,IE00BLRB0028,ETF,USD
Invesco Global Enhanced Equity UCITS ETF Acc,IQGA,IE000TZ4SIN6,ETF,EUR
Invesco Global Enhanced Equity UCITS ETF Acc,IQGA,IE000TZ4SIN6,ETF,CHF
Invesco Health Care S&P US Sel Sctr UCITS ETF Acc,XLVS,IE00B3WMTH43,ETF,EUR
Invesco Health Care S&P US Sel Sctr UCITS ETF Acc,XLVS,IE00B3WMTH43,ETF,USD
Invesco Health Care S&P US Sel Sctr UCITS ETF Acc,XLVP,IE00B3WMTH43,ETF,GBX
Invesco Health Care S&P US Sel Sctr UCITS ETF Acc,XLVS,IE00B3WMTH43,ETF,USD
Invesco Hydrogen Economy UCITS Acc ETF,HYDE,IE00053WDH64,ETF,EUR
Invesco Hydrogen Economy UCITS Acc ETF,HYDE,IE00053WDH64,ETF,EUR
Invesco Hydrogen Economy UCITS Acc ETF,HYDE,IE00053WDH64,ETF,USD
Invesco Industrials S&P US Sel Sctr UCITS ETF Acc,XLIS,IE00B3YC1100,ETF,EUR
Invesco Industrials S&P US Sel Sctr UCITS ETF Acc,XLIS,IE00B3YC1100,ETF,USD
Invesco Industrials S&P US Sel Sctr UCITS ETF Acc,XLIP,IE00B3YC1100,ETF,GBX
Invesco Industrials S&P US Sel Sctr UCITS ETF Acc,XLIS,IE00B3YC1100,ETF,USD
Invesco JPX-Nikkei 400 UCITS ETF Acc,SC08,IE00BPRCH686,ETF,EUR
Invesco JPX-Nikkei 400 UCITS ETF Acc,N400,IE00BPRCH686,ETF,USD
Invesco JPX-Nikkei 400 UCITS ETF USD Hdg Acc,N4US,IE00BVGC6751,ETF,USD
Invesco JPX-Nikkei 400 UCITS EUR Hdg Acc ETF,NS4E,IE00BVGC6645,ETF,EUR
Invesco JPX-Nikkei 400 UCITS EUR Hdg Acc ETF,0Y72,IE00BVGC6645,ETF,EUR
Invesco KBW NASDAQ Fintech UCITS ETF Acc,KFTK,IE00BYMS5W68,ETF,EUR
Invesco KBW NASDAQ Fintech UCITS ETF Acc,FTEK,IE00BYMS5W68,ETF,USD
Invesco KBW NASDAQ Fintech UCITS ETF Acc,KFTK,IE00BYMS5W68,ETF,EUR
Invesco Materials S&P US Sel Sector UCITS ETF Acc,XLBS,IE00B3XM3R14,ETF,EUR
Invesco Materials S&P US Sel Sector UCITS ETF Acc,XLBP,IE00B3XM3R14,ETF,GBX
Invesco Materials S&P US Sel Sector UCITS ETF Acc,XLBS,IE00B3XM3R14,ETF,USD
Invesco MDAX UCITS ETF,DEAM,IE00BHJYDV33,ETF,EUR
Invesco Morningstar US En Infra MLP UCITS ETF Acc,SML2,IE00B94ZB998,ETF,EUR
Invesco Morningstar US En Infra MLP UCITS ETF Acc,MLPQ,IE00B94ZB998,ETF,GBX
Invesco Morningstar US En Infra MLP UCITS ETF Acc,MLPS,IE00B94ZB998,ETF,USD
Invesco Morningstar US En Infra MLP UCITS ETF Dist,SMLD,IE00B8CJW150,ETF,EUR
Invesco Morningstar US En Infra MLP UCITS ETF Dist,SML1,IE00B8CJW150,ETF,EUR
Invesco Morningstar US En Infra MLP UCITS ETF Dist,MLPD,IE00B8CJW150,ETF,USD
Invesco Morningstar US En Infra MLP UCITS ETF Dist,MLPP,IE00B8CJW150,ETF,GBX
Invesco Morningstar US En Infra MLP UCITS ETF Dist,MLPD,IE00B8CJW150,ETF,EUR
Invesco MSCI China All Shrs Stk Cnnct UCITS ETFAcc,MCHN,IE00BK80XL30,ETF,USD
Invesco MSCI China All Shrs Stk Cnnct UCITS ETFAcc,MCHN,IE00BK80XL30,ETF,EUR
StSt SPDR S&P 500 UCITS ETF Acc,SPYL,IE000XZSV718,ETF,EUR
StSt SPDR S&P 500 UCITS ETF Acc,SPYL,IE000XZSV718,ETF,EUR
StSt SPDR S&P 500 UCITS ETF Acc,SPYL,IE000XZSV718,ETF,EUR
StSt SPDR S&P 500 UCITS ETF Acc,SPYL,IE000XZSV718,ETF,USD
StSt SPDR S&P 500 UCITS ETF Dist,SPY5,IE00B6YX5C33,ETF,EUR
StSt SPDR S&P 500 UCITS ETF Dist,SPY5,IE00B6YX5C33,ETF,EUR
StSt SPDR S&P 500 UCITS ETF Dist,SPX5,IE00B6YX5C33,ETF,GBP
StSt SPDR S&P 500 UCITS ETF Dist,SPY5,IE00B6YX5C33,ETF,USD
StSt SPDR S&P 500 UCITS ETF Dist,SPY5,IE00B6YX5C33,ETF,EUR
StSt SPDR S&P 500 UCITS ETF Dist,SPY5,IE00B6YX5C33,ETF,CHF
StSt SPDR S&P 500 UCITS ETF Dist,SPY5,IE00B6YX5C33,ETF,EUR
StSt SPDR S&P U.S. Div Aristocrats UCITS ETF Dist,SPYD,IE00B6YX5D40,ETF,EUR
StSt SPDR S&P U.S. Div Aristocrats UCITS ETF Dist,SPYD,IE00B6YX5D40,ETF,EUR
StSt SPDR S&P U.S. Div Aristocrats UCITS ETF Dist,USDV,IE00B6YX5D40,ETF,CHF
StSt SPDR S&P U.S. Div Aristocrats UCITS ETF Dist,UDVD,IE00B6YX5D40,ETF,USD
StSt SPDR S&P U.S. Div Aristocrats UCITS ETF Dist,USDV,IE00B6YX5D40,ETF,GBP
StSt SPDR S&P U.S. Div Aristocrats UCITS ETF Dist,USDV,IE00B6YX5D40,ETF,EUR
StSt SPDR S&P U.S. Energy Sel Sector UCITS ETF Acc,ZPDE,IE00BWBXM492,ETF,EUR
StSt SPDR S&P U.S. Energy Sel Sector UCITS ETF Acc,ZPDE,IE00BWBXM492,ETF,EUR
StSt SPDR S&P U.S. Energy Sel Sector UCITS ETF Acc,SXLE,IE00BWBXM492,ETF,USD
StSt SPDR S&P U.S. Energy Sel Sector UCITS ETF Acc,SXLE,IE00BWBXM492,ETF,EUR
StSt SPDR S&P U.S. Energy Sel Sector UCITS ETF Acc,SXLE,IE00BWBXM492,ETF,USD
StSt SPDR S&P U.S. Energy Sel Sector UCITS ETF Acc,SXLE,IE00BWBXM492,ETF,EUR
StSt SPDR S&P US Com Ser Sel Sector UCITS ETF Acc,SXLC,IE00BFWFPX50,ETF,EUR
StSt SPDR S&P US Con Dis Sel Sector UCITS ETF Acc,ZPDD,IE00BWBXM278,ETF,EUR
StSt SPDR S&P US Con Dis Sel Sector UCITS ETF Acc,ZPDD,IE00BWBXM278,ETF,EUR
StSt SPDR S&P US Con Dis Sel Sector UCITS ETF Acc,SXLY,IE00BWBXM278,ETF,EUR
StSt SPDR S&P US Con Dis Sel Sector UCITS ETF Acc,SXLY,IE00BWBXM278,ETF,USD
StSt SPDR S&P US Con Dis Sel Sector UCITS ETF Acc,SXLY,IE00BWBXM278,ETF,EUR
StSt SPDR S&P US Con Dis Sel Sector UCITS ETF Acc,SXLY,IE00BWBXM278,ETF,USD
StSt SPDR S&P US Con St Sel Sector UCITS ETF Acc,ZPDS,IE00BWBXM385,ETF,EUR
StSt SPDR S&P US Con St Sel Sector UCITS ETF Acc,SXLP,IE00BWBXM385,ETF,EUR
StSt SPDR S&P US Con St Sel Sector UCITS ETF Acc,SXLP,IE00BWBXM385,ETF,USD
StSt SPDR S&P US Con St Sel Sector UCITS ETF Acc,SXLP,IE00BWBXM385,ETF,EUR
StSt SPDR S&P US Con St Sel Sector UCITS ETF Acc,SXLP,IE00BWBXM385,ETF,USD
StSt SPDR S&P US Financials Sel Sctr UCITS ETF Acc,ZPDF,IE00BWBXM500,ETF,EUR
StSt SPDR S&P US Financials Sel Sctr UCITS ETF Acc,ZPDF,IE00BWBXM500,ETF,EUR
StSt SPDR S&P US Financials Sel Sctr UCITS ETF Acc,SXLF,IE00BWBXM500,ETF,EUR
StSt SPDR S&P US Financials Sel Sctr UCITS ETF Acc,SXLF,IE00BWBXM500,ETF,USD
StSt SPDR S&P US Financials Sel Sctr UCITS ETF Acc,SXLF,IE00BWBXM500,ETF,EUR
StSt SPDR S&P US Financials Sel Sctr UCITS ETF Acc,SXLF,IE00BWBXM500,ETF,USD
StSt SPDR S&P US Health Cr Sel Sctr UCITS ETF Acc,ZPDH,IE00BWBXM617,ETF,EUR
StSt SPDR S&P US Health Cr Sel Sctr UCITS ETF Acc,ZPDH,IE00BWBXM617,ETF,EUR
StSt SPDR S&P US Health Cr Sel Sctr UCITS ETF Acc,SXLV,IE00BWBXM617,ETF,EUR
StSt SPDR S&P US Health Cr Sel Sctr UCITS ETF Acc,SXLV,IE00BWBXM617,ETF,USD
StSt SPDR S&P US Health Cr Sel Sctr UCITS ETF Acc,SXLV,IE00BWBXM617,ETF,EUR
StSt SPDR S&P US Health Cr Sel Sctr UCITS ETF Acc,SXLV,IE00BWBXM617,ETF,USD
StSt SPDR S&P US Industs Sel Sctr UCITS ETF Acc,ZPDI,IE00BWBXM724,ETF,EUR
StSt SPDR S&P US Industs Sel Sctr UCITS ETF Acc,SXLI,IE00BWBXM724,ETF,EUR
StSt SPDR S&P US Industs Sel Sctr UCITS ETF Acc,SXLI,IE00BWBXM724,ETF,USD
Xtrackers MSCI Japan UCITS 1C ETF,DBXJ,LU0274209740,ETF,EUR
Xtrackers MSCI Japan UCITS 4C EUR Hedged ETF,XMK9,LU0659580079,ETF,EUR
Xtrackers MSCI Japan UCITS 4C EUR Hedged ETF,XMK9,LU0659580079,ETF,EUR
Xtrackers MSCI Japan UCITS 4C EUR Hedged ETF,XMK9,LU0659580079,ETF,EUR
Xtrackers MSCI Japan UCITS ETF 2D HUSD,XMUJ,LU0927735406,ETF,USD
Xtrackers MSCI Japan UCITS ETF 2D HUSD,XMUJ,LU0927735406,ETF,USD
Xtrackers MSCI Japan UCITS ETF 7C HCHF,XMCJ,LU1215827756,ETF,CHF
Xtrackers MSCI Korea UCITS 1C ETF,DBX8,LU0292100046,ETF,EUR
Xtrackers MSCI Korea UCITS 1C ETF,XKS2,LU0292100046,ETF,GBX
Xtrackers MSCI Korea UCITS 1C ETF,XKSD,LU0292100046,ETF,USD
Xtrackers MSCI Korea UCITS 1C ETF,DBX8,LU0292100046,ETF,EUR
Xtrackers MSCI Korea UCITS 1C ETF,XMKO,LU0292100046,ETF,EUR
Xtrackers MSCI Malaysia UCITS 1C ETF,XCS3,LU0514694370,ETF,EUR
Xtrackers MSCI Malaysia UCITS 1C ETF,XCS3,LU0514694370,ETF,USD
Xtrackers MSCI Malaysia UCITS 1C ETF,XCX3,LU0514694370,ETF,GBX
Xtrackers MSCI Malaysia UCITS 1C ETF,XCS3,LU0514694370,ETF,EUR
Xtrackers MSCI Mexico UCITS 1C ETF,D5BI,LU0476289466,ETF,EUR
Xtrackers MSCI Mexico UCITS 1C ETF,XMEX,LU0476289466,ETF,CHF
Xtrackers MSCI Mexico UCITS 1C ETF,XMES,LU0476289466,ETF,USD
Xtrackers MSCI Mexico UCITS 1C ETF,XMEX,LU0476289466,ETF,GBX
Xtrackers MSCI Mexico UCITS 1C ETF,XMEX,LU0476289466,ETF,EUR
Xtrackers MSCI Mexico UCITS 1C ETF,D5BI,LU0476289466,ETF,EUR
Xtrackers MSCI Next Generation Internet Innovation UCITS ETF,XNGI,IE000XOQ9TK4,ETF,EUR
Xtrackers MSCI Next Generation Internet Innovation UCITS ETF,XNGI,IE000XOQ9TK4,ETF,EUR
Xtrackers MSCI Next Generation Internet Innovation UCITS ETF,XNGI,IE000XOQ9TK4,ETF,EUR
Xtrackers MSCI Nordic UCITS 1D ETF,XDN0,IE00B9MRHC27,ETF,EUR
Xtrackers MSCI Nordic UCITS 1D ETF,XDN0,IE00B9MRHC27,ETF,EUR
Xtrackers MSCI North America High Dividend Yield UCITS 1C ETF,XDND,IE00BH361H73,ETF,EUR
Xtrackers MSCI North America High Dividend Yield UCITS 1C ETF,XDND,IE00BH361H73,ETF,EUR
Xtrackers MSCI Pacific ex Japan Screened UCITS 1C ETF,DXS6,LU0322252338,ETF,EUR
Xtrackers MSCI Pacific ex Japan Screened UCITS 1C ETF,XPXD,LU0322252338,ETF,USD
Xtrackers MSCI Pacific ex Japan Screened UCITS 1C ETF,XPXJ,LU0322252338,ETF,GBX
Xtrackers MSCI Pacific ex Japan Screened UCITS 1C ETF,XPXJ,LU0322252338,ETF,EUR
Xtrackers MSCI Pacific ex Japan Screened UCITS 1C ETF,DXS6,LU0322252338,ETF,EUR
Xtrackers MSCI Philippines UCITS 1C ETF,XPQP,LU0592215403,ETF,EUR
Xtrackers MSCI Philippines UCITS 1C ETF,XPHI,LU0592215403,ETF,USD
Xtrackers MSCI Philippines UCITS 1C ETF,XPHG,LU0592215403,ETF,GBX
Xtrackers MSCI Taiwan UCITS 1C ETF,DBX5,LU0292109187,ETF,EUR
Xtrackers MSCI Taiwan UCITS 1C ETF,DBX5,LU0292109187,ETF,EUR
Xtrackers MSCI Taiwan UCITS 1C ETF,XMTD,LU0292109187,ETF,USD
Xtrackers MSCI Taiwan UCITS 1C ETF,XMTW,LU0292109187,ETF,GBX
Xtrackers MSCI Taiwan UCITS 1C ETF,XMTW,LU0292109187,ETF,CHF
Xtrackers MSCI Thailand UCITS 1C ETF,XCS4,LU0514694701,ETF,EUR
Xtrackers MSCI Thailand UCITS 1C ETF,XCS4,LU0514694701,ETF,USD
Xtrackers MSCI Thailand UCITS 1C ETF,XCX4,LU0514694701,ETF,GBX
Xtrackers MSCI Thailand UCITS 1C ETF,XCS4,LU0514694701,ETF,EUR
Xtrackers MSCI UK ESG UCITS ETF,DBXZ,LU0292097747,ETF,EUR
Xtrackers MSCI UK ESG UCITS ETF,XASX,LU0292097747,ETF,GBX
Xtrackers MSCI UK ESG UCITS ETF,DBXZ,LU0292097747,ETF,EUR
Xtrackers MSCI USA Banks ETF,XUFB,IE00BDVPTJ63,ETF,EUR
Amundi Global Gender Equality,VOOM,LU1691909508,ETF,EUR
Amundi Global Gender Equality,ELLE,LU1691909508,ETF,EUR
Amundi Global Gender Equality,VOOM,LU1691909508,ETF,EUR
Amundi Global Gender Equality,ELLE,LU1691909508,ETF,USD
Amundi Global HY Corp Bond ESG UCITS ETF DR HEUR C,GHYEH,LU2099296274,ETF,EUR
Amundi Global HY Corp Bond ESG UCITS ETF DR USD,GHYU,LU2099295466,ETF,USD
Amundi Global Hydrogen UCITS ETF Acc,AMEE,FR0010930644,ETF,EUR
Amundi Global Hydrogen UCITS ETF Acc,AMEE,FR0010930644,ETF,EUR
Amundi Global Hydrogen UCITS ETF Acc,ANRJ,FR0010930644,ETF,EUR
Amundi Global Hydrogen UCITS ETF Acc,ANRJ,FR0010930644,ETF,GBX
Amundi Global Luxury UCITS ETF EUR Acc,GLUX,LU1681048630,ETF,EUR
Amundi Global Luxury UCITS ETF EUR Acc,GLUX,LU1681048630,ETF,EUR
Amundi Global Luxury UCITS ETF EUR Acc,GLUX,LU1681048630,ETF,EUR
Amundi Global Luxury UCITS ETF EUR Acc,GLUX,LU1681048630,ETF,EUR
Amundi Global Luxury UCITS ETF EUR Acc,AMGLUX,LU1681048630,ETF,EUR
Amundi Global Luxury UCITS ETF USD Acc,LUXU,LU1681048713,ETF,USD
Amundi IBEX 35 DobleInversoD-2x UCITS ETF Acc,2INVE,FR0011036268,ETF,EUR
Amundi IBEX 35 UCITS ETF - Acc,AMES,FR0010655746,ETF,EUR
Amundi IBEX 35 UCITS ETF - Acc,AMIBX,FR0010655746,ETF,EUR
Amundi IBEX 35 UCITS ETF - Acc,CS1,FR0010655746,ETF,EUR
Amundi IBEX 35 UCITS ETF - Acc,CS1,FR0010655746,ETF,GBX
Amundi IBEX 35 UCITS ETF - Acc,AMES,FR0010655746,ETF,EUR
Amundi IBEX35 DobleApalancadoDiario2x UCITS ETF A,IBEXA,FR0011042753,ETF,EUR
Amundi Italy BTP Daily-2x Inverse UCITS ETF Acc,BTPS,FR0011023621,ETF,EUR
Amundi Italy BTP Daily-2x Inverse UCITS ETF Acc,BTP2S,FR0011023621,ETF,EUR
Amundi Italy BTP Government Bond 1-3Y UCITS ETF D,BTP13,LU1598691050,ETF,EUR
Amundi Italy BTP Government Bond 10Y UCITS ETF A,BTP10,LU1598691217,ETF,EUR
Amundi Japan TOPIX II UCITS ETF EUR Dist,LYY4,FR0010245514,ETF,EUR
Amundi Japan TOPIX II UCITS ETF EUR Dist,JPN,FR0010245514,ETF,EUR
Amundi Japan TOPIX II UCITS ETF EUR Dist,LYY4,FR0010245514,ETF,EUR
Amundi Japan TOPIX II UCITS ETF EUR Dist,JPN,FR0010245514,ETF,EUR
Amundi Japan TOPIX II UCITS ETF EUR Dist,JPNU,FR0010245514,ETF,USD
Amundi Japan TOPIX II UCITS ETF EUR Dist,JPNL,FR0010245514,ETF,GBX
Amundi Japan TOPIX II UCITS ETF Hedged EUR Dist,JPNH,FR0011475078,ETF,EUR
Amundi Japan TOPIX II UCITS ETF Hedged EUR Dist,JPNH,FR0011475078,ETF,EUR
Amundi Japan TOPIX II UCITS ETF Hedged EUR Dist,JPNH,FR0011475078,ETF,EUR
Amundi Japan TOPIX II UCITS ETF Hedged EUR Dist,JPNH,FR0011475078,ETF,EUR
Amundi Japan TOPIX II UCITS ETF Hedged EUR Dist,0XC2,FR0011475078,ETF,EUR
Amundi Japan Topix UCITS ETF - daily Hdgd EUR (C),TTPX,LU1681037864,ETF,EUR
Amundi Japan Topix UCITS ETF - daily Hdgd EUR (C),TPXH ,LU1681037864,ETF,EUR
Amundi Japan Topix UCITS ETF - EUR,TPXE,LU1681037609,ETF,EUR
Amundi Japan Topix UCITS ETF - JPY (C),TPXU,LU1681037781,ETF,USD
Amundi JPX-Nikkei 400 UCITS ETF - Dly Hdgd EUR (C),JP4H,LU1681039134,ETF,EUR
Amundi JPX-Nikkei 400 UCITS ETF - Dly Hdgd EUR (C),JPHE,LU1681039134,ETF,EUR
Amundi JPX-Nikkei 400 UCITS ETF - EUR (C),JPNK ,LU1681038912,ETF,EUR
Amundi JPX-Nikkei 400 UCITS ETF - EUR (C),JP40,LU1681038912,ETF,EUR
Amundi LevDax Daily (2x) leveraged UCITS Acc ETF,LVD,LU0252634307,ETF,EUR
Amundi LevDax Daily (2x) leveraged UCITS Acc ETF,LYY8,LU0252634307,ETF,EUR
Amundi LevDax Daily (2x) leveraged UCITS Acc ETF,LYLVD,LU0252634307,ETF,EUR
Amundi LevDax Daily (2x) leveraged UCITS Acc ETF,DAXLE,LU0252634307,ETF,EUR
iShares US Equity Enhanced Active UCITS ETF USD Ac,USEE,IE0009VWHAE6,ETF,USD
iShares US Equity Enhanced Active UCITS ETF USD Ac,USEE,IE0009VWHAE6,ETF,GBP
iShares US Equity High Income Actv UCITS ETF USD A,INCI,IE0007FM00T9,ETF,USD
iShares US Equity High Income Actv UCITS ETF USD A,INCI,IE0007FM00T9,ETF,EUR
iShares US Equity High Income Actv UCITS ETF USD D,INCU,IE000WHL2ZK1,ETF,EUR
iShares US Large Cap Mod Bffr Dec UCITS ETF USD Ac,TEND,IE000Z5YU8X3,ETF,GBP
iShares US Large Cap Mod Bffr Dec UCITS ETF USD Ac,TEND,IE000Z5YU8X3,ETF,EUR
iShares US Large CapMax Bffr Dec UCITS ETF USD Acc,MAXD,IE000Y1595P8,ETF,GBP
iShares US Large CapMax Bffr Dec UCITS ETF USD Acc,MAXD,IE000Y1595P8,ETF,EUR
iShares US Medical Devices UCITS ETF USD (Acc),UMDV,IE00BMX0DF60,ETF,USD
iShares US Mortgage Backed Sec UCITS ETF EUR Hgd A,IMBE,IE00BKP5L409,ETF,EUR
iShares US Mortgage Backed Sec UCITS ETF USD A,IMBA,IE00BYXYYN70,ETF,USD
iShares US Mortgage Backed Sec UCITS ETF USD A,IMBA,IE00BYXYYN70,ETF,CHF
iShares US Mortgage Backed Sec UCITS ETF USD D,QDVP,IE00BZ6V7883,ETF,EUR
iShares US Mortgage Backed Sec UCITS ETF USD D,IMBS,IE00BZ6V7883,ETF,USD
iShares US Mortgage Backed Sec UCITS ETF USD D,SMBS,IE00BZ6V7883,ETF,GBX
iShares US Mortgage Backed Sec UCITS ETF USD D,QDVP,IE00BZ6V7883,ETF,EUR
iShares US Mortgage Backed Sec UCITS ETF USD D,IMBS,IE00BZ6V7883,ETF,USD
iShares US Mortgage Backed Securities UCITS EUR Hedged (Dist) ETF,CEBW,IE000EEJLWG1,ETF,EUR
iShares US Property Yield UCITS ETF USD (Dist),IQQ7,IE00B1FZSF77,ETF,EUR
iShares US Property Yield UCITS ETF USD (Dist),IUSP,IE00B1FZSF77,ETF,EUR
iShares US Property Yield UCITS ETF USD (Dist),IUSP,IE00B1FZSF77,ETF,EUR
iShares US Property Yield UCITS ETF USD (Dist),IDUP,IE00B1FZSF77,ETF,USD
iShares US Property Yield UCITS ETF USD (Dist),IUSP,IE00B1FZSF77,ETF,GBX
iShares US Property Yield UCITS ETF USD (Dist),IQQ7,IE00B1FZSF77,ETF,EUR
iShares US Property Yield UCITS ETF USD (Dist),IUSP,IE00B1FZSF77,ETF,USD
iShares USD Corp Bond 0-3yr ESG UCITS EUR Hedged (Acc) ETF,IU0E,IE00BG5QQ390,ETF,EUR
iShares USD Corp Bond 0-3yr ESG UCITS EUR Hedged (Acc) ETF,IU0E,IE00BG5QQ390,ETF,EUR
iShares USD Development Bank Bonds UCITS EUR Hedged (Acc) ETF,UEEG,IE00BMCZLH06,ETF,EUR
iShares USD Development Bank Bonds UCITS EUR Hedged (Acc) ETF,UEEG,IE00BMCZLH06,ETF,EUR
iShares USD High Yield Corp Bond UCITS EUR Hedged (Dist) ETF,IBC2,IE00BF3N7102,ETF,EUR
iShares USD High Yield Corp Bond UCITS EUR Hedged (Dist) ETF,IHYE,IE00BF3N7102,ETF,EUR
iShares USD High Yield Corp Bond UCITS EUR Hedged (Dist) ETF,IBC2,IE00BF3N7102,ETF,EUR
iShares USD High Yield Corp Bond UCITS EUR Hedged (Dist) ETF,IHYE,IE00BF3N7102,ETF,EUR
iShares USD Short Duration Corp Bond UCITS EUR Hedged (Acc) ETF,CEBU,IE000AWT6D61,ETF,EUR
iShares USD TIPS 0-5 UCITS EUR Hedged (Dist) UCITS ETF,CBUL,IE000WIQIPT2,ETF,EUR
iShares USD TIPS 0-5 UCITS EUR Hedged (Dist) UCITS ETF,CBUL,IE000WIQIPT2,ETF,EUR
iShares USD TIPS UCITS EUR Hedged (Acc) ETF,IBC5,IE00BDZVH966,ETF,EUR
iShares USD TIPS UCITS EUR Hedged (Acc) ETF,0TPE,IE00BDZVH966,ETF,EUR
iShares USD TIPS UCITS EUR Hedged (Acc) ETF,IBC5,IE00BDZVH966,ETF,EUR
iShares USD Treasury Bond 3-7yr UCITS EUR Hedged (Dist) ETF,CBUE,IE00BGPP6473,ETF,EUR
iShares USD Treasury Bond 3-7yr UCITS EUR Hedged (Dist) ETF,CBUE,IE00BGPP6473,ETF,EUR
iShares USD Treasury Bond 3-7yr UCITS USD (Dist) ETF,OM3M,IE00BFXYHY63,ETF,EUR
iShares USD Treasury Bond 3-7yr UCITS USD (Dist) ETF,OM3M,IE00BFXYHY63,ETF,USD
iShares USD Treasury Bond 7-10yr UCITS EUR Hedged (Dist) ETF,IBB1,IE00BGPP6697,ETF,EUR
iShares World Eqt High Income Actv UCITS ETF USD A,WINA,IE0000P0RPE6,ETF,EUR
iShares World Eqt High Income Actv UCITS ETF USD A,WINA,IE0000P0RPE6,ETF,USD
iShares World Eqt High Income Actv UCITS ETF USD A,WINA,IE0000P0RPE6,ETF,EUR
iShares World Eqt High Income Actv UCITS ETF USD D,WINC,IE000KJPDY61,ETF,EUR
iShares World Equity Enhanced Active UCITS ETF USD (Acc),WOEE,IE000D8XC064,ETF,EUR
WisdomTree Broad Com 1X Dly Shrt ETC,SALL,JE00B24DKT75,ETF,USD
WisdomTree Broad Commodities - EUR Daily Hedged ETC,00XA,JE00B78NNS84,ETF,EUR
WisdomTree Broad Commodities ETC,OD7V,GB00B15KY989,ETF,EUR
WisdomTree Broad Commodities ETC,AIGC,GB00B15KY989,ETF,EUR
WisdomTree Broad Commodities ETC,AGCP,GB00B15KY989,ETF,GBX
WisdomTree Broad Commodities ETC,AIGC,GB00B15KY989,ETF,USD
WisdomTree Broad Commodities ETC,OOEI,GB00B15KY989,ETF,EUR
WisdomTree Broad Commodities ETC,AIGCP,GB00B15KY989,ETF,EUR
Wisdomtree Broad Commodities ETC,FAIG,JE00B24DMC49,ETF,USD
Wisdomtree Broad Commodities ETC,0FNG,JE00B24DMC49,ETF,EUR
WisdomTree Broad Commodities Longer Dated - EUR Daily Hedged ETC,EFCM,JE00B460QR00,ETF,EUR
WisdomTree Broad Commodities UCITS ETF USD Acc,PCOM,IE00BKY4W127,ETF,EUR
Wisdomtree Broad Ex-Agri.&Livest ETC,OOEQ,JE00B6SV8B36,ETF,EUR
Wisdomtree Btp 10Y 3X Daily Leveraged,3BTL,IE00BKT09149,ETF,EUR
Wisdomtree Btp 10Y 3X Daily Short,3BTS,IE00BKS8QM96,ETF,EUR
Wisdomtree Bund 10Y 3X Daily Leveraged,3BUL,IE00BKT09255,ETF,EUR
Wisdomtree Bund 10Y 3X Daily Short,SBU3,IE00BKS8QN04,ETF,EUR
WisdomTree Bund 30Y 3x Short Daily ETP,XMWH,IE00BF4TW453,ETF,EUR
WisdomTree CAC 40 3x Daily Leveraged ETN,3CAC,XS2637077020,ETF,EUR
WisdomTree CAC 40 3x Daily Leveraged ETN,3LV,XS2637077020,ETF,EUR
WisdomTree CAC 40 3x Daily Short ETN,3CAS,XS2637077533,ETF,EUR
WisdomTree CAC 40 3x Daily Short ETN,3DEC,XS2637077533,ETF,EUR
WisdomTree California Carbon ETC,WCCA,JE00BNG8LN89,ETF,EUR
WisdomTree California Carbon ETC,WCCA,JE00BNG8LN89,ETF,USD
Wisdomtree Carbon ETC,WCO2,JE00BP2PWW32,ETF,EUR
Wisdomtree Carbon ETC,CARP,JE00BP2PWW32,ETF,GBX
Wisdomtree Carbon ETC,WCO2,JE00BP2PWW32,ETF,EUR
Wisdomtree Carbon ETC,CARB,JE00BP2PWW32,ETF,EUR
WisdomTree Cloud Computing UCITS ETF USD Acc,WTEJ,IE00BJGWQN72,ETF,EUR
WisdomTree Cloud Computing UCITS ETF USD Acc,WCLD,IE00BJGWQN72,ETF,USD
WisdomTree Cloud Computing UCITS ETF USD Acc,WCLD,IE00BJGWQN72,ETF,EUR
WisdomTree Cloud Computing UCITS ETF USD Acc,WTEJ,IE00BJGWQN72,ETF,EUR
WisdomTree Cloud Computing UCITS ETF USD Acc,WCLD,IE00BJGWQN72,ETF,EUR
Wisdomtree Cocoa ETC,0FHM,JE00B2QXZK10,ETF,EUR
Wisdomtree Cocoa ETC,COCO,JE00B2QXZK10,ETF,EUR
Wisdomtree Cocoa ETC,COCO,JE00B2QXZK10,ETF,USD
Wisdomtree Cocoa Leveraged ETC,4RUP,JE00B2NFV803,ETF,EUR
Wisdomtree Cocoa Leveraged ETC,LCOC,JE00B2NFV803,ETF,EUR
Wisdomtree Cocoa Leveraged ETC,LCOC,JE00B2NFV803,ETF,USD
Wisdomtree Cocoa Leveraged ETC,00EN,JE00B2NFV803,ETF,EUR
WisdomTree Coffee - EUR Daily Hedged ETC,ECOF,JE00B6TK3K31,ETF,EUR
WisdomTree Coffee 2X Daily Leveraged ETC,4RT2,JE00B2NFTD12,ETF,EUR
WisdomTree Coffee 2X Daily Leveraged ETC,LCFE,JE00B2NFTD12,ETF,EUR
WisdomTree Coffee 2X Daily Leveraged ETC,LCFE,JE00B2NFTD12,ETF,USD
WisdomTree Coffee 2X Daily Leveraged ETC,00EL,JE00B2NFTD12,ETF,EUR
WisdomTree Coffee 3x Daily Leveraged ETC,0LKR,JE00BYQY3Z98,ETF,EUR
WisdomTree Coffee 3x Daily Leveraged ETC,3CFL,JE00BYQY3Z98,ETF,EUR
Wisdomtree Coffee ETC,OD7B,JE00BN7KB557,ETF,EUR
Wisdomtree Coffee ETC,OD7B,JE00BN7KB557,ETF,EUR
Wisdomtree Coffee ETC,COFF,JE00BN7KB557,ETF,EUR
Leverage Shares -3X SHORT APPLE,3SAA,XS2472334742,ETF,EUR
Leverage Shares -3X SHORT CHINA,S3CH,XS2472196505,ETF,EUR
Leverage Shares -3X SHORT CHINA,CHNS,XS2472196505,ETF,USD
Leverage Shares -3x Short Coinbase (COIN) ETP,CO3S,XS3107206156,ETF,USD
Leverage Shares -3x Short India,SIN3,XS2595675567,ETF,EUR
Leverage Shares -3x Short India,INDS,XS2595675567,ETF,USD
Leverage Shares -3x Short Meta,FB3S,XS2800709557,ETF,EUR
Leverage Shares -3x Short Oil & Gas,SXLG,XS2399370803,ETF,EUR
Leverage Shares -3X SOUTH KOREA,KORS,XS2472196331,ETF,USD
Leverage Shares -3X SOUTH KOREA,SKOR,XS2472196331,ETF,EUR
Leverage Shares -3X TAIWAN,3TSA,XS2472196760,ETF,EUR
Leverage Shares -3X TAIWAN,TAIS,XS2472196760,ETF,USD
Leverage Shares -5x Short 20+ Year Treasury Bond,5STL,XS2595672382,ETF,EUR
Leverage Shares -5x Short 20+ Year Treasury Bond,TL5S,XS2595672382,ETF,USD
Leverage Shares -5x Short 7-10 Year Treasury Bond,5SIE,XS2595671905,ETF,EUR
Leverage Shares -5x Short 7-10 Year Treasury Bond,IE5S,XS2595671905,ETF,USD
Leverage Shares -5x short Nasdaq 100 ETP,QQ3S,XS2399364319,ETF,USD
Leverage Shares -5x Short TIPS Inflation Protected US Bond,5STI,XS2595671657,ETF,EUR
Leverage Shares -5x Short TIPS Inflation Protected US Bond,TI5S,XS2595671657,ETF,USD
Leverage Shares 1x Alphabet,GOOG,XS2337100163,ETF,EUR
Leverage Shares 1x Amazon,AMZN,XS2337104231,ETF,EUR
Leverage Shares 1x ARK NextGen Internet,NGTE,XS2399368575,ETF,EUR
Leverage Shares 1x Microsoft,MSFT,XS2337100320,ETF,EUR
Leverage Shares 1x Tesla,TSLA,XS2337093798,ETF,EUR
Leverage Shares 1x Tesla ETP,STSL,XS2944886931,ETF,GBX
Leverage Shares 1x Tesla ETP,TSLS,XS2944886931,ETF,USD
Leverage shares 2X Alibaba Etp,2BAB,IE00BK5C1C97,ETF,EUR
Leverage Shares 2x Alphabet,2GOO,IE00BF01VY89,ETF,EUR
Leverage Shares 2x Amazon,2AMZ,IE00BF03XH11,ETF,EUR
Leverage Shares 2x Amazon,AMZ2,IE00BF03XH11,ETF,USD
Leverage Shares 2x Amazon,2AMZ,IE00BF03XH11,ETF,GBX
Leverage shares 2X AMD,2AMD,IE00BKT6ZG93,ETF,EUR
Leverage shares 2X AMD Etp,AMD2,IE00BKT6ZG93,ETF,USD
Leverage Shares 2x Meta,2FB,IE00BF03XP94,ETF,EUR
Leverage Shares 2x Netflix ETP Securities,NFL2,IE00BD09ZW40,ETF,USD
Leverage Shares 2x Tesla ETP,TSL2,IE00BK5BZY66,ETF,USD
Leverage Shares 2x Tesla ETP,2TSL,IE00BK5BZY66,ETF,EUR
Leverage Shares 2x Visa ETP Securities ETN,VISE,IE00BD09ZV33,ETF,EUR
Leverage Shares 2x Visa ETP Securities ETN,VIS2,IE00BD09ZV33,ETF,USD
Leverage Shares 3x Alibaba,3BAB,XS2337090851,ETF,EUR
Leverage Shares 3x Alphabet,3GOO,IE00BK5BZX59,ETF,EUR
Leverage Shares 3x Amazon,3AMZ,IE00BK5BZQ82,ETF,EUR
LEVERAGE SHARES 3x AMD ETP,3AMD,XS2337090422,ETF,EUR
LEVERAGE SHARES 3x AMD ETP,AMD3,XS2337090422,ETF,USD
Leverage Shares 3x Apple,3AAP,IE00BK5BZS07,ETF,EUR
Leverage Shares 3x Apple,3AAP,IE00BK5BZS07,ETF,GBX
Leverage Shares 3x ARM,ARM3,XS2691006303,ETF,USD
Leverage Shares 3x Baidu ETP,BID3,XS2757381749,ETF,USD
Leverage Shares 3x Long ARK Innovation,3ARKK,XS2663694847,ETF,EUR
Leverage Shares 3x Long Artificial Intelligence,GPT3,XS2779861751,ETF,EUR
Xtrackers II Glbal Infl-Lnkd Bnd UCITS ETF 3D HGBP,XGIG,LU0641007264,ETF,GBX
Xtrackers II Glbal Infl-Lnkd Bnd UCITS ETF 4D HCHF,XG7G,LU0641007421,ETF,CHF
Xtrackers II Global Government Bond UCITS 1C EUR Hedged ETF,DBZB,LU0378818131,ETF,EUR
Xtrackers II Global Government Bond UCITS 1C EUR Hedged ETF,DBZB,LU0378818131,ETF,EUR
Xtrackers II Global Government Bond UCITS 1C EUR Hedged ETF,XGSH,LU0378818131,ETF,EUR
Xtrackers II Global Government Bond UCITS 1C EUR Hedged ETF,0MV9,LU0378818131,ETF,EUR
Xtrackers II Global Government Bond UCITS 1D EUR Hedged ETF,XGVD,LU0690964092,ETF,EUR
Xtrackers II Global Government Bond UCITS 1D EUR Hedged ETF,XGVD,LU0690964092,ETF,EUR
Xtrackers II Global Government Bond UCITS 1D EUR Hedged ETF,XGVD,LU0690964092,ETF,EUR
Xtrackers II Global Government Bond UCITS 5C ETF,XG7S,LU0908508731,ETF,EUR
Xtrackers II Global Government Bond UCITS 5C ETF,XGGB,LU0908508731,ETF,USD
Xtrackers II Global Government Bond UCITS 5C ETF,XG7S,LU0908508731,ETF,EUR
Xtrackers II Global Government Bond UCITS 5C ETF,XG7S,LU0908508731,ETF,GBX
Xtrackers II Global Government Bond UCITS 5C ETF,XG7S,LU0908508731,ETF,EUR
Xtrackers II Global Inflation-Linked Bond UCITS 1C EUR Hedged ETF,DBXH,LU0290357929,ETF,EUR
Xtrackers II Global Inflation-Linked Bond UCITS 1C EUR Hedged ETF,DBXH,LU0290357929,ETF,EUR
Xtrackers II Global Inflation-Linked Bond UCITS 1C EUR Hedged ETF,XGIN,LU0290357929,ETF,EUR
Xtrackers II Global Inflation-Linked Bond UCITS 1D EUR Hedged ETF,XGII,LU0962078753,ETF,EUR
Xtrackers II Global Inflation-Linked Bond UCITS 1D EUR Hedged ETF,XGII,LU0962078753,ETF,EUR
Xtrackers II Global Inflation-Linked Bond UCITS 5C ETF,XGIU,LU0908508814,ETF,EUR
Xtrackers II Global Inflation-Linked Bond UCITS 5C ETF,XGIU,LU0908508814,ETF,EUR
Xtrackers II Global Inflation-Linked Bond UCITS 5C ETF,XGIU,LU0908508814,ETF,GBX
Xtrackers II Global Inflation-Linked Bond UCITS 5C ETF,XGIU,LU0908508814,ETF,EUR
Xtrackers II Harvest China Government Bond UCITS 1D ETF,CGB,LU1094612022,ETF,EUR
Xtrackers II Harvest China Government Bond UCITS 1D ETF,CGB,LU1094612022,ETF,EUR
Xtrackers II iBoxx Eurozone Government Bond Yield Plus 1-3 UCITS 1C ETF,XYP1,LU0925589839,ETF,EUR
Xtrackers II iBoxx Eurozone Government Bond Yield Plus 1-3 UCITS 1C ETF,0DZ5,LU0925589839,ETF,EUR
Xtrackers II iBoxx Eurozone Government Bond Yield Plus 1-3 UCITS 1C ETF,XYP1,LU0925589839,ETF,EUR
Xtrackers II iBoxx Eurozone Government Bond Yield Plus 1-3 UCITS 1C ETF,XYP1,LU0925589839,ETF,EUR
Xtrackers II iBoxx Eurozone Government Bond Yield Plus UCITS 1C ETF,XY4P,LU0524480265,ETF,EUR
Xtrackers II iBoxx Eurozone Government Bond Yield Plus UCITS 1C ETF,XY4P,LU0524480265,ETF,EUR
Xtrackers II iBoxx Eurozone Government Bond Yield Plus UCITS 1C ETF,XY4P,LU0524480265,ETF,EUR
Xtrackers II iBoxx Eurozone Government Bond Yield Plus UCITS 1C ETF,0MVR,LU0524480265,ETF,EUR
Xtrackers II iBoxx Eurozone Government Bond Yield Plus UCITS 1D ETF,XYPD,LU0962071741,ETF,EUR
Xtrackers II iBoxx Eurozone Government Bond Yield Plus UCITS 1D ETF,XYPD,LU0962071741,ETF,EUR
Xtrackers II iBoxx Germany Covered Bond Swap UCITS 1C ETF,DXSW,LU0321463506,ETF,EUR
Xtrackers II iBoxx Germany Covered Bond Swap UCITS 1C ETF,DXSW,LU0321463506,ETF,EUR
Xtrackers II iTraxx Crossover Short Daily Swap UCITS 1C ETF,DXST,LU0321462870,ETF,EUR
Xtrackers II iTraxx Crossover Short Daily Swap UCITS 1C ETF,XTC5,LU0321462870,ETF,EUR
Xtrackers II J.P. Morgan USD Emerging Markets Bond UCITS 1C - EUR Hedged ETF,DXSU,LU0321462953,ETF,EUR
Xtrackers II J.P. Morgan USD Emerging Markets Bond UCITS 1C - EUR Hedged ETF,XEMB,LU0321462953,ETF,EUR
Xtrackers II J.P. Morgan USD Emerging Markets Bond UCITS 1C - EUR Hedged ETF,DXSU,LU0321462953,ETF,EUR
Xtrackers II J.P. Morgan USD Emerging Markets Bond UCITS 1C - EUR Hedged ETF,XEMB,LU0321462953,ETF,EUR
Xtrackers II J.P. Morgan USD Emerging Markets Bond UCITS 2D ETF,XUEM,LU0677077884,ETF,EUR
Xtrackers II J.P. Morgan USD Emerging Markets Bond UCITS 2D ETF,XUEM,LU0677077884,ETF,EUR
Xtrackers II J.P. Morgan USD Emerging Markets Bond UCITS 2D ETF,XUEM,LU0677077884,ETF,USD
Xtrackers II J.P. Morgan USD Emerging Markets Bond UCITS 2D ETF,XUEM,LU0677077884,ETF,EUR
Xtrackers II Japan Government Bond UCITS 1C ETF,XJSE,LU0952581584,ETF,EUR
Xtrackers II Japan Government Bond UCITS 1C ETF,XJSE,LU0952581584,ETF,EUR
Xtrackers II Japan Government Bond UCITS 1C ETF,XJSE,LU0952581584,ETF,EUR
iShares   Corp Bond Interest Rate Hedged ESG SRI UCITS ETF,EHYA,IE00BJK55C48,ETF,EUR
iShares   Corp Bond Interest Rate Hedged ESG SRI UCITS ETF,AYE2,IE00BJK55C48,ETF,EUR
iShares   Corp Bond Large Cap UCITS ETF EUR Dist,IBCS,IE0032523478,ETF,EUR
iShares   Corp Bond Large Cap UCITS ETF EUR Dist,IBCX ,IE0032523478,ETF,EUR
iShares   Corp Bond Large Cap UCITS ETF EUR Dist,IBCX,IE0032523478,ETF,EUR
iShares   Corp Bond Large Cap UCITS ETF EUR Dist,IBCX,IE0032523478,ETF,EUR
iShares   Corp Bond Large Cap UCITS ETF EUR Dist,IBCX,IE0032523478,ETF,CHF
iShares   Corp Bond Large Cap UCITS ETF EUR Dist,IBCS,IE0032523478,ETF,EUR
iShares   Cp Bd IntRt Hedg ESG SRI UCITS ETF EURD,IS0Y,IE00B6X2VY59,ETF,EUR
iShares   Cp Bd IntRt Hedg ESG SRI UCITS ETF EURD,IS0Y,IE00B6X2VY59,ETF,EUR
iShares   Cp Bd IntRt Hedg ESG SRI UCITS ETF EURD,IRCP,IE00B6X2VY59,ETF,EUR
iShares   Cp Bd IntRt Hedg ESG SRI UCITS ETF EURD,IRCP,IE00B6X2VY59,ETF,EUR
iShares   Cp Bd IntRt Hedg ESG SRI UCITS ETF EURD,IRCP,IE00B6X2VY59,ETF,CHF
iShares   CpBd exFin 1-5Yr ESG SRI UCITS ETF EURD,EUNS,IE00B4L5ZY03,ETF,EUR
iShares   CpBd exFin 1-5Yr ESG SRI UCITS ETF EURD,EUNS,IE00B4L5ZY03,ETF,EUR
iShares   CpBd exFin 1-5Yr ESG SRI UCITS ETF EURD,EEX5,IE00B4L5ZY03,ETF,EUR
iShares   Govt Bond 0-1yr UCITS ETF EUR D,IEGE,IE00B3FH7618,ETF,EUR
iShares   Govt Bond 0-1yr UCITS ETF EUR D,IEGE,IE00B3FH7618,ETF,EUR
iShares   Govt Bond 0-1yr UCITS ETF EUR D,EUN6,IE00B3FH7618,ETF,EUR
iShares   Govt Bond 1-3yr UCITS ETF EUR Dist,IBCA,IE00B14X4Q57,ETF,EUR
iShares   Govt Bond 1-3yr UCITS ETF EUR Dist,IBCA,IE00B14X4Q57,ETF,EUR
iShares   Govt Bond 1-3yr UCITS ETF EUR Dist,IBGS,IE00B14X4Q57,ETF,EUR
iShares   Govt Bond 1-3yr UCITS ETF EUR Dist,IBGS,IE00B14X4Q57,ETF,GBP
iShares   Govt Bond 1-3yr UCITS ETF EUR Dist,IBGS,IE00B14X4Q57,ETF,EUR
iShares   Govt Bond 1-3yr UCITS ETF EUR Dist,IBGS,IE00B14X4Q57,ETF,CHF
iShares   Govt Bond 10-15yr UCITS ETF EUR (Dist),EUN8,IE00B4WXJH41,ETF,EUR
iShares   Govt Bond 10-15yr UCITS ETF EUR (Dist),IEGZ,IE00B4WXJH41,ETF,EUR
iShares   Govt Bond 10-15yr UCITS ETF EUR (Dist),IEGZ,IE00B4WXJH41,ETF,CHF
iShares   Govt Bond 10-15yr UCITS ETF EUR (Dist),IBGZ,IE00B4WXJH41,ETF,EUR
iShares   Govt Bond 10-15yr UCITS ETF EUR (Dist),EUN8,IE00B4WXJH41,ETF,EUR
iShares   Govt Bond 3-5yr UCITS ETF EUR (Dist),IBCN,IE00B1FZS681,ETF,EUR
iShares   Govt Bond 3-5yr UCITS ETF EUR (Dist),IBGX,IE00B1FZS681,ETF,GBP
iShares   Govt Bond 3-5yr UCITS ETF EUR (Dist),IBCN,IE00B1FZS681,ETF,EUR
iShares   Govt Bond 3-5yr UCITS ETF EUR (Dist),IBGX,IE00B1FZS681,ETF,EUR
iShares   Govt Bond 3-5yr UCITS ETF EUR (Dist),IBGX,IE00B1FZS681,ETF,EUR
iShares   Govt Bond 5-7yr UCITS ETF EUR (Dist),EUN9,IE00B4WXJG34,ETF,EUR
iShares   Govt Bond 5-7yr UCITS ETF EUR (Dist),IEGY,IE00B4WXJG34,ETF,EUR
iShares   Govt Bond 5-7yr UCITS ETF EUR (Dist),IBGY,IE00B4WXJG34,ETF,GBP
iShares   Govt Bond 5-7yr UCITS ETF EUR (Dist),IBGY,IE00B4WXJG34,ETF,EUR
iShares   Govt Bond 5-7yr UCITS ETF EUR (Dist),EUN9,IE00B4WXJG34,ETF,EUR
iShares   Govt Bond 7-10yr UCITS ETF EUR (Dist),IBCM,IE00B1FZS806,ETF,EUR
iShares   Govt Bond 7-10yr UCITS ETF EUR (Dist),IBGM,IE00B1FZS806,ETF,GBP
iShares   Govt Bond 7-10yr UCITS ETF EUR (Dist),IBCM,IE00B1FZS806,ETF,EUR
iShares   Govt Bond 7-10yr UCITS ETF EUR (Dist),IBGM,IE00B1FZS806,ETF,EUR
iShares   Govt Bond 7-10yr UCITS ETF EUR (Dist),IBGM,IE00B1FZS806,ETF,EUR
iShares   High Yield Corp Bond UCITS ETF EUR A,HIGH,IE00BF3N7094,ETF,EUR
iShares   High Yield Corp Bond UCITS ETF EUR D,SHYG,IE00B66F4759,ETF,GBP
iShares   High Yield Corp Bond UCITS ETF EUR D,IHYG,IE00B66F4759,ETF,CHF
iShares   High Yield Corp Bond UCITS ETF EUR D,IHYG,IE00B66F4759,ETF,EUR
iShares   High Yield Corp Bond UCITS ETF EUR D,IHYG,IE00B66F4759,ETF,EUR
UBS Core MSCI USA hEUR UCITS ETF EUR acc,UBUJ,IE00BD4TYG73,ETF,EUR
UBS Core MSCI USA hEUR UCITS ETF EUR dis,USEUYH,IE00BD4TYF66,ETF,EUR
UBS Core MSCI USA UCITS ETF USD acc,USAUSW,IE00BD4TXS21,ETF,USD
UBS Core MSCI USA UCITS USD dis ETF,UBU3,IE00B77D4428,ETF,EUR
UBS Core MSCI USA UCITS USD dis ETF,USACHY,IE00B77D4428,ETF,CHF
UBS Core MSCI USA UCITS USD dis ETF,USAUSY,IE00B77D4428,ETF,USD
UBS Core MSCI USA UCITS USD dis ETF,UBU3,IE00B77D4428,ETF,EUR
UBS Core MSCI USA UCITS USD dis ETF,USAEU,IE00B77D4428,ETF,EUR
UBS Core MSCI USA UCITS USD dis ETF,UC03,IE00B77D4428,ETF,USD
UBS Core MSCI USA UCITS USD dis ETF,UC04,IE00B77D4428,ETF,GBX
UBS Core MSCI USA UCITS USD dis ETF,UBU3,IE00B77D4428,ETF,EUR
UBS Core MSCI World UCITS ETF hCHF acc,BCF5,IE000N6LBS91,ETF,EUR
UBS Core MSCI World UCITS ETF hCHF acc,WORLD,IE000N6LBS91,ETF,CHF
UBS Core MSCI World UCITS hEUR acc ETF,BCFI,IE000TB15RC6,ETF,EUR
UBS Core MSCI World UCITS hEUR acc ETF,BCFI,IE000TB15RC6,ETF,EUR
UBS Core MSCI World UCITS USD acc ETF,UETW,IE00BD4TXV59,ETF,EUR
UBS Core MSCI World UCITS USD acc ETF,UETW,IE00BD4TXV59,ETF,EUR
UBS Core MSCI World UCITS USD acc ETF,WRDUSW,IE00BD4TXV59,ETF,USD
UBS Core MSCI World UCITS USD acc ETF,WRDA,IE00BD4TXV59,ETF,GBX
UBS Core MSCI World UCITS USD acc ETF,WRDUSW,IE00BD4TXV59,ETF,CHF
UBS Core MSCI World UCITS USD dis ETF,UBU7,IE00B7KQ7B66,ETF,EUR
UBS Core MSCI World UCITS USD dis ETF,WRDUSY,IE00B7KQ7B66,ETF,CHF
UBS Core MSCI World UCITS USD dis ETF,WRDUSY,IE00B7KQ7B66,ETF,USD
UBS Core MSCI World UCITS USD dis ETF,UBU7,IE00B7KQ7B66,ETF,EUR
UBS Core MSCI World UCITS USD dis ETF,WRDD,IE00B7KQ7B66,ETF,GBX
UBS Core MSCI World UCITS USD dis ETF,UBU7,IE00B7KQ7B66,ETF,EUR
UBS Core S&P 500 UCITS ETF hCHF acc,SP500S,IE00BD34DB16,ETF,CHF
UBS Core S&P 500 UCITS ETF hGBP dis,SP500H,IE00BD34DL14,ETF,GBP
UBS Core S&P 500 UCITS ETF hGBP dis,USPG,IE00BD34DL14,ETF,GBX
UBS Core S&P 500 UCITS ETF USD acc,BCFT,IE00BD4TXW66,ETF,EUR
UBS Core S&P 500 UCITS ETF USD dis,UBU9,IE00B7K93397,ETF,EUR
UBS Core S&P 500 UCITS ETF USD dis,SP5USY,IE00B7K93397,ETF,CHF
UBS Core S&P 500 UCITS ETF USD dis,SP5USY,IE00B7K93397,ETF,USD
UBS Core S&P 500 UCITS ETF USD dis,SP5EU,IE00B7K93397,ETF,EUR
UBS Core S&P 500 UCITS ETF USD dis,UBU9,IE00B7K93397,ETF,EUR
UBS Core S&P 500 UCITS ETF USD dis,UC13,IE00B7K93397,ETF,GBX
UBS Core S&P 500 UCITS ETF USD dis,UC12,IE00B7K93397,ETF,USD
UBS Core S&P 500 UCITS ETF USD dis,UBU9,IE00B7K93397,ETF,EUR
UBS Core S&P 500 UCITS hEUR acc ETF,UEQD,IE00BD34DK07,ETF,EUR
UBS Core S&P 500 UCITS hEUR acc ETF,UEQD,IE00BD34DK07,ETF,EUR
UBS Core S&P 500 UCITS hEUR acc ETF,SP500E,IE00BD34DK07,ETF,EUR
UBS CoreBBG Euro Inflation Linked Bond 1-10 UCITS EUR dis ETF,FRC3,LU1645380368,ETF,EUR
UBS CoreBBG Euro Inflation Linked Bond 1-10 UCITS EUR dis ETF,FRC3,LU1645380368,ETF,EUR
UBS CoreBBG Euro Inflation Linked Bond 1-10 UCITS EUR dis ETF,UBIF,LU1645380368,ETF,GBX
UBS CoreBBG Euro Inflation Linked Bond 1-10 UCITS EUR dis ETF,INFL1,LU1645380368,ETF,EUR
UBS ETF (IE) Factor MSCI USA Prime Value UCITS ETF (hedged to GBP) A-dis,UPVL,IE00BXDZNH00,ETF,GBX
UBS ETF (IE) Factor MSCI USA Quality UCITS ETF (hedged to GBP) A-dis,UQLT,IE00BXDZNK39,ETF,GBX
UBS EUR Ultra-Short Bond Screened UCITS EUR acc ETF,BCFH,IE000RW7V8Q4,ETF,EUR
UBS EUR Ultra-Short Bond Screened UCITS EUR acc ETF,SHORT,IE000RW7V8Q4,ETF,EUR
UBS Euro Eq Def Covered Call SF UCITS ETF EUR acc,E50CC,IE00BLDGHQ61,ETF,EUR
StSt SPDR S&P US Industs Sel Sctr UCITS ETF Acc,ZPDI,IE00BWBXM724,ETF,EUR
StSt SPDR S&P US Industs Sel Sctr UCITS ETF Acc,SXLI,IE00BWBXM724,ETF,EUR
StSt SPDR S&P US Materials Sel Sctr UCITS ETF Acc,ZPDM,IE00BWBXM831,ETF,EUR
StSt SPDR S&P US Materials Sel Sctr UCITS ETF Acc,SXLB,IE00BWBXM831,ETF,USD
StSt SPDR S&P US Materials Sel Sctr UCITS ETF Acc,SXLB,IE00BWBXM831,ETF,EUR
StSt SPDR S&P US Materials Sel Sctr UCITS ETF Acc,SXLB,IE00BWBXM831,ETF,USD
StSt SPDR S&P US Materials Sel Sctr UCITS ETF Acc,SXLB,IE00BWBXM831,ETF,EUR
StSt SPDR S&P US Technology Sel Sctr UCITS ETF Acc,ZPDT,IE00BWBXM948,ETF,EUR
StSt SPDR S&P US Technology Sel Sctr UCITS ETF Acc,ZPDT,IE00BWBXM948,ETF,EUR
StSt SPDR S&P US Technology Sel Sctr UCITS ETF Acc,SXLK,IE00BWBXM948,ETF,EUR
StSt SPDR S&P US Technology Sel Sctr UCITS ETF Acc,SXLK,IE00BWBXM948,ETF,USD
StSt SPDR S&P US Technology Sel Sctr UCITS ETF Acc,SXLK,IE00BWBXM948,ETF,EUR
StSt SPDR S&P US Technology Sel Sctr UCITS ETF Acc,SXLK,IE00BWBXM948,ETF,USD
StSt SPDR S&P US Utilities Sel Sctr UCITS ETF Acc,ZPDU,IE00BWBXMB69,ETF,EUR
StSt SPDR S&P US Utilities Sel Sctr UCITS ETF Acc,SXLU,IE00BWBXMB69,ETF,EUR
StSt SPDR S&P US Utilities Sel Sctr UCITS ETF Acc,SXLU,IE00BWBXMB69,ETF,USD
StSt SPDR S&P US Utilities Sel Sctr UCITS ETF Acc,SXLU,IE00BWBXMB69,ETF,EUR
StSt SPDR S&P US Utilities Sel Sctr UCITS ETF Acc,SXLU,IE00BWBXMB69,ETF,USD
StSt SPDR STOXX Europe 600 SRI UCITS ETF Acc,ZPDX,IE00BK5H8015,ETF,EUR
StSt SPDR STOXX Europe 600 SRI UCITS ETF Acc,600X,IE00BK5H8015,ETF,EUR
StSt SPDR STOXX Europe 600 SRI UCITS ETF Acc,600X,IE00BK5H8015,ETF,EUR
Tabula EUR HY Bond PA Climate UCITS ETF EUR Acc,THEP,IE000V6NHO66,ETF,EUR
Tabula EUR Ultrashort IG Bond Paris-aligned Climate UCITS ETF (EUR) – GBP-Hedged Acc,TUGB,IE000P7C7930,ETF,GBP
Tabula GCC Sovereign USD Bonds UCITS ETF (USD),TGGD,IE000LJG9WK1,ETF,GBP
Tabula US Enhanced Inflation UCITS ETF USD Acc,TINF,IE00BMDWWS85,ETF,USD
The Royal Mint Physical Gold ETC,RM8U,XS2115336336,ETF,EUR
The Royal Mint Physical Gold ETC,RMAP,XS2115336336,ETF,GBX
The Royal Mint Physical Gold ETC,RMAU,XS2115336336,ETF,USD
The Royal Mint Physical Gold ETC,RM8U,XS2115336336,ETF,EUR
The Royal Mint Physical Gold ETC,RMAU,XS2115336336,ETF,EUR
UBS BBG Commodity CMCI SF UCITS hEUR acc ETF,BCFE,IE00BYYLVJ24,ETF,EUR
UBS BBG Commodity CMCI SF UCITS hEUR acc ETF,BCFE,IE00BYYLVJ24,ETF,EUR
UBS BBG Commodity CMCI SF UCITS hEUR acc ETF,BCCME,IE00BYYLVJ24,ETF,EUR
UBS BBG Commodity CMCI SF UCITS USD acc ETF,BCCU,IE00BYYLVH00,ETF,USD
UBS BBG Commodity CMCI SF UCITS USD acc ETF,BCCMA,IE00BYYLVH00,ETF,USD
UBS BBG Commodity Index SF UCITS ETF hCHF acc,DCCHAS,IE00B598DX38,ETF,CHF
UBS BBG Euro Area Liq Crp 1-5 UCITS ETF EUR dis,UEF6,LU1048314196,ETF,EUR
UBS BBG Euro Area Liq Crp 1-5 UCITS ETF EUR dis,UEF6,LU1048314196,ETF,EUR
UBS BBG Euro Area Liq Crp 1-5 UCITS ETF EUR dis,CBEU5,LU1048314196,ETF,CHF
UBS BBG Euro Area Liq Crp 1-5 UCITS ETF EUR dis,CBEU5,LU1048314196,ETF,EUR
UBS BBG Euro Area Liq Crp 1-5 UCITS ETF EUR dis,UEF6,LU1048314196,ETF,EUR
UBS BBG Euro Inflation Linked 10+ UCITS EUR dis ETF,FRC4,LU1645381689,ETF,EUR
UBS BBG Euro Inflation Linked 10+ UCITS EUR dis ETF,INFL1,LU1645381689,ETF,EUR
UBS BBG Japan Gov 1-3 UCITS ETF JPY acc,JT13,LU2098179695,ETF,EUR
UBS BBG Japan Gov 1-3 UCITS ETF JPY acc,JT13,LU2098179695,ETF,GBX
UBS BBG Japan Gov 1-3 UCITS ETF JPY acc,CHSD,LU2098179695,ETF,EUR
UBS BBG MSCI EUR AreaLiqCrp Sust UCITS ETF EURa,4UBF,LU1484799843,ETF,EUR
UBS BBG MSCI EUR AreaLiqCrp Sust UCITS ETF EURa,CBSEUA,LU1484799843,ETF,CHF
UBS BBG MSCI Euro Area Liquid Corp Sustainable UCITS EUR dis ETF,CBSE,LU1484799769,ETF,EUR
UBS BBG MSCI Euro Area Liquid Corp Sustainable UCITS EUR dis ETF,UIMC,LU1484799769,ETF,EUR
Invesco Financials S&P US Sel Sector UCITS ETF Acc,XLFS,IE00B42Q4896,ETF,EUR
Invesco Financials S&P US Sel Sector UCITS ETF Acc,XLFS,IE00B42Q4896,ETF,USD
Invesco FTSE 100 UCITS ETF Acc,S100,IE00B60SWT88,ETF,GBX
Invesco FTSE 250 UCITS ETF Acc,S250,IE00B60SWV01,ETF,GBX
Invesco FTSE All Shr Scrnd & Tilted UCITS ETF Acc,FASA,IE0003RA2ZR3,ETF,GBX
Invesco FTSE All Shr Scrnd & Tilted UCITS ETF Dist,FASE,IE00BN7J5Z03,ETF,GBX
Invesco FTSE All World UCITS ETF Acc,FWIA,IE000716YHJ7,ETF,EUR
Invesco FTSE All World UCITS ETF Acc,FWRA,IE000716YHJ7,ETF,CHF
Invesco FTSE All World UCITS ETF Acc,FWIA,IE000716YHJ7,ETF,EUR
Invesco FTSE All World UCITS ETF Acc,FWRA,IE000716YHJ7,ETF,USD
Invesco FTSE All World UCITS ETF Acc,FWRG,IE000716YHJ7,ETF,GBX
Invesco FTSE All World UCITS ETF CHF PfHdg Acc,FWCA,IE000SHR0UX9,ETF,CHF
Invesco FTSE All World UCITS ETF Dist,FTWD,IE0000QLH0G6,ETF,EUR
Invesco FTSE All-World UCITS EUR PfHdg Acc ETF,FWEA,IE0006VDD4K1,ETF,EUR
Invesco FTSE EM High Div Low Vlty UCITS ETF Dist,EHDL,IE00BYYXBF44,ETF,EUR
Invesco FTSE EM High Div Low Vlty UCITS ETF Dist,EMHD,IE00BYYXBF44,ETF,EUR
Invesco FTSE EM High Div Low Vlty UCITS ETF Dist,HDEM,IE00BYYXBF44,ETF,GBX
Invesco FTSE RAFI All-World 3000 UCITS ETF Dist,PSWD,IE00B23LNQ02,ETF,EUR
Invesco FTSE RAFI All-World 3000 UCITS ETF Dist,PSRW,IE00B23LNQ02,ETF,USD
Invesco FTSE RAFI All-World 3000 UCITS ETF Dist,PSRW,IE00B23LNQ02,ETF,GBX
Invesco FTSE RAFI All-World 3000 UCITS ETF Dist,PSRW,IE00B23LNQ02,ETF,EUR
Invesco FTSE RAFI All-World 3000 UCITS ETF Dist,PSWD,IE00B23LNQ02,ETF,EUR
Invesco FTSE RAFI All-World 3000 UCITS ETF Dist,PSRW,IE00B23LNQ02,ETF,EUR
Invesco FTSE RAFI Emerging Markets UCITS ETF Dist,PEH,IE00B23D9570,ETF,EUR
Invesco FTSE RAFI Emerging Markets UCITS ETF Dist,PEH,IE00B23D9570,ETF,EUR
Invesco FTSE RAFI Emerging Markets UCITS ETF Dist,PSRM,IE00B23D9570,ETF,GBX
Invesco FTSE RAFI Emerging Markets UCITS ETF Dist,6PSK,IE00B23D9570,ETF,EUR
Invesco FTSE RAFI Emerging Markets UCITS ETF Dist,PEHH,IE00B23D9570,ETF,USD
Invesco FTSE RAFI Europe UCITS ETF Dist,6PSC,IE00B23D8X81,ETF,EUR
Invesco FTSE RAFI Europe UCITS ETF Dist,PEF,IE00B23D8X81,ETF,CHF
Invesco FTSE RAFI Europe UCITS ETF Dist,PEF,IE00B23D8X81,ETF,EUR
Invesco FTSE RAFI Europe UCITS ETF Dist,PSRE,IE00B23D8X81,ETF,GBX
Invesco FTSE RAFI Europe UCITS ETF Dist,6PSC,IE00B23D8X81,ETF,EUR
Invesco FTSE RAFI Europe UCITS ETF Dist,PEF,IE00B23D8X81,ETF,EUR
Invesco FTSE RAFI US 1000 UCITS ETF Dist,6PSA,IE00B23D8S39,ETF,EUR
Invesco FTSE RAFI US 1000 UCITS ETF Dist,PFT,IE00B23D8S39,ETF,EUR
Invesco FTSE RAFI US 1000 UCITS ETF Dist,PFT,IE00B23D8S39,ETF,USD
Invesco FTSE RAFI US 1000 UCITS ETF Dist,PFT,IE00B23D8S39,ETF,EUR
Invesco FTSE RAFI US 1000 UCITS ETF Dist,PRUS,IE00B23D8S39,ETF,USD
Invesco FTSE RAFI US 1000 UCITS ETF Dist,PSRF,IE00B23D8S39,ETF,GBX
Invesco FTSE RAFI US 1000 UCITS ETF Dist,6PSA,IE00B23D8S39,ETF,EUR
Invesco Gl Act Def ESG Eq UCITS ETF EUR PfHdg Acc,LVLE,IE000XIBT2R7,ETF,EUR
Invesco Gl Act Def ESG Eq UCITS ETF EUR PfHdg Acc,LVLE,IE000XIBT2R7,ETF,EUR
Invesco Gl Active Defensive ESG Eq UCITS ETF Acc,LVLC,IE000N42HDP2,ETF,EUR
Invesco Gl Active ESG Eq UCITS ETF EUR PfHdg Acc,IQSE,IE00BJQRDP39,ETF,EUR
Invesco Gl Active ESG Eq UCITS ETF EUR PfHdg Acc,IQSE,IE00BJQRDP39,ETF,EUR
Invesco Gl Active ESG Eq UCITS ETF EUR PfHdg Dist,IQSD,IE0008YN55P8,ETF,EUR
Invesco Gl Crp Bd ESG Cl Transition UCITS ETF Dist,GCBE,IE000FVQW7E7,ETF,USD
Invesco Gl Crp Bd ESG Cl Transition UCITS ETF Dist,GLBD,IE000FVQW7E7,ETF,EUR
Invesco Gl Crp Bd ESG Cl Transition UCITS ETF Dist,GCBE,IE000FVQW7E7,ETF,EUR
Amundi LevDax Daily (2x) leveraged UCITS Acc ETF,LYY8,LU0252634307,ETF,EUR
Amundi LevDax Daily (2x) leveraged UCITS Acc ETF,0MUD,LU0252634307,ETF,EUR
Amundi LevDax Daily (2x) leveraged UCITS Dist ETF,LVDX,LU2090062600,ETF,EUR
Amundi LevDax Daily (2x) leveraged UCITS Dist ETF,LVDX,LU2090062600,ETF,EUR
AMUNDI LIFECYCLE 2039 UCITS ETF Acc,LC39,LU2872292243,ETF,EUR
Amundi MDAX ESG UCITS ETF,CBMDAX,LU2611731667,ETF,EUR
Amundi MDAX ESG UCITS ETF,AK8G,LU2611731667,ETF,EUR
Amundi MDAX UCITS Dist ETF,MD4X,FR0011857234,ETF,EUR
Amundi MDAX UCITS Dist ETF,MD4X,FR0011857234,ETF,EUR
Amundi MSCI AC Asia Ex Japan UCITS ETF Acc,LASI,LU1900068161,ETF,EUR
Amundi MSCI AC Asia Ex Japan UCITS ETF Acc,APEX,LU1900068161,ETF,EUR
Amundi MSCI AC Asia Pacific Ex Japan UCITS ETF Acc,LASP,LU1900068328,ETF,EUR
Amundi MSCI AC Asia Pacific Ex Japan UCITS ETF Acc,AEJ ,LU1900068328,ETF,EUR
Amundi MSCI AC Asia Pacific Ex Japan UCITS ETF Acc,AEJ,LU1900068328,ETF,EUR
Amundi MSCI ACWI SRI Climate Paris Aligned UCITS DR - USD (A) ETF,WELA,IE0000ZVYDH0,ETF,USD
Amundi MSCI All Country World UCITS ETF EUR Acc,LYY0,LU1829220216,ETF,EUR
Amundi MSCI All Country World UCITS ETF EUR Acc,ACWI,LU1829220216,ETF,EUR
Amundi MSCI All Country World UCITS ETF EUR Acc,LU1829220216,LU1829220216,ETF,EUR
Amundi MSCI Brazil UCITS ETF Acc,LBRA,LU1900066207,ETF,EUR
Amundi MSCI Brazil UCITS ETF Acc,RIO ,LU1900066207,ETF,EUR
Amundi MSCI Brazil UCITS ETF Acc,LBRA,LU1900066207,ETF,EUR
Amundi MSCI Brazil UCITS ETF Acc,BRA,LU1900066207,ETF,EUR
Amundi MSCI China A UCITS ETF Acc,CNAA,FR0011720911,ETF,EUR
Amundi MSCI China A UCITS ETF Acc,CNAA,FR0011720911,ETF,EUR
Amundi MSCI China A UCITS ETF Acc,CNAA,FR0011720911,ETF,USD
Amundi MSCI China A UCITS ETF Acc,CNAL,FR0011720911,ETF,GBX
Amundi MSCI China A UCITS ETF Acc,CNAA,FR0011720911,ETF,EUR
Amundi MSCI China A UCITS ETF Acc,CNAA,FR0011720911,ETF,USD
Amundi MSCI China ESG Selection Extra UCITS Dist ETF,LHKG,LU1900067940,ETF,EUR
Amundi MSCI China ESG Selection Extra UCITS Dist ETF,LHKG,LU1900067940,ETF,EUR
Amundi MSCI China ESG Selection Extra UCITS ETF A,LCHI,LU1900068914,ETF,EUR
Amundi MSCI China ESG Selection Extra UCITS ETF A,ASI ,LU1900068914,ETF,EUR
Amundi MSCI China Tech UCITS ETF EUR,18MG,LU1681043912,ETF,EUR
Amundi MSCI China Tech UCITS ETF EUR,CC1,LU1681043912,ETF,EUR
Amundi MSCI China Tech UCITS ETF USD,CC1U ,LU1681044050,ETF,USD
Amundi MSCI China UCITS ETF Acc,L4K3,LU1841731745,ETF,EUR
Amundi MSCI China UCITS ETF Acc,LCCN,LU1841731745,ETF,USD
Amundi MSCI China UCITS ETF Acc,L4K3,LU1841731745,ETF,EUR
Amundi MSCI China UCITS ETF Acc,LCCN,LU1841731745,ETF,EUR
Amundi MSCI China UCITS ETF Acc,LCCN,LU1841731745,ETF,CHF
Amundi MSCI Digital Economy UCITS ETF Acc,EBUY,LU2023678878,ETF,EUR
Amundi MSCI Digital Economy UCITS ETF Acc,EBUY,LU2023678878,ETF,EUR
Amundi MSCI Digital Economy UCITS ETF Acc,EBUY,LU2023678878,ETF,EUR
Amundi MSCI Digital Economy UCITS ETF Acc,EBUY,LU2023678878,ETF,EUR
Amundi MSCI Disruptive Technology UCITS ETF Acc,DRUP,LU2023678282,ETF,EUR
Amundi MSCI Disruptive Technology UCITS ETF Acc,UNIC,LU2023678282,ETF,EUR
Amundi MSCI Disruptive Technology UCITS ETF Acc,QBIT,LU2023678282,ETF,CHF
Amundi MSCI Disruptive Technology UCITS ETF Acc,DRUP,LU2023678282,ETF,EUR
Amundi MSCI Disruptive Technology UCITS ETF Acc,UNIC,LU2023678282,ETF,EUR
Amundi MSCI Disruptive Technology UCITS ETF Acc,DTEC,LU2023678282,ETF,GBP
Xtrackers MSCI Europe UCITS 1D ETF,XIEE,LU1242369327,ETF,EUR
Xtrackers MSCI Europe UCITS ETF 2C hUSD,XEOU,LU1184092051,ETF,USD
Xtrackers MSCI Europe UCITS ETF 2C hUSD,XEOU,LU1184092051,ETF,USD
Xtrackers MSCI Europe Utilities Screened UCITS 1C ETF,DXSI,LU0292104899,ETF,EUR
Xtrackers MSCI Europe Utilities Screened UCITS 1C ETF,DXSI,LU0292104899,ETF,EUR
Xtrackers MSCI Europe Utilities Screened UCITS 1C ETF,XS6R,LU0292104899,ETF,GBX
Xtrackers MSCI Europe Value UCITS 1C ETF,D5BL,LU0486851024,ETF,EUR
Xtrackers MSCI Europe Value UCITS 1C ETF,D5BL,LU0486851024,ETF,EUR
Xtrackers MSCI Europe Value UCITS 1C ETF,0MVO,LU0486851024,ETF,EUR
Xtrackers MSCI Fintech Innovation UCITS ETF,XFNT,IE000YDOORK7,ETF,EUR
Xtrackers MSCI Fintech Innovation UCITS ETF,XFNT,IE000YDOORK7,ETF,EUR
Xtrackers MSCI GCC Select Swap UCITS 1C ETF,XGLF,IE00BQXKVQ19,ETF,EUR
Xtrackers MSCI GCC Select Swap UCITS 1C ETF,XGLF,IE00BQXKVQ19,ETF,EUR
Xtrackers MSCI GCC Select Swap UCITS 1C ETF,XGLF,IE00BQXKVQ19,ETF,USD
Xtrackers MSCI Genomic Healthcare Innovation UCITS ETF,XGEN,IE000KD0BZ68,ETF,EUR
Xtrackers MSCI Genomic Healthcare Innovation UCITS ETF,XGEN,IE000KD0BZ68,ETF,EUR
Xtrackers MSCI Gl Circular Economy UCITS ETF 1C,XG12,IE000Y6ZXZ48,ETF,EUR
Xtrackers MSCI Gl SDG 11 Sust Cities UCITS ETF 1C,XG11,IE000V0GDVU7,ETF,EUR
Xtrackers MSCI Gl SDG 9 Ind Innvtn&InfrUCITS ETF1C,SDG9,IE0005E47AH7,ETF,EUR
Xtrackers MSCI Global Clean Water & Sanitation UCITS ETF,XDG6,IE0007WJ6B10,ETF,EUR
Xtrackers MSCI Global SDG 3 Good Health UCITS ETF,XDG3,IE00036F4K40,ETF,EUR
Xtrackers MSCI Global SDG 7 Affordable and Clean Energy UCITS ETF,XDG7,IE000JZYIUN0,ETF,EUR
Xtrackers MSCI Global SDGs UCITS ETF,XDGI,IE000PSF3A70,ETF,EUR
Xtrackers MSCI Global Social Fairness Contributors UCITS ETF,XDGS,IE000L2IS494,ETF,CHF
Xtrackers MSCI India Swap UCITS 1C ETF,XCS5,LU0514695187,ETF,EUR
Xtrackers MSCI India Swap UCITS 1C ETF,XCS5,LU0514695187,ETF,EUR
Xtrackers MSCI India Swap UCITS 1C ETF,XCS5,LU0514695187,ETF,USD
Xtrackers MSCI India Swap UCITS 1C ETF,XCX5,LU0514695187,ETF,GBX
Xtrackers MSCI Indonesia Swap UCITS 1C ETF,XAIN,LU0476289623,ETF,EUR
Xtrackers MSCI Indonesia Swap UCITS 1C ETF,XAIN,LU0476289623,ETF,EUR
Xtrackers MSCI Indonesia Swap UCITS 1C ETF,XMIN,LU0476289623,ETF,EUR
Xtrackers MSCI Indonesia Swap UCITS 1C ETF,XIDD,LU0476289623,ETF,USD
Xtrackers MSCI Indonesia Swap UCITS 1C ETF,XMID,LU0476289623,ETF,GBX
Xtrackers MSCI Innovation UCITS ETF,XNNV,IE0006FFX5U1,ETF,EUR
Xtrackers MSCI Innovation UCITS ETF,XNNV,IE0006FFX5U1,ETF,EUR
Xtrackers MSCI Japan ESG Screened UCITS 3C EUR Hedged ETF,XDNE,IE00BRB36B93,ETF,EUR
Xtrackers MSCI Japan ESG UCITS ETF,XZMJ,IE00BG36TC12,ETF,EUR
Xtrackers MSCI Japan ESG UCITS ETF,XZMJ,IE00BG36TC12,ETF,EUR
Xtrackers MSCI Japan ESG UCITS ETF,XZMJ,IE00BG36TC12,ETF,USD
Xtrackers MSCI Japan Screened UCITS ETF,XDNY,IE00BPVLQD13,ETF,EUR
Xtrackers MSCI Japan Screened UCITS ETF,XDNY,IE00BPVLQD13,ETF,EUR
Xtrackers MSCI Japan Screened UCITS ETF,XDNY,IE00BPVLQD13,ETF,USD
Xtrackers MSCI Japan Screened UCITS ETF,XDNS,IE00BPVLQD13,ETF,GBX
Xtrackers MSCI Japan Screened UCITS ETF,XDNY,IE00BPVLQD13,ETF,EUR
Xtrackers MSCI Japan Screened UCITS ETF 2D GBPH,XDNG,IE00BPVLQF37,ETF,GBX
Xtrackers MSCI Japan UCITS 1C ETF,DBXJ,LU0274209740,ETF,EUR
Xtrackers MSCI Japan UCITS 1C ETF,XMJP,LU0274209740,ETF,JPY
Xtrackers MSCI Japan UCITS 1C ETF,XMJP,LU0274209740,ETF,EUR
Xtrackers MSCI Japan UCITS 1C ETF,XMJD,LU0274209740,ETF,USD
Xtrackers MSCI Japan UCITS 1C ETF,XMJP,LU0274209740,ETF,GBX
iShares Global Water UCITS ETF USD (Acc),H2OA,IE000CFH1JX2,ETF,EUR
iShares Global Water UCITS ETF USD (Dist),IQQQ,IE00B1TXK627,ETF,EUR
iShares Global Water UCITS ETF USD (Dist),IH2O,IE00B1TXK627,ETF,EUR
iShares Global Water UCITS ETF USD (Dist),DH2O,IE00B1TXK627,ETF,USD
iShares Global Water UCITS ETF USD (Dist),IH2O,IE00B1TXK627,ETF,GBX
iShares Global Water UCITS ETF USD (Dist),IQQQ,IE00B1TXK627,ETF,EUR
iShares Gold EUR Hedged ETF (CH),CSGLDE,CH0104136319,ETF,EUR
iShares Gold Producers UCITS ETF USD (Acc),IS0E,IE00B6R52036,ETF,EUR
iShares Gold Producers UCITS ETF USD (Acc),IAUP,IE00B6R52036,ETF,USD
iShares Gold Producers UCITS ETF USD (Acc),SPGP,IE00B6R52036,ETF,GBX
iShares Gold Producers UCITS ETF USD (Acc),IS0E,IE00B6R52036,ETF,EUR
iShares Gold Producers UCITS ETF USD (Acc),IAUP,IE00B6R52036,ETF,CHF
iShares Govt Bond 15-30yr UCITS ETF EUR (Dist),IBCL,IE00B1FZS913,ETF,EUR
iShares Govt Bond 15-30yr UCITS ETF EUR (Dist),IBGL,IE00B1FZS913,ETF,EUR
iShares Govt Bond 15-30yr UCITS ETF EUR (Dist),IBGL,IE00B1FZS913,ETF,EUR
iShares Govt Bond 15-30yr UCITS ETF EUR (Dist),IBGL,IE00B1FZS913,ETF,GBP
iShares Govt Bond 15-30yr UCITS ETF EUR (Dist),IBCL,IE00B1FZS913,ETF,EUR
iShares Govt Bond 20yr Target Duration UCITS EUR (Acc) ETF,CEB1,IE000GHXL2Q3,ETF,EUR
iShares Govt Bond 20yr Target Duration UCITS EUR (Acc) ETF,CEB1,IE000GHXL2Q3,ETF,EUR
iShares Growth Portfolio UCITS ETF EUR Acc,MAGR,IE00BLLZQ805,ETF,EUR
iShares Growth Portfolio UCITS ETF EUR Acc,MAGR,IE00BLLZQ805,ETF,EUR
iShares Healthcare Innovation UCITS USD (Acc) ETF,2B78,IE00BYZK4776,ETF,EUR
iShares Healthcare Innovation UCITS USD (Acc) ETF,HEAL,IE00BYZK4776,ETF,USD
iShares Healthcare Innovation UCITS USD (Acc) ETF,2B78,IE00BYZK4776,ETF,EUR
iShares Healthcare Innovation UCITS USD (Acc) ETF,HEAL,IE00BYZK4776,ETF,USD
iShares Healthcare Innovation UCITS USD (Acc) ETF,HEAL,IE00BYZK4776,ETF,EUR
iShares iBd Dec2028 Trm   Cp Crsov UCITS ETF EUR A,I28X,IE0003HV7CS6,ETF,EUR
iShares iBd Dec2028 Trm   Cp Crsov UCITS ETF EUR A,IX28,IE0003HV7CS6,ETF,EUR
iShares iBd Dec2028 Trm   Cp Crsov UCITS ETF EUR A,IX28,IE0003HV7CS6,ETF,EUR
iShares iBd Dec2029 Trm   Cp Crsov UCITS ETF EUR A,B29I,IE000UJSC3C9,ETF,EUR
iShares iBd Dec2029 Trm   Cp Crsov UCITS ETF EUR A,IX29,IE000UJSC3C9,ETF,EUR
iShares iBd Dec2029 Trm   Cp Crsov UCITS ETF EUR A,IX29,IE000UJSC3C9,ETF,EUR
iShares iBnd Dec 2028 Term $ HY Cp UCITS ETF USD A,IU28,IE0008YWAFL1,ETF,EUR
iShares iBnd Dec 2029 Term $ HY Cp UCITS ETF USD A,IU29,IE00094KNQN4,ETF,EUR
iShares iBond Dec 2026 Term $ Corp UCITS ETF USD A,D26A,IE000BWITBP9,ETF,EUR
iShares iBond Dec 2026 Term $ Corp UCITS ETF USD A,26ID,IE000BWITBP9,ETF,EUR
iShares iBond Dec 2026 Term $ Corp UCITS ETF USD A,D26A,IE000BWITBP9,ETF,EUR
iShares iBond Dec 2026 Term $ Corp UCITS ETF USD A,D26A,IE000BWITBP9,ETF,USD
iShares iBond Dec 2026 Term $ Corp UCITS ETF USD D,CBU8,IE0007UPSEA3,ETF,EUR
iShares iBond Dec 2026 Term $ Corp UCITS ETF USD D,CBU8,IE0007UPSEA3,ETF,EUR
iShares iBond Dec 2026 Term $ Corp UCITS ETF USD D,ID26,IE0007UPSEA3,ETF,USD
iShares iBond Dec 2026 TermItGovBd UCITS ETF EURA,26TA,IE000G6CY1T7,ETF,EUR
iShares iBond Dec 2027 Term   Corp UCITS ETF EUR A,IB27,IE000ZOI8OK5,ETF,EUR
iShares iBond Dec 2027 Term   Corp UCITS ETF EUR A,IB27,IE000ZOI8OK5,ETF,EUR
iShares iBond Dec 2027 Term   Corp UCITS ETF EUR A,IB27,IE000ZOI8OK5,ETF,EUR
iShares iBond Dec 2027 Term   Corp UCITS ETF EUR D,CEBD,IE000H5X52W8,ETF,EUR
iShares iBond Dec 2027 Term   Corp UCITS ETF EUR D,IBE7,IE000H5X52W8,ETF,EUR
iShares iBond Dec 2027 Term   Corp UCITS ETF EUR D,CEBD,IE000H5X52W8,ETF,EUR
iShares iBond Dec 2027 Term $ Corp UCITS ETF USD A,DI27,IE000I1D7D10,ETF,EUR
iShares iBond Dec 2027 Term $ Corp UCITS ETF USD A,CEBK,IE000I1D7D10,ETF,EUR
iShares World Equity Enhanced Active UCITS ETF USD (Acc),WOEE,IE000D8XC064,ETF,USD
iShares World Equity Enhanced Active UCITS ETF USD (Acc),WOEE,IE000D8XC064,ETF,GBP
iShares World Equity High Income UCITS ETF USD (Dist),WINC,IE000KJPDY61,ETF,EUR
iShares$ HY Cp Bd ESG Prs Alnd Clmt UCITS ETF USDD,HYDP,IE000W1AURU9,ETF,USD
Ishrs Dw Jnes Glb Screened Etf Usd Acc,IUSL,IE00B57X3V84,ETF,EUR
Ishrs Dw Jnes Glb Screened Etf Usd Acc,IGSG,IE00B57X3V84,ETF,GBX
Ishrs Dw Jnes Glb Screened Etf Usd Acc,IGSU,IE00B57X3V84,ETF,USD
Ishrs Dw Jnes Glb Screened Etf Usd Acc,IUSL,IE00B57X3V84,ETF,EUR
Ishrs Dw Jnes Glb Screened Etf Usd Acc,IGSG,IE00B57X3V84,ETF,EUR
Ishrs Europe Quality Adv Div Eur Dist,QDVX,IE00BYYHSM20,ETF,EUR
Ishrs Europe Quality Adv Div Eur Dist,QDVX,IE00BYYHSM20,ETF,EUR
Ishrs Gbp Ultrashort B Esg Sri Etf Dist,UESD,IE00BJP26F04,ETF,GBP
Ishrs Msci Usa Esg Enh Ctb Usd Etf Dist,OM3L,IE00BHZPJ890,ETF,EUR
Ishrs Msci Usa Esg Enh Ctb Usd Etf Dist,EEDG,IE00BHZPJ890,ETF,GBP
Ishrs World Quality Div Usd Adv Dist,QDVW,IE00BYYHSQ67,ETF,EUR
Ishrs World Quality Div Usd Adv Dist,QDVW,IE00BYYHSQ67,ETF,EUR
iShs Edge MSCI Europ Mmntm Fctr UCITS ETF EUR A,CEMR,IE00BQN1K786,ETF,EUR
iShs Edge MSCI Europ Mmntm Fctr UCITS ETF EUR A,CEMR,IE00BQN1K786,ETF,EUR
iShs Edge MSCI Europ Mmntm Fctr UCITS ETF EUR D,IEMD,IE00BG13YJ64,ETF,EUR
iShs IV-Quantum Computing ETF Reg.Shs USD Acc. oN,QOMP,IE000C6ITGC8,ETF,EUR
iShs MSCI AC Far East exJpn Smll Cp UCITS ETF USDD,ISFE,IE00B2QWDR12,ETF,GBX
Ishs MSCI Europe MID CAP EW UCTS ETF,CEMT,IE00BQN1KC32,ETF,EUR
Ishs MSCI USA MID CAP EW UCTS ETF,QDVC,IE00BD1F4K20,ETF,EUR
Ishs MSCI USA MID CAP EW UCTS ETF,IUSF,IE00BD1F4K20,ETF,GBX
Ishs MSCI USA MID CAP EW UCTS ETF,IUSZ,IE00BD1F4K20,ETF,USD
iShs V-iBds Dec 2026 Term EO CReg.Shs () EUR Dis. oN,CEBE,IE000WA6L436,ETF,EUR
iShs V-iBds Dec 2026 Term EO CReg.Shs () EUR Dis. oN,B26A,IE000WA6L436,ETF,EUR
iShs V-iBds Dec 2026 Term EO CReg.Shs () EUR Dis. oN,CEBE,IE000WA6L436,ETF,EUR
iShs V-iBds Dec 2028 Term EO CReg.Shs () EUR Dis. oN,IVOA,IE0008UEVOE0,ETF,EUR
iShs V-iBds Dec 2028 Term EO CReg.Shs () EUR Dis. oN,B28A,IE0008UEVOE0,ETF,EUR
iShs V-iBds Dec 2028 Term EO CReg.Shs () EUR Dis. oN,IVOA,IE0008UEVOE0,ETF,EUR
Janus Henderson EUR Ultrashort IG Bond Paris-Aligned Climate Core UCITS EUR Acc ETF,TUCP,IE000WXLHR76,ETF,EUR
Janus Henderson EUR Ultrashort IG Bond Paris-Aligned Climate Core UCITS EUR Acc ETF,TUCP,IE000WXLHR76,ETF,EUR
Janus Henderson Global High Yield Fallen Angels Paris-aligned Climate Core UCITS EUR-H Acc ETF,THFE,IE000LH4DDC2,ETF,EUR
Janus Henderson Haitong Asia ex-Japan High Yield Corp USD Bond Screened Core UCITS EUR-H Dist ETF,TAEH,IE000DOZYQJ7,ETF,EUR
Janus Henderson HMT Global IG Credit Curve Steepener Core UCITS Acc ETF,TCRS,IE00BMQ5Y557,ETF,EUR
JH EUR IG Bond PA Cl Active Core UCITS ETF EUR Acc,TABC,IE00BN4GXL63,ETF,EUR
Jh Gcc Usd Bond Etf Usd A,TGCC,IE000L1I4R94,ETF,USD
Jh Global Fallen Angels Hy Pa Etf Gbphd,TFGD,IE000LSFKN16,ETF,GBP
Jh Global Fallen Angels Hy Pa Etf Usd A,THFA,IE000JL9SV51,ETF,USD
Jh Haitong Asia Hy Bond Screen Etf Gbpha,TAGH,IE000GETKIK8,ETF,GBP
Jh Haitong Asia Hy Bond Screen Etf Gbphd,TAGD,IE000XIITCN5,ETF,GBP
Jh Haitong Asia Hy Bond Screen Etf Usd A,TAHY,IE000LZC9NM0,ETF,USD
Jh India Gov Bond Etf Usd A,TIDG,IE000061JZE2,ETF,GBP
JH US Enhanced Inflation Core UCITS ETF EURH Acc,TABI,IE00BKX90X67,ETF,EUR
JPM All Cntr Rsch Enh Idx Eqt Actv UCITS ETF CHFHA,JRWC,IE000DSDL3Z6,ETF,CHF
JPM BetaBuilders UK Gilt 1-5 yr UCITS ETF GBP dis,J6G7,IE00BD9MMC32,ETF,EUR
JPM BetaBuilders UK Gilt 1-5 yr UCITS ETF GBP dis,JG15,IE00BD9MMC32,ETF,GBP
JPM BetaBuilders US Equity UCITS ETF USD Acc,BBUS,IE00BJK9H753,ETF,EUR
JPM BetaBuilders US Equity UCITS ETF USD Acc,BBUS,IE00BJK9H753,ETF,EUR
BNPP Easy MSCI Pac ex Japan Min TE UCITS ETF C,PAC,LU1291106356,ETF,EUR
BNPP Easy MSCI Pac ex Japan Min TE UCITS ETF C,EPEJ,LU1291106356,ETF,EUR
BNPP Easy MSCI USA SRI PAB UCITS ETF,EKLD,LU1291103338,ETF,USD
BNPP Easy MSCI USA SRI PAB UCITS ETF,EKLD,LU1291103338,ETF,USD
BNPP Easy MSCI USA SRI PAB UCITS ETF,EKLDC,LU1659681586,ETF,EUR
BNPP Easy MSCI USA SRI PAB UCITS ETF,EKUS,LU1659681669,ETF,EUR
BNPP Easy MSCI USA SRI PAB UCITS ETF,XU6A,LU1659681669,ETF,EUR
BNPP Easy MSCI USA SRI PAB UCITS ETF,EKUS,LU1659681669,ETF,EUR
BNPP Easy MSCI World SRI PAB UCITS ETF,EWRD,LU1291108642,ETF,USD
BNPP Easy MSCI World SRI PAB UCITS ETF,EWRD,LU1291108642,ETF,USD
BNPP Easy MSCI World SRI PAB UCITS ETF,EMWD,LU2641925016,ETF,EUR
BNPP Easy MSCI World SRI PAB UCITS ETF,EMWE,LU1615092217,ETF,EUR
BNPP Easy MSCI World SRI PAB UCITS ETF,EMWE,LU1615092217,ETF,EUR
BNPP Easy MSCI World SRI PAB UCITS ETF,EMWE,LU1615092217,ETF,EUR
BNPP Easy S&P 500 Scored and Scrnd UCITS ETF HEURC,SPEUH,IE000Q6C8036,ETF,EUR
BNPPE Bloomberg Europe Defense UCITS ETF Cap,BJL8,LU3047998896,ETF,EUR
BNPPE Bloomberg Europe Defense UCITS ETF Cap,GUARD,LU3047998896,ETF,EUR
BNPPE Bloomberg Europe Defense UCITS ETF Cap,BJL8,LU3047998896,ETF,EUR
BNPPE ECPI Circular Economy Ldrs UCITS ETF USD C,REUSD,LU2533810276,ETF,USD
BNPPE ECPI Circular Economy Ldrs UCITS ETF USD C,BJLC,LU2533810276,ETF,USD
BNPPE ECPI Glbl ESG Infrastruct UCITS ETF Cap,LR00,IE000FF2EBQ8,ETF,EUR
BNPPE ECPI Glbl ESG Infrastruct UCITS ETF Cap,IE000FF2EBQ8,IE000FF2EBQ8,ETF,EUR
BNPPE ECPI Glbl ESG Infrastruct UCITS ETF Cap,LR00,IE000FF2EBQ8,ETF,EUR
BNPPE ECPI Glbl ESG Infrastruct UCITS ETF Cap,EENG,IE000FF2EBQ8,ETF,EUR
BNPPE ECPI Glbl ESG Infrastruct UCITS ETF USD Cap,IE0006O3TTP9,IE0006O3TTP9,ETF,USD
BNPPE ECPI Global ESG Blue Economy UCITS ETF USD C,BLUSD,LU2533813296,ETF,USD
BNPPE ECPI Global ESG Blue Economy UCITS ETF USD C,ASR1,LU2533813296,ETF,USD
BNPPE ESG Enh EUR Crp Bd December 2027 UCITS ETF C,ACE27,LU2823898353,ETF,EUR
BNPPE ESG Enh EUR Crp Bd December 2027 UCITS ETF C,BJLV,LU2823898353,ETF,EUR
BNPPE ESG Enh EUR Crp Bd December 2027 UCITS ETF D,BJL0,LU2823898437,ETF,EUR
BNPPE ESG Enh EUR Crp Bd December 2029 UCITS ETF C,ACE29,LU2823896811,ETF,EUR
BNPPE ESG Enh EUR Crp Bd December 2029 UCITS ETF C,BJLW,LU2823896811,ETF,EUR
BNPPE ESG Enh EUR Crp Bd December 2029 UCITS ETF D,BJLZ,LU2823896738,ETF,EUR
BNPPE ESG Enh EUR Crp Bd December 2032 UCITS ETF C,ACE32,LU2823895847,ETF,EUR
BNPPE ESG Enh EUR Crp Bd December 2032 UCITS ETF C,BJLX,LU2823895847,ETF,EUR
BNPPE ESG Enh EUR Crp Bd December 2032 UCITS ETF D,BJLY,LU2823895763,ETF,EUR
BNPPE EUR CrpBdSRIFsilFreeUltrSht Dur UCITS ETF C,SRIUC,LU2533812058,ETF,EUR
BNPPE EUR CrpBdSRIFsilFreeUltrSht Dur UCITS ETF D,SRIUD,LU2533811910,ETF,EUR
BNPPE FTSEEPRA/NAREITEurozone Capped UCITS ETF C,EEAA,LU0950381748,ETF,EUR
BNPPE FTSE EPRA/NAREIT Eurozone Capped UCITS ETF C,EEA,LU0950381748,ETF,EUR
BNPPE FTSE EPRA/NAREIT Eurozone Capped UCITS ETF C,EEA,LU0950381748,ETF,EUR
BNPPE FTSEEPRA/NAREITEurozone Capped UCITS ETF QDD,IM2A,LU0192223062,ETF,EUR
BNPPE FTSE EPRA/NAREIT Eurozone Capped UCITS ETF QDD,EEE,LU0192223062,ETF,EUR
BNPPE FTSEEPRA/NAREITEurozone Capped UCITS ETF QDD,IM2A,LU0192223062,ETF,EUR
BNPPE FTSEEPRA/NAREITDvlpEurop UCITS ETF QD D,0E48,LU1291091228,ETF,EUR
BNPPE JPM Tilted EMU Govt Bd IG 10Y+ UCITS ETF Cap,GOV10,LU2742533636,ETF,EUR
BNPPE MSCI Europe Small Caps SRI PAB UCITS ETF,EESM,LU1291101555,ETF,EUR
BNPPE MSCI Europe Small Caps SRI PAB UCITS ETF,EESM,LU1291101555,ETF,EUR
BNPPE MSCI Europe Small Caps SRI PAB UCITS ETF,EESM,LU1291101555,ETF,EUR
BNPPE MSCI Europe Small Caps SRI PAB UCITS ETF,EESM,LU1291101555,ETF,EUR
L&G Clean Water UCITS ETF USD Acc,XMLC,IE00BK5BC891,ETF,EUR
L&G Clean Water UCITS ETF USD Acc,GLUG,IE00BK5BC891,ETF,CHF
L&G Cyber Security Innovation UCITS ETF USD Acc,ES6Y,IE000ST40PX8,ETF,EUR
L&G Cyber Security UCITS ETF USD Acc,USPY,IE00BYPLS672,ETF,EUR
L&G Cyber Security UCITS ETF USD Acc,USPY,IE00BYPLS672,ETF,EUR
L&G Cyber Security UCITS ETF USD Acc,ISPY,IE00BYPLS672,ETF,CHF
L&G Cyber Security UCITS ETF USD Acc,ISPY,IE00BYPLS672,ETF,EUR
L&G Cyber Security UCITS ETF USD Acc,ISPY,IE00BYPLS672,ETF,EUR
L&G Cyber Security UCITS ETF USD Acc,ISPY,IE00BYPLS672,ETF,GBX
L&G Cyber Security UCITS ETF USD Acc,USPY,IE00BYPLS672,ETF,USD
L&G DAX Daily 2x Long UCITS ETF EUR Acc,DEL2,IE00B4QNHH68,ETF,EUR
L&G DAX Daily 2x Long UCITS ETF EUR Acc,DEL2,IE00B4QNHH68,ETF,EUR
L&G DAX Daily 2x Long UCITS ETF EUR Acc,DEL2,IE00B4QNHH68,ETF,EUR
L&G DAX Daily 2x Long UCITS ETF EUR Acc,DEL2,IE00B4QNHH68,ETF,EUR
L&G DAX Daily 2x Long UCITS ETF EUR Acc,DL2P,IE00B4QNHH68,ETF,GBX
L&G DAX Daily 2x Short UCITS ETF EUR Acc,DES2,IE00B4QNHZ41,ETF,EUR
L&G DAX Daily 2x Short UCITS ETF EUR Acc,DES2,IE00B4QNHZ41,ETF,EUR
L&G DAX Daily 2x Short UCITS ETF EUR Acc,DES2,IE00B4QNHZ41,ETF,EUR
L&G DAX Daily 2x Short UCITS ETF EUR Acc,DES2,IE00B4QNHZ41,ETF,EUR
L&G DAX Daily 2x Short UCITS ETF EUR Acc,DS2P,IE00B4QNHZ41,ETF,GBX
L&G Digital Payments UCITS USD Acc ETF,DPGA,IE00BF92J153,ETF,EUR
L&G Digital Payments UCITS USD Acc ETF,DPGA,IE00BF92J153,ETF,EUR
L&G Digital Payments UCITS USD Acc ETF,DPAY,IE00BF92J153,ETF,EUR
L&G Digital Payments UCITS USD Acc ETF,DPAG,IE00BF92J153,ETF,GBX
L&G Digital Payments UCITS USD Acc ETF,DPAY,IE00BF92J153,ETF,USD
L&G E Fund MSCI China A UCITS ETF USD Acc,CASE,IE00BHBFDF83,ETF,GBX
L&G Ecommerce Logistics UCITS ETF USD Acc,ETLH,IE00BF0M6N54,ETF,EUR
L&G Ecommerce Logistics UCITS ETF USD Acc,ECOM,IE00BF0M6N54,ETF,EUR
L&G Ecommerce Logistics UCITS ETF USD Acc,ECOM,IE00BF0M6N54,ETF,EUR
L&G Ecommerce Logistics UCITS ETF USD Acc,ETLH,IE00BF0M6N54,ETF,EUR
L&G Ecommerce Logistics UCITS ETF USD Acc,ECOM,IE00BF0M6N54,ETF,CHF
L&G Ecommerce Logistics UCITS ETF USD Acc,ECOM,IE00BF0M6N54,ETF,USD
L&G EM Govt Bd (USD) 0-5 Y Scrnd UCITS ETF USD Dis,EMD5,IE00BLRPQP15,ETF,EUR
L&G Em Mkts Corp Bd (USD) Scrnd UCITS ETF CHFH Acc,EMHC,IE0007EH5UK6,ETF,CHF
L&G Em Mkts Corp Bd (USD) Scrnd UCITS ETF EURH Acc,EMMH,IE000ZO4CUT7,ETF,EUR
L&G Em Mkts Corp Bd (USD) Scrnd UCITS ETF EURH Acc,EMMH,IE000ZO4CUT7,ETF,CHF
L&G Em Mkts Corp Bd (USD) Scrnd UCITS ETF GBPH Dis,EMDH,IE000YPT5PG3,ETF,GBX
L&G Em Mkts Corp Bd (USD) Scrnd UCITS ETF USD Acc,EMAU,IE00BLCGR455,ETF,USD
L&G Em Mkts Corp Bd (USD) Scrnd UCITS ETF USD Acc,EMAU,IE00BLCGR455,ETF,CHF
L&G Em Mrkts Qlty Div Eql Wght UCITS ETF USD Dis,LGGM,IE00BMYDMC42,ETF,EUR
L&G Em Mrkts Qlty Div Eql Wght UCITS ETF USD Dis,LDEM,IE00BMYDMC42,ETF,USD
L&G Em Mrkts Qlty Div Eql Wght UCITS ETF USD Dis,LDME,IE00BMYDMC42,ETF,GBX
L&G Emerging Markets Corporate Bond (USD) Screened UCITS USD Dist ETF,EMAB,IE00BLRPRF81,ETF,EUR
L&G Emerging Markets Corporate Bond (USD) Screened UCITS USD Dist ETF,EMUS,IE00BLRPRF81,ETF,EUR
L&G Emerging Markets Government Bond (USD) 0-5 Year Screened UCITS EUR Acc Hedged ETF,ENDH,IE000MINO564,ETF,EUR
L&G Euro ex-UK Qlty Div Eql Wght UCITS ETF EUR Dis,LGGE,IE00BMYDM919,ETF,EUR
L&G Euro ex-UK Qlty Div Eql Wght UCITS ETF EUR Dis,LGGE,IE00BMYDM919,ETF,EUR
L&G Euro ex-UK Qlty Div Eql Wght UCITS ETF EUR Dis,LDEU,IE00BMYDM919,ETF,EUR
L&G Europe Ex UK Equity UCITS ETF EUR Acc,LGEU,IE00BFXR5V83,ETF,EUR
L&G FTSE 100 Leveraged (Daily 2x) UCITS ETF GBPAcc,LUK2,IE00B4QNJJ23,ETF,GBX
Amundi Core S&P 500 Swap UCITS ETF EURH Dist,LYP2,LU0959211243,ETF,EUR
Amundi Core S&P 500 Swap UCITS ETF EURH Dist,SP5H,LU0959211243,ETF,EUR
Amundi Core S&P 500 Swap UCITS EUR Dist ETF,LYPS,LU0496786574,ETF,EUR
Amundi Core S&P 500 Swap UCITS EUR Dist ETF,SP5,LU0496786574,ETF,EUR
Amundi Core S&P 500 Swap UCITS EUR Dist ETF,LYPS,LU0496786574,ETF,EUR
Amundi Core S&P 500 Swap UCITS EUR Dist ETF,SPX,LU0496786574,ETF,EUR
Amundi Core S&P 500 Swap UCITS EUR Dist ETF,ETFSP500,LU0496786574,ETF,PLN
Amundi Core Stoxx Europe 600 UCITS ETF A,LYP6,LU0908500753,ETF,EUR
Amundi Core Stoxx Europe 600 UCITS ETF A,MEUD,LU0908500753,ETF,EUR
Amundi Core Stoxx Europe 600 UCITS ETF A,MEUD,LU0908500753,ETF,GBX
Amundi Core Stoxx Europe 600 UCITS ETF A,MEUD,LU0908500753,ETF,EUR
Amundi Core Stoxx Europe 600 UCITS ETF A,LYP6,LU0908500753,ETF,EUR
Amundi Core Stoxx Europe 600 UCITS EUR Hedged Dist ETF,STXH,LU1574142243,ETF,EUR
Amundi Core Stoxx Europe 600 UCITS EUR Hedged Dist ETF,STXH,LU1574142243,ETF,EUR
Amundi Core UK Government Bd UCITS ETF Dist,GILS,LU1407892592,ETF,EUR
Amundi Core UK Government Bd UCITS ETF Dist,GILS,LU1407892592,ETF,GBX
Amundi Core US Treasury Bond UCITS ETF Acc,PRAS,LU2089239193,ETF,EUR
Amundi Core US Treasury Bond UCITS ETF Dist,PR1S,LU1931975319,ETF,EUR
Amundi Core US Treasury Bond UCITS ETF Dist,PR1S,LU1931975319,ETF,EUR
Amundi Core US Treasury Bond UCITS ETF Dist,ETFUS,LU1931975319,ETF,EUR
Amundi Core US Treasury Bond UCITS ETF Dist,PRIT,LU1931975319,ETF,GBX
Amundi Core USD Corporate Bond UCITS Dist ETF,PR1P,LU2037749152,ETF,EUR
Amundi DAX 50 ESG UCITS DR (C) ETF,DECD,LU2240851688,ETF,EUR
Amundi DAX 50 ESG UCITS DR (C) ETF,DESG,LU2240851688,ETF,EUR
Amundi DAX II UCITS Acc ETF,LYY7,LU0252633754,ETF,EUR
Amundi DAX II UCITS Acc ETF,DAX,LU0252633754,ETF,EUR
Amundi DAX II UCITS Acc ETF,LYY7,LU0252633754,ETF,EUR
Amundi DAX II UCITS Acc ETF,DAXX,LU0252633754,ETF,EUR
Amundi DAX II UCITS Acc ETF,LYDAX,LU0252633754,ETF,EUR
Amundi DAX II UCITS Acc ETF,DAXX,LU0252633754,ETF,GBX
Amundi DAX II UCITS Acc ETF,ETFDAX,LU0252633754,ETF,PLN
Amundi DAX II UCITS ETF Dist,LDAX,LU2090062436,ETF,EUR
Amundi DAX II UCITS ETF Dist,LDAX,LU2090062436,ETF,EUR
Amundi Divdax Ucits Etf Dist,C003,LU2611731741,ETF,EUR
Amundi Divdax Ucits Etf Dist,AK8I,LU2611731741,ETF,EUR
Amundi DJ Global Titans 50 UCITS ETF Dist,MGT,FR0007075494,ETF,EUR
Amundi DJ Global Titans 50 UCITS ETF Dist,MGT,FR0007075494,ETF,EUR
Amundi DJ Switzerland Titans 30 UCITS Dist ETF,C030,LU2611732632,ETF,EUR
Amundi DJ Switzerland Titans 30 UCITS Dist ETF,AK8F,LU2611732632,ETF,EUR
Amundi Dow Jones Industrial Average UCITS ETF Dist,DJAM,FR0007056841,ETF,EUR
Amundi Dow Jones Industrial Average UCITS ETF Dist,DJE,FR0007056841,ETF,EUR
Amundi Dow Jones Industrial Average UCITS ETF Dist,DJAM,FR0007056841,ETF,EUR
Amundi Dow Jones Industrial Average UCITS ETF Dist,DJE,FR0007056841,ETF,EUR
Amundi Dow Jones Industrial Average UCITS ETF Dist,DJEL,FR0007056841,ETF,GBX
Amundi Dow Jones Industrial Average UCITS ETF Dist,DJEU,FR0007056841,ETF,USD
Amundi ETF DAX UCITS ETF DR C/D,CG1G,FR0010655712,ETF,EUR
Amundi ETF DAX UCITS ETF DR C/D,CG1,FR0010655712,ETF,EUR
Amundi ETF DAX UCITS ETF DR C/D,CG1,FR0010655712,ETF,GBX
Amundi ETF DAX UCITS ETF DR C/D,18MJ,FR0010655712,ETF,EUR
Amundi ETF DAX UCITS ETF DR C/D,CG1,FR0010655712,ETF,EUR
Invesco Physical Gold ETC,SGLP,IE00B579F325,ETF,GBX
Invesco Physical Gold ETC,SGLD,IE00B579F325,ETF,USD
Invesco Physical Gold GBP Hedged ETC,SGLS,XS2183935605,ETF,GBX
Invesco Physical Palladium ETC,SPAL,IE00B4LJS984,ETF,USD
Invesco Physical Platinum ETC,SPPT,IE00B40QP990,ETF,USD
Invesco Physical Silver ETC,8PSB,IE00B43VDT70,ETF,EUR
Invesco Physical Silver ETC,SSLV,IE00B43VDT70,ETF,USD
Invesco Preferred Shares UCITS ETF Acc,PRAC,IE00BG482169,ETF,USD
Invesco Preferred Shares UCITS ETF Acc,PRAC,IE00BG482169,ETF,USD
Invesco Preferred Shares UCITS ETF CHF Hdg Acc,PRFC,IE00BDT8TZ34,ETF,CHF
Invesco Preferred Shares UCITS ETF Dist,PRFD,IE00BDVJF675,ETF,EUR
Invesco Preferred Shares UCITS ETF Dist,PRFD,IE00BDVJF675,ETF,USD
Invesco Preferred Shares UCITS EUR Hgd Dist ETF,PDSE,IE00BDT8V027,ETF,EUR
Invesco Preferred Shares UCITS EUR Hgd Dist ETF,PDSE,IE00BDT8V027,ETF,EUR
Invesco Real Estate S&P US Sel Sctr UCITS ETF Acc,XRES,IE00BYM8JD58,ETF,EUR
Invesco Real Estate S&P US Sel Sctr UCITS ETF Acc,XRES,IE00BYM8JD58,ETF,USD
Invesco Russell 2000 UCITS Acc ETF,SC0K,IE00B60SX402,ETF,EUR
Invesco Russell 2000 UCITS Acc ETF,RTYS,IE00B60SX402,ETF,USD
Invesco Russell 2000 UCITS Acc ETF,SC0K,IE00B60SX402,ETF,EUR
Invesco Russell 2000 UCITS Acc ETF,SR200,IE00B60SX402,ETF,EUR
Invesco S&P 500 CTB Nt Zr Pthw ESG UCITS ETF Acc,CTBA,IE000N1ZEIG9,ETF,EUR
Invesco S&P 500 Equal Weight Swap UCITS ETF Acc,RSPS,IE0000TZZ2B2,ETF,EUR
Invesco S&P 500 Equal Weight UCITS ETF Acc,SP2Q,IE00BNGJJT35,ETF,EUR
Invesco S&P 500 Equal Weight UCITS ETF Acc,SP2Q,IE00BNGJJT35,ETF,EUR
Invesco S&P 500 Equal Weight UCITS ETF Dist,SP2D,IE00BM8QRY62,ETF,EUR
Invesco S&P 500 Equal Weight UCITS ETF Dist,SPED,IE00BM8QRY62,ETF,USD
Invesco S&P 500 High Div Low Vlty UCITS ETF Dist,HDLV,IE00BWTN6Y99,ETF,EUR
Invesco S&P 500 High Div Low Vlty UCITS ETF Dist,HDLG,IE00BWTN6Y99,ETF,GBX
Invesco S&P 500 High Div Low Vlty UCITS ETF Dist,HDLV,IE00BWTN6Y99,ETF,USD
Invesco S&P 500 High Div Low Vlty UCITS ETF Dist,HDLV,IE00BWTN6Y99,ETF,USD
Invesco S&P 500 High Div Low Vlty UCITS ETF Dist,HDLV,IE00BWTN6Y99,ETF,EUR
Invesco S&P 500 High Div Low Vlty UCITS ETF Dist,HDLV,IE00BWTN6Y99,ETF,EUR
Invesco S&P 500 High Div Low Vlty UCITS ETF Dist,HDLV,IE00BWTN6Y99,ETF,EUR
Invesco S&P 500 Low Volatility UCITS ETF Acc,SPLW,IE00BKW9SX35,ETF,EUR
Invesco S&P 500 Low Volatility UCITS ETF Acc,SPLW,IE00BKW9SX35,ETF,USD
Invesco S&P 500 Quality UCITS Dist ETF,QSPD,IE000SNCKVM9,ETF,EUR
Invesco S&P 500 Quality UCITS ETF Acc,QSPA,IE000E6TPCH9,ETF,EUR
Invesco S&P 500 QVM UCITS ETF Dist,QVMP,IE00BDZCKK11,ETF,EUR
Invesco S&P 500 QVM UCITS ETF Dist,PQVG,IE00BDZCKK11,ETF,GBX
Invesco S&P 500 QVM UCITS ETF Dist,PQVM,IE00BDZCKK11,ETF,USD
Invesco S&P 500 QVM UCITS ETF Dist,PQVM,IE00BDZCKK11,ETF,EUR
Invesco S&P 500 QVM UCITS ETF Dist,PQVM,IE00BDZCKK11,ETF,CHF
Invesco S&P 500 Scored & Screened UCITS - EUR Hedged ETF,5ESE,IE000QF66PE6,ETF,EUR
Invesco S&P 500 Scored & Screened UCITS - EUR Hedged ETF,5ESE,IE000QF66PE6,ETF,EUR
Invesco S&P 500 Scored & Screened UCITS ETF Acc,5ESG,IE00BKS7L097,ETF,EUR
Invesco S&P 500 Scored & Screened UCITS ETF Acc,SPEP,IE00BKS7L097,ETF,GBX
Invesco S&P 500 Scored & Screened UCITS ETF Acc,SPXE,IE00BKS7L097,ETF,USD
Invesco S&P 500 Scored & Screened UCITS ETF Acc,5ESG,IE00BKS7L097,ETF,EUR
Invesco S&P 500 UCITS ETF Acc,P500,IE00B3YCGJ38,ETF,EUR
Invesco S&P 500 UCITS ETF Acc,SPXS,IE00B3YCGJ38,ETF,USD
Vanguard S&P 500 UCITS ETF USD Dis,VUSA,IE00B3XXRP09,ETF,EUR
Vanguard S&P 500 UCITS ETF USD Dis,VUSA,IE00B3XXRP09,ETF,EUR
Vanguard S&P 500 UCITS ETF USD Dis,VUSA,IE00B3XXRP09,ETF,GBP
Vanguard S&P 500 UCITS ETF USD Dis,VUSD,IE00B3XXRP09,ETF,USD
Vanguard S&P 500 UCITS ETF USD Dis,VUSA,IE00B3XXRP09,ETF,CHF
Vanguard S&P 500 UCITS ETF USD Dis,VG73,IE00B3XXRP09,ETF,EUR
Vanguard S&P 500 UCITS ETF USD Dis,VUSA,IE00B3XXRP09,ETF,EUR
Vanguard U.K. Gilt UCITS ETF GBP Acc,VGVA,IE00BH04GW44,ETF,GBP
Vanguard U.K. Gilt UCITS ETF GBP Acc,VX6F,IE00BH04GW44,ETF,EUR
Vanguard U.K. Gilt UCITS ETF GBP Dis,VGOV,IE00B42WWV65,ETF,EUR
Vanguard U.K. Gilt UCITS ETF GBP Dis,VGOV,IE00B42WWV65,ETF,GBP
Vanguard U.K. Gilt UCITS ETF GBP Dis,VG75,IE00B42WWV65,ETF,EUR
Vanguard U.K. Gilt UCITS EUR hedged - Acc ETF,VGUE,IE00BMX0B524,ETF,EUR
Vanguard US Treasury 0-1Y Bd UCITS ETF USD Acc,VUCF,IE00BLRPPV00,ETF,EUR
Vanguard US Treasury 0-1Y Bd UCITS ETF USD Acc,VDST,IE00BLRPPV00,ETF,USD
Vanguard US Treasury 0-1Y Bd UCITS ETF USD Acc,VUCF,IE00BLRPPV00,ETF,EUR
Vanguard USD Corpo 1-3 Year Bd UCITS ETF GBP Hgd D,VGCA,IE00BGYWSZ44,ETF,GBP
Vanguard USD Corpo 1-3 Year Bd UCITS ETF USD A,VDCA,IE00BGYWSV06,ETF,EUR
Vanguard USD Corpo 1-3 Year Bd UCITS ETF USD A,VDCA,IE00BGYWSV06,ETF,USD
Vanguard USD Corpo 1-3 Year Bd UCITS ETF USD A,VSCA,IE00BGYWSV06,ETF,CHF
Vanguard USD Corpo 1-3 Year Bd UCITS ETF USD A,VAGY,IE00BGYWSV06,ETF,EUR
Vanguard USD Corpo 1-3 Year Bd UCITS ETF USD D,VUSC,IE00BDD48R20,ETF,EUR
Vanguard USD Corpo 1-3 Year Bd UCITS ETF USD D,VUSC,IE00BDD48R20,ETF,EUR
Vanguard USD Corpo 1-3 Year Bd UCITS ETF USD D,VUSC,IE00BDD48R20,ETF,CHF
Vanguard USD Corporate Bond UCITS ETF USD Acc,VUCE,IE00BGYWFK87,ETF,EUR
Vanguard USD Corporate Bond UCITS ETF USD Acc,VDPA,IE00BGYWFK87,ETF,USD
Vanguard USD Corporate Bond UCITS ETF USD Acc,VUCE,IE00BGYWFK87,ETF,EUR
Vanguard USD Corporate Bond UCITS ETF USD Acc,VUCE,IE00BGYWFK87,ETF,EUR
Vanguard USD Corporate Bond UCITS ETF USD Acc,VCPA,IE00BGYWFK87,ETF,CHF
Vanguard USD Corporate Bond UCITS ETF USD Dis,VUCP,IE00BZ163K21,ETF,EUR
Vanguard USD Corporate Bond UCITS ETF USD Dis,VDCP,IE00BZ163K21,ETF,USD
Vanguard USD Corporate Bond UCITS ETF USD Dis,VUCP,IE00BZ163K21,ETF,GBP
Vanguard USD Corporate Bond UCITS ETF USD Dis,VUCP,IE00BZ163K21,ETF,EUR
Vanguard USD Corporate Bond UCITS ETF USD Dis,VUCP,IE00BZ163K21,ETF,CHF
Vanguard USD Corporate Bond UCITS ETF USD Dis,VG7K,IE00BZ163K21,ETF,EUR
Vanguard USD Corporate Bond UCITS ETF USD Dis,VUCP,IE00BZ163K21,ETF,EUR
Vanguard USD Corporate Bond UCITS EUR hedged - Acc ETF,VDCE,IE00BGYWFL94,ETF,EUR
Vanguard USD Corporate Bond UCITS EUR hedged - Acc ETF,VDCE,IE00BGYWFL94,ETF,EUR
Vanguard USD Em Mkts Govt Bd UCITS ETF USD Acc,VDEA,IE00BGYWCB81,ETF,USD
Vanguard USD Em Mkts Govt Bd UCITS ETF USD Acc,VDEA,IE00BGYWCB81,ETF,EUR
Vanguard USD Em Mkts Govt Bd UCITS ETF USD Dis,VGEM,IE00BZ163L38,ETF,EUR
Vanguard USD Em Mkts Govt Bd UCITS ETF USD Dis,VEMT,IE00BZ163L38,ETF,EUR
Vanguard USD Em Mkts Govt Bd UCITS ETF USD Dis,VDET,IE00BZ163L38,ETF,CHF
Vanguard USD Em Mkts Govt Bd UCITS ETF USD Dis,VDET,IE00BZ163L38,ETF,USD
Vanguard USD Em Mkts Govt Bd UCITS ETF USD Dis,VG7M,IE00BZ163L38,ETF,EUR
Vanguard USD Em Mkts Govt Bd UCITS ETF USD Dis,VEMT,IE00BZ163L38,ETF,EUR
Vanguard USD Treasury Bond UCITS ETF Acc,VDTA,IE00BGYWFS63,ETF,EUR
Vanguard USD Treasury Bond UCITS ETF Acc,VDTA,IE00BGYWFS63,ETF,USD
Vanguard USD Treasury Bond UCITS ETF Acc,VAGT,IE00BGYWFS63,ETF,EUR
Vanguard USD Treasury Bond UCITS ETF Dis,VDTY,IE00BZ163M45,ETF,USD
iShares EM Dividend UCITS ETF USD (Dist),EUNY,IE00B652H904,ETF,EUR
iShares EM Dividend UCITS ETF USD (Dist),IEDY,IE00B652H904,ETF,USD
iShares EM Dividend UCITS ETF USD (Dist),SEDY,IE00B652H904,ETF,GBX
iShares EM Dividend UCITS ETF USD (Dist),EUNY,IE00B652H904,ETF,EUR
iShares EM Dividend UCITS ETF USD (Dist),IEDY,IE00B652H904,ETF,CHF
iShares Emerg Mkts Equity Enh Actv UCITS ETF USD A,EGEE,IE000OVF8Q66,ETF,EUR
iShares Emerg Mkts Equity Enh Actv UCITS ETF USD A,EGEE,IE000OVF8Q66,ETF,EUR
iShares Emerg Mkts Equity Enh Actv UCITS ETF USD A,EMEE,IE000OVF8Q66,ETF,USD
iShares Emerg Mkts Equity Enh Actv UCITS ETF USD A,EMEE,IE000OVF8Q66,ETF,GBP
iShares Emerging Asia Local Gvt Bd UCITS ETF USD A,IGAA,IE00BFM6T814,ETF,USD
iShares Emerging Asia Local Gvt Bd UCITS ETF USD D,IS0S,IE00B6QGFW01,ETF,EUR
iShares Emerging Asia Local Gvt Bd UCITS ETF USD D,IGEA,IE00B6QGFW01,ETF,USD
iShares Emerging Asia Local Gvt Bd UCITS ETF USD D,SGEA,IE00B6QGFW01,ETF,GBP
iShares Emerging Asia Local Gvt Bd UCITS ETF USD D,IS0S,IE00B6QGFW01,ETF,EUR
iShares Emerging Asia Local Gvt Bd UCITS ETF USD D,IGEA,IE00B6QGFW01,ETF,CHF
iShares Energy Storage & Hydrogen UCITS ETF USD Ac,J840,IE000DR59CI3,ETF,EUR
iShares Energy Storage & Hydrogen UCITS ETF USD Ac,STOR,IE000DR59CI3,ETF,USD
iShares Essential Metals Producers UCITS ETF USD (Acc),CEBT,IE000ROSD5J6,ETF,EUR
iShares Essential Metals Producers UCITS ETF USD (Acc),METL,IE000ROSD5J6,ETF,USD
iShares Essential Metals Producers UCITS ETF USD (Acc),CEBT,IE000ROSD5J6,ETF,EUR
iShares EUR Cash UCITS ETF EUR (Acc),YCSH,IE000JJPY166,ETF,EUR
iShares EUR Cash UCITS ETF EUR (Acc),YCSH,IE000JJPY166,ETF,EUR
iShares EUR Cash UCITS ETF EUR (Acc),YCSH,IE000JJPY166,ETF,EUR
iShares EUR Corp Bond 1-5yr UCITS EUR (Acc) ETF,IE1A,IE000F6G1DE0,ETF,EUR
iShares EUR Corp Bond Financials UCITS EUR (Dist) ETF,IS3B,IE00B87RLX93,ETF,EUR
iShares EUR Corp Bond Financials UCITS EUR (Dist) ETF,0UCF,IE00B87RLX93,ETF,EUR
iShares EUR Corp Bond Financials UCITS EUR (Dist) ETF,IS3B,IE00B87RLX93,ETF,EUR
iShares EUR Corp Bond Financials UCITS EUR (Dist) ETF,IECF,IE00B87RLX93,ETF,CHF
iShares EUR Covered Bond UCITS EUR (Dist) ETF,IUS6,IE00B3B8Q275,ETF,EUR
iShares EUR Covered Bond UCITS EUR (Dist) ETF,ICOV,IE00B3B8Q275,ETF,EUR
iShares EUR Covered Bond UCITS EUR (Dist) ETF,ICOV,IE00B3B8Q275,ETF,EUR
iShares EUR Covered Bond UCITS EUR (Dist) ETF,IUS6,IE00B3B8Q275,ETF,EUR
iShares EUR Covered Bond UCITS EUR (Dist) ETF,ICOV,IE00B3B8Q275,ETF,EUR
iShares EUR Covered Bond UCITS EUR (Dist) ETF,ICOV,IE00B3B8Q275,ETF,EUR
iShares EUR Govt Bond 15-30yr UCITS ETF EUR (Acc),IGBY,IE000XRBP9E3,ETF,EUR
iShares EUR Govt Bond 20yr Target Duration UCITS EUR (Dist) ETF,IS05,IE00BSKRJX20,ETF,EUR
iShares EUR Govt Bond 20yr Target Duration UCITS EUR (Dist) ETF,IS05,IE00BSKRJX20,ETF,EUR
iShares EUR Govt Bond 20yr Target Duration UCITS EUR (Dist) ETF,E20Y,IE00BSKRJX20,ETF,EUR
iShares EUR Govt Bond 7-10yr UCITS EUR (Acc) ETF,SXRQ,IE00B3VTN290,ETF,EUR
iShares EUR Govt Bond 7-10yr UCITS EUR (Acc) ETF,CE01,IE00B3VTN290,ETF,GBX
iShares EUR Govt Bond 7-10yr UCITS EUR (Acc) ETF,SXRQ,IE00B3VTN290,ETF,EUR
iShares EUR Govt Bond Climate UCITS EUR (Acc) ETF,SECA,IE00BLDGH553,ETF,EUR
iShares EUR Govt Bond Climate UCITS EUR (Dist) ETF,SECD,IE00BLDGH447,ETF,EUR
iShares EUR Green Bond UCITS EUR (Acc) ETF,CBUP,IE000IZO7033,ETF,EUR
iShares EUR Green Bond UCITS EUR (Dist) ETF,GRON,IE00BMDBMN04,ETF,EUR
iShares EUR Ultrashort Bond UCITS EUR (Acc) ETF,ERNX,IE000RHYOR04,ETF,EUR
iShares EUR Ultrashort Bond UCITS EUR (Acc) ETF,ERNX,IE000RHYOR04,ETF,EUR
iShares Euro Dividend UCITS ETF EUR Dist,IQQA,IE00B0M62S72,ETF,EUR
iShares Euro Dividend UCITS ETF EUR Dist,IDVY,IE00B0M62S72,ETF,EUR
iShares Euro Dividend UCITS ETF EUR Dist,IDVY,IE00B0M62S72,ETF,EUR
First Trust Nasdaq Cln Edge Grn En UCITS ETF A USD,QCLN,IE00BDBRT036,ETF,EUR
First Trust Nasdaq Cln Edge Grn En UCITS ETF A USD,QCLU,IE00BDBRT036,ETF,USD
First Trust Nasdaq Cln Edge Grn En UCITS ETF A USD,QCLN,IE00BDBRT036,ETF,EUR
First Trust Nasdaq Cybersec UCITS ETF C EURH Acc,CBEU,IE000P16KP52,ETF,EUR
First Trust Nasdaq Cybersecurity UCITS ETF A USD,CBRS,IE00BF16M727,ETF,EUR
First Trust Nasdaq Cybersecurity UCITS ETF A USD,CIBR,IE00BF16M727,ETF,USD
First Trust Nasdaq Cybersecurity UCITS ETF A USD,CBRS,IE00BF16M727,ETF,EUR
First Trust NYSE Arca Biotech UCITS ETF A USD,FBTU,IE00BL0L0H60,ETF,USD
First Trust RBA Amer Indust Rnssnc UCITS ETF A USD,AIRR,IE000U6ABUJ7,ETF,CHF
First Trust Rsng Div Achievers UCITS ETF A USD Acc,RDVY,IE000K5F6EL4,ETF,CHF
First Trust US Eq Opportunities UCITS ETF A USD,FPXU,IE00BYTH6238,ETF,USD
First Trust US Eq Opportunities UCITS ETF A USD,FPX,IE00BYTH6238,ETF,GBX
First Trust US Equity Income UCITS ETF B USD,FTGI,IE00BD6GCF16,ETF,EUR
First Trust US Equity Income UCITS ETF B USD,UNCU,IE00BD6GCF16,ETF,USD
First Trust US Equity Income UCITS ETF B USD,FTGI,IE00BD6GCF16,ETF,EUR
First Trust US Equity Income UCITS ETF D GBP Hgd,UIGB,IE00079WNSI6,ETF,GBX
First Trust US Lg Cap Core AlphaDEX UCITS ETF AUSD,FEXU,IE00B8X9NW27,ETF,USD
First Trust US Lg Cap Core AlphaDEX UCITS ETF AUSD,FEX,IE00B8X9NW27,ETF,GBX
First Trust US Lg Cap Core AlphaDEX UCITS ETF BUSD,FEXD,IE00BWTNMB87,ETF,GBX
First Trust US Momentum UCITS ETF A USD,FTGM,IE000CY30YV9,ETF,EUR
First Trust Value Line Div Index UCITS ETF A USD,FVD,IE00BKVKW020,ETF,EUR
First Trust Value Line Div Index UCITS ETF A USD,FVD,IE00BKVKW020,ETF,USD
First Trust Value Line Div Index UCITS ETF A USD,FVD,IE00BKVKW020,ETF,EUR
First Trust Vest S&P 500 DvArTrInc UCITS ETF BUSDD,KNG,IE000SNMGYT5,ETF,EUR
First Trust Vest S&P 500 DvArTrInc UCITS ETF BUSDD,KNGI,IE000SNMGYT5,ETF,CHF
First Trust Vest U.S. Equity Buffer UCITS ETF - January Class A Acc,FJAN,IE000MDKBOB3,ETF,CHF
First Trust Vest U.S. Equity Moderate Buffer UCITS ETF,GAUG,IE000TGSG3Y5,ETF,EUR
First Trust Vest U.S. Equity Moderate Buffer UCITS ETF Class A USD Acc,GAUG,IE000TGSG3Y5,ETF,USD
First Trust Vest US Eq BffrUCITS ETF Apr A USD Acc,FAPR,IE000WX2HZQ7,ETF,CHF
First Trust Vest US Eq BffrUCITS ETF Jul A USD Acc,FJUL,IE000YJBT6I5,ETF,CHF
First Trust Vest US Eq BffrUCITS ETF Oct A USD Acc,FOCT,IE0004X8KUG5,ETF,CHF
First Trust Vest US Eq Mod BffrUCITS ETFNovAUSDAcc,FTGN,IE000OJ31JQ4,ETF,EUR
"Franklin AI, Metaverse and Blockchain UCITS ETF",FLRA,IE000IM4K4K2,ETF,EUR
"Franklin AI, Metaverse and Blockchain UCITS ETF",FLRA,IE000IM4K4K2,ETF,EUR
"Franklin AI, Metaverse and Blockchain UCITS ETF",METE,IE000IM4K4K2,ETF,USD
Franklin EM Multi-Factor Equity UCITS ETF,FLXE,IE00BF2B0K52,ETF,EUR
Franklin EM Multi-Factor Equity UCITS ETF,FLXE,IE00BF2B0K52,ETF,EUR
Franklin Euro Short Maturity UCITS ETF (Acc),FVSA,IE000STIHQB2,ETF,EUR
Franklin Euro Short Maturity UCITS ETF (Acc),FLESA,IE000STIHQB2,ETF,EUR
Franklin Euro Short Maturity UCITS ETF (Dis),FVSH,IE00BFWXDY69,ETF,EUR
Franklin Euro Short Maturity UCITS ETF (Dis),FLES,IE00BFWXDY69,ETF,EUR
Franklin Euro Short Maturity UCITS ETF (Dis),FLES,IE00BFWXDY69,ETF,EUR
Franklin European Quality Dividend UCITS ETF,FLXD,IE00BF2B0L69,ETF,EUR
Franklin European Quality Dividend UCITS ETF,FLXD,IE00BF2B0L69,ETF,EUR
Franklin FTSE Asia ex China ex Japan UCITS ETF,FVSJ,IE00BFWXDV39,ETF,EUR
Franklin FTSE Asia ex China ex Japan UCITS ETF,FLQA,IE00BFWXDV39,ETF,EUR
Franklin FTSE Asia ex China ex Japan UCITS ETF,FLQA,IE00BFWXDV39,ETF,USD
Franklin FTSE Brazil UCITS ETF,FLXB,IE00BHZRQY00,ETF,EUR
Franklin FTSE Brazil UCITS ETF,FLXB,IE00BHZRQY00,ETF,EUR
Franklin FTSE Brazil UCITS ETF,FLXB,IE00BHZRQY00,ETF,USD
Amundi USD Corp Bond ESG UCITS ETF DR C,UCRP,LU1806495575,ETF,EUR
Amundi USD Corp Bond ESG UCITS ETF DR C,UCRP,LU1806495575,ETF,EUR
Amundi USD Em Mkts Gov Bond UCITS ETF Acc,LU1681041205,LU1681041205,ETF,USD
Amundi USD Em Mkts Gov Bond UCITS ETF Acc,AGEB,LU1681041205,ETF,EUR
Amundi USD Fed Funds Rate UCITS ETF Acc,FEDF,LU1233598447,ETF,USD
Amundi USD Fltng Rate Corp Bd ESG UCITS ETF EUR HA,FRNH,LU1681041031,ETF,EUR
Amundi USD Fltng Rate Corp Bd ESG UCITS ETF EUR HA,HFRN,LU1681041031,ETF,EUR
Amundi USD Fltng Rate Corp Bd ESG UCITS ETF USD A,FRNU,LU1681040900,ETF,EUR
Amundi USD Fltng Rate Corp Bd ESG UCITS ETF USD A,USFRN,LU1681040900,ETF,EUR
Amundi USD Fltng Rate Corp Bd ESG UCITS ETF USD A,AFLT ,LU1681040900,ETF,USD
Amundi USD High Yield Corp Bd ESG UCITS ETF D,USHY,LU1435356149,ETF,EUR
Amundi USD High Yield Corp Bd ESG UCITS ETF D,UHYG,LU1435356149,ETF,GBP
Amundi USD High Yield Corp Bd ESG UCITS ETF D,USHY,LU1435356149,ETF,USD
Amundi USD High Yield Corp Bd ESG UCITS ETF D,USHY,LU1435356149,ETF,EUR
Amundi USD High Yield Corp Bd ESG UCITS ETF EURH D,USYH,LU1435356495,ETF,EUR
Amundi USD High Yield Corp Bd ESG UCITS ETF EURH D,0E5P,LU1435356495,ETF,EUR
Amundi USD High Yield Corp Bd ESG UCITS ETF EURH D,LYXE,LU1435356495,ETF,EUR
Avantis Emerging Markets Eq UCITS ETF USD Acc ETF,AVEM,IE000K975W13,ETF,EUR
Avantis Emerging Markets Eq UCITS ETF USD Acc ETF,AVEM,IE000K975W13,ETF,EUR
Avantis Global Small Cap Val UCITS ETF USD A ETF,AVWS,IE0003R87OG3,ETF,EUR
AXA IM ACT Biodiversity Equity UCITS ETF USD Acc,ABIT,IE000SBHVL31,ETF,EUR
AXA IM ACT Biodiversity Equity UCITS ETF USD Acc,ABIU,IE000SBHVL31,ETF,USD
AXA IM ACT Biodivrsty Equity UCITS ETF EUR Hdg Acc,ABIE,IE0003IT72N9,ETF,EUR
AXA IM ACT Climate Equity UCITS ETF EUR Hdg Acc,ACLE,IE000E66LX20,ETF,EUR
AXA IM ACT Climate Equity UCITS ETF USD Acc,ACLT,IE000Z8BHG02,ETF,EUR
AXA IM MSCI Emerg Mrkts Eq PAB UCITS ETF USD Acc,AIQT,IE000GLIXPP3,ETF,EUR
AXA IM MSCI Emerging Markets Ex-China Equity PAB UCITS - EUR (H) Acc ETF,AXQE,IE000Y65F5C2,ETF,EUR
AXA IM MSCI Europe Equity PAB UCITS EUR acc ETF,AIME,IE000YASIPS3,ETF,EUR
AXA IM MSCI Europe Equity PAB UCITS EUR acc ETF,AIME,IE000YASIPS3,ETF,EUR
AXA IM MSCI Europe Equity PAB UCITS EUR acc ETF,AIME,IE000YASIPS3,ETF,EUR
AXA IM MSCI Europe Equity PAB UCITS EUR acc ETF,AIME,IE000YASIPS3,ETF,EUR
AXA IM MSCI USA Equity PAB UCITS USD acc ETF,AIUT,IE000AXIKJM8,ETF,EUR
AXA IM MSCI USA Equity PAB UCITS USD acc ETF,AIUU,IE000AXIKJM8,ETF,USD
AXA IM Nasdaq 100 UCITS ETF EUR Acc (H),ANAE,IE000STJ19F2,ETF,EUR
AXA IM Nasdaq 100 UCITS USD Acc ETF,ANAV,IE000QDFFK00,ETF,EUR
AXA IM Nasdaq 100 UCITS USD Acc ETF,ANAU,IE000QDFFK00,ETF,USD
AXA IM Nasdaq 100 UCITS USD Acc ETF,ANAU,IE000QDFFK00,ETF,USD
AXA IM Nasdaq 100 UCITS USD Acc ETF,ANAV,IE000QDFFK00,ETF,EUR
AXA IM Short Duration Income UCITS ETF EUR Hdg Dis,ASHE,IE0002FPYN09,ETF,EUR
AXA IM Short Duration Income UCITS ETF EUR Hdg Dis,ASHE,IE0002FPYN09,ETF,EUR
AXA IM US High Yield Opps UCITS ETF USD Acc,AHYT,IE000IAPH329,ETF,EUR
Bitwise Core Bitcoin ETP,BTC1,DE000A4AER62,ETF,EUR
Bitwise Core Bitcoin ETP,BTC2,DE000A4AER62,ETF,USD
Bitwise MSCI Digital Assets Select 20 ETP,DA20,DE000A3G3ZL3,ETF,EUR
Bitwise MSCI Digital Assets Select 20 ETP,DA20,DE000A3G3ZL3,ETF,EUR
Bitwise MSCI Digital Assets Select 20 ETP,DA20,DE000A3G3ZL3,ETF,EUR
Bitwise Physical Cardano ETP,RDAN,DE000A3GVKY4,ETF,EUR
Bitwise Physical Ethereum ETP,ZETH,DE000A3GMKD7,ETF,EUR
Bitwise Physical Ethereum ETP,ZETH,DE000A3GMKD7,ETF,EUR
Bitwise Physical Ethereum ETP,DE000A3GMKD7,DE000A3GMKD7,ETF,USD
iShares MSCI China Tech UCITS ETF USD (Acc),CBUK,IE000NFR7C63,ETF,EUR
iShares MSCI China Tech UCITS ETF USD (Acc),CTCE,IE000NFR7C63,ETF,GBP
iShares MSCI China UCITS ETF USD Acc,ICGA,IE00BJ5JPG56,ETF,EUR
iShares MSCI China UCITS ETF USD Acc,ICGA,IE00BJ5JPG56,ETF,EUR
iShares MSCI China UCITS ETF USD Acc,ICHN,IE00BJ5JPG56,ETF,USD
iShares MSCI China UCITS ETF USD Dist,ICHD,IE00BL977C92,ETF,USD
iShares MSCI EM Asia UCITS ETF USD (Acc),CEBL,IE00B5L8K969,ETF,EUR
iShares MSCI EM Asia UCITS ETF USD (Acc),CEBL,IE00B5L8K969,ETF,EUR
iShares MSCI EM Asia UCITS ETF USD (Acc),CSEMA,IE00B5L8K969,ETF,EUR
iShares MSCI EM Asia UCITS ETF USD (Acc),CEA1,IE00B5L8K969,ETF,GBX
iShares MSCI EM Asia UCITS ETF USD (Acc),CEMA,IE00B5L8K969,ETF,USD
iShares MSCI EM Asia UCITS ETF USD (Acc),CSEMAS,IE00B5L8K969,ETF,USD
iShares MSCI EM Consumer Growth UCITS ETF USD Acc,CEMG,IE00BKM4H197,ETF,EUR
iShares MSCI EM Consumer Growth UCITS ETF USD Acc,CEMG,IE00BKM4H197,ETF,USD
iShares MSCI EM Consumer Growth UCITS ETF USD Acc,CEMG,IE00BKM4H197,ETF,EUR
iShares MSCI EM ESG Enhanced CTB UCITS ETF USD (Dist),EEDM,IE00BHZPJ122,ETF,USD
iShares MSCI EM ESG Enhanced CTB UCITS USD (Acc) ETF,EDM2,IE00BHZPJ239,ETF,EUR
iShares MSCI EM ex-China UCITS ETF USD Acc,84X0,IE00BMG6Z448,ETF,EUR
iShares MSCI EM ex-China UCITS ETF USD Acc,EXCH,IE00BMG6Z448,ETF,USD
iShares MSCI EM ex-China UCITS ETF USD Acc,MTPI,IE00BMG6Z448,ETF,EUR
iShares MSCI EM ex-China UCITS ETF USD Dist,EXCD,IE000W8RYVC0,ETF,USD
iShares MSCI EM IMI ESG Screened UCITS ETF USD A,AYEM,IE00BFNM3P36,ETF,EUR
iShares MSCI EM IMI ESG Screened UCITS ETF USD A,AYEM,IE00BFNM3P36,ETF,EUR
iShares MSCI EM IMI ESG Screened UCITS ETF USD A,SAEM,IE00BFNM3P36,ETF,USD
iShares MSCI EM IMI ESG Screened UCITS ETF USD A,SAEM,IE00BFNM3P36,ETF,USD
iShares MSCI EM IMI ESG Screened UCITS ETF USD A,OM3Y,IE00BFNM3N12,ETF,EUR
iShares MSCI EM IMI ESG Screened UCITS ETF USD D,OM3Y,IE00BFNM3N12,ETF,EUR
iShares MSCI EM IMI ESG Screened UCITS ETF USD D,SEDM,IE00BFNM3N12,ETF,USD
iShares MSCI EM Islamic UCITS ETF USD (Dist),ISDE,IE00B27YCP72,ETF,USD
iShares MSCI EM Latin America UCITS ETF USD D,IUSC,IE00B27YCK28,ETF,EUR
iShares MSCI EM Latin America UCITS ETF USD D,LTAM,IE00B27YCK28,ETF,EUR
iShares MSCI EM Latin America UCITS ETF USD D,LTAM,IE00B27YCK28,ETF,EUR
iShares MSCI EM Latin America UCITS ETF USD D,DLTM,IE00B27YCK28,ETF,USD
iShares MSCI EM Latin America UCITS ETF USD D,LTAM,IE00B27YCK28,ETF,GBX
iShares MSCI EM Latin America UCITS ETF USD D,IUSC,IE00B27YCK28,ETF,EUR
iShares MSCI EM Small Cap UCITS ETF USD (Dist),EUNI,IE00B3F81G20,ETF,EUR
iShares MSCI EM Small Cap UCITS ETF USD (Dist),IEMS,IE00B3F81G20,ETF,USD
iShares MSCI EM Small Cap UCITS ETF USD (Dist),EUNI,IE00B3F81G20,ETF,EUR
iShares MSCI EM Small Cap UCITS ETF USD (Dist),IEMS,IE00B3F81G20,ETF,USD
iShares MSCI EM SRI UCITS ETF USD (Acc),QDVS,IE00BYVJRP78,ETF,EUR
iShares MSCI EM SRI UCITS ETF USD (Acc),SUES,IE00BYVJRP78,ETF,GBX
iShares MSCI EM SRI UCITS ETF USD (Acc),SUSM,IE00BYVJRP78,ETF,USD
iShares MSCI EM SRI UCITS ETF USD (Acc),QDVS,IE00BYVJRP78,ETF,EUR
iShares MSCI EM SRI UCITS ETF USD (Acc),SUSM,IE00BYVJRP78,ETF,USD
iShares MSCI EM SRI UCITS ETF USD (Acc),SUSM,IE00BYVJRP78,ETF,EUR
iShares MSCI EM SRI UCITS ETF USD (Acc),SUSM,IE00BYVJRP78,ETF,EUR
iShares MSCI EM SRI UCITS ETF USD (Dist),36B5,IE00BGDQ0T50,ETF,EUR
iShares MSCI EM SRI UCITS ETF USD (Dist),SEMD,IE00BGDQ0T50,ETF,USD
iShares MSCI EM SRI UCITS ETF USD (Dist),36B5,IE00BGDQ0T50,ETF,EUR
iShares MSCI EM UCITS ETF USD (Acc),SEMA,IE00B4L5YC18,ETF,USD
Wisdomtree Coffee ETC,OD7B,JE00BN7KB557,ETF,EUR
Wisdomtree Commodity Cotton ETC,OD7E,GB00B15KXT11,ETF,EUR
Wisdomtree Commodity Cotton ETC,OOEG,GB00B15KXT11,ETF,EUR
Wisdomtree Commodity Cotton ETC,COTN,GB00B15KXT11,ETF,EUR
Wisdomtree Commodity Cotton ETC,COTN,GB00B15KXT11,ETF,USD
WisdomTree Copper - EUR Daily Hedged ETC,00XL,JE00B4PDKD43,ETF,EUR
WisdomTree Copper - EUR Daily Hedged ETC,ECOP,JE00B4PDKD43,ETF,EUR
WisdomTree Copper EUR Daily Hedged ETC,00XB,JE00B4PDKD43,ETF,EUR
WisdomTree Copper 2X Daily Leveraged ETC,4RT3,JE00B2NFTF36,ETF,EUR
WisdomTree Copper 2X Daily Leveraged ETC,00EJ,JE00B2NFTF36,ETF,EUR
WisdomTree Copper 2X Daily Leveraged ETC,LCOP,JE00B2NFTF36,ETF,EUR
WisdomTree Copper 2X Daily Leveraged ETC,LCOP,JE00B2NFTF36,ETF,USD
Wisdomtree Copper 3X Daily Leveraged,3HCL,IE00B8JVMZ80,ETF,USD
Wisdomtree Copper 3X Daily Short,3HCS,IE00B8KD3F05,ETF,EUR
Wisdomtree Copper 3X Daily Short,3HCS,IE00B8KD3F05,ETF,USD
WisdomTree Copper ETC,COPA,GB00B15KXQ89,ETF,EUR
WisdomTree Copper ETC,4RUQ,GB00B15KXQ89,ETF,EUR
WisdomTree Copper ETC,COPAP,GB00B15KXQ89,ETF,EUR
WisdomTree Copper ETC,COPA,GB00B15KXQ89,ETF,EUR
WisdomTree Copper ETC,COPA,GB00B15KXQ89,ETF,USD
Wisdomtree Copper IE ETC,COPR,XS2602441086,ETF,USD
WisdomTree Core Physical Gold ETC,WGLD,JE00BN2CJ301,ETF,EUR
WisdomTree Core Physical Gold ETC,WGLD,JE00BN2CJ301,ETF,USD
WisdomTree Core Physical Gold ETC,WGLD1,JE00BN2CJ301,ETF,EUR
WisdomTree Core Physical Gold ETC,WGLD,JE00BN2CJ301,ETF,EUR
WisdomTree Core Physical Gold ETC,GLDW,JE00BN2CJ301,ETF,GBX
WisdomTree Core Physical Silver ETC,WSLV,JE00BQRFDY49,ETF,EUR
WisdomTree Core Physical Silver ETC,WSLV,JE00BQRFDY49,ETF,USD
WisdomTree Corn - EUR Daily Hedged ETC,ECRN,JE00B3ZQRP79,ETF,EUR
WisdomTree Corn 2X Daily Leveraged ETC,4RT4,JE00B2NFTG43,ETF,EUR
WisdomTree Corn 2X Daily Leveraged ETC,00EU,JE00B2NFTG43,ETF,EUR
WisdomTree Corn 2X Daily Leveraged ETC,LCOR,JE00B2NFTG43,ETF,EUR
WisdomTree Corn 2X Daily Leveraged ETC,LCOR,JE00B2NFTG43,ETF,USD
WisdomTree Corn ETC,OD7D,JE00BN7KB441,ETF,EUR
WisdomTree Corn ETC,CORN,JE00BN7KB441,ETF,EUR
WisdomTree Corn ETC,CORN,JE00BN7KB441,ETF,USD
WisdomTree Corn ETC,OD7D,JE00BN7KB441,ETF,EUR
WisdomTree Cotton - EUR Daily Hedged ETC,ECTN,JE00B70DCH80,ETF,EUR
WisdomTree Cybersecurity UCITS USD Acc ETF,W1TB,IE00BLPK3577,ETF,EUR
WisdomTree Cybersecurity UCITS USD Acc ETF,WCBR,IE00BLPK3577,ETF,EUR
WisdomTree Cybersecurity UCITS USD Acc ETF,W1TB,IE00BLPK3577,ETF,EUR
WisdomTree Cybersecurity UCITS USD Acc ETF,WCBR,IE00BLPK3577,ETF,EUR
WisdomTree Cybersecurity UCITS USD Acc ETF,CYSE,IE00BLPK3577,ETF,GBX
WisdomTree Cybersecurity UCITS USD Acc ETF,WCBR,IE00BLPK3577,ETF,USD
Wisdomtree Daily Brent Crude ETC,SBRT,JE00B78DPL57,ETF,EUR
Wisdomtree Daily Copper ETC,SCOP,JE00B24DK645,ETF,USD
Wisdomtree Daily Copper ETC,SCOP,JE00B24DK645,ETF,EUR
Wisdomtree Daily Silver ETC,SSIL,JE00B24DKK82,ETF,USD
Wisdomtree Daily Silver ETC,SSIL,JE00B24DKK82,ETF,EUR
Wisdomtree Daily Silver ETC,OOEL,JE00B24DKK82,ETF,EUR
iShares Listed Private Equity UCITS ETF USD D,IQQL,IE00B1TXHL60,ETF,EUR
iShares Lithium&Battery Producers UCITS ETF USD Ac,LITM,IE000WDG5795,ETF,USD
iShares Lithium&Battery Producers UCITS ETF USD Ac,LITM,IE000WDG5795,ETF,GBP
iShares MDAX UCITS (DE) EUR (Acc) ETF,EXS3,DE0005933923,ETF,EUR
iShares MDAX UCITS (DE) EUR (Acc) ETF,MDAXEX,DE0005933923,ETF,CHF
iShares MDAX UCITS (DE) EUR (Acc) ETF,EXS3,DE0005933923,ETF,EUR
iShares Metaverse UCITS ETF USD (Acc),CBUV,IE000RN58M26,ETF,EUR
iShares Metaverse UCITS ETF USD (Acc),MTAV,IE000RN58M26,ETF,USD
iShares Metaverse UCITS ETF USD (Acc),CBUV,IE000RN58M26,ETF,EUR
iShares Moderate Portfolio UCITS ETF EUR Acc,MODR,IE00BLLZQS08,ETF,EUR
iShares Moderate Portfolio UCITS ETF EUR Acc,MODR,IE00BLLZQS08,ETF,EUR
iShares MSCI AC Far East ex-Jpn UCITS ETF USD D,IQQF,IE00B0M63730,ETF,EUR
iShares MSCI AC Far East ex-Jpn UCITS ETF USD D,IFFF,IE00B0M63730,ETF,EUR
iShares MSCI AC Far East ex-Jpn UCITS ETF USD D,IFFF,IE00B0M63730,ETF,EUR
iShares MSCI AC Far East ex-Jpn UCITS ETF USD D,IDFF,IE00B0M63730,ETF,USD
iShares MSCI AC Far East ex-Jpn UCITS ETF USD D,IFFF,IE00B0M63730,ETF,GBX
iShares MSCI AC Far East ex-Jpn UCITS ETF USD D,IQQF,IE00B0M63730,ETF,EUR
iShares MSCI AC Far East ex-Jpn UCITS ETF USD D,IFFF,IE00B0M63730,ETF,USD
iShares MSCI ACWI UCITS ETF USD (Acc),IUSQ,IE00B6R52259,ETF,EUR
iShares MSCI ACWI UCITS ETF USD (Acc),ISAC,IE00B6R52259,ETF,USD
iShares MSCI ACWI UCITS ETF USD (Acc),SSAC,IE00B6R52259,ETF,GBX
iShares MSCI ACWI UCITS ETF USD (Acc),IUSQ,IE00B6R52259,ETF,EUR
iShares MSCI ACWI UCITS ETF USD (Acc),SSAC,IE00B6R52259,ETF,USD
iShares MSCI ACWI UCITS ETF USD (Acc),SSAC,IE00B6R52259,ETF,EUR
iShares MSCI ACWI UCITS ETF USD (Acc),SSAC,IE00B6R52259,ETF,CHF
iShares MSCI Australia UCITS ETF USD (Acc),IBC6,IE00B5377D42,ETF,EUR
iShares MSCI Australia UCITS ETF USD (Acc),IAUS,IE00B5377D42,ETF,USD
iShares MSCI Australia UCITS ETF USD (Acc),SAUS,IE00B5377D42,ETF,GBX
iShares MSCI Australia UCITS ETF USD (Acc),SAUS,IE00B5377D42,ETF,EUR
iShares MSCI Australia UCITS ETF USD (Acc),IBC6,IE00B5377D42,ETF,EUR
iShares MSCI Brazil UCITS (DE) (Acc) ETF,EXHG,DE000A0Q4R85,ETF,USD
iShares MSCI Brazil UCITS (DE) (Acc) ETF,4BRZ,DE000A0Q4R85,ETF,USD
iShares MSCI Brazil UCITS ETF USD (Dist),IQQB,IE00B0M63516,ETF,EUR
iShares MSCI Brazil UCITS ETF USD (Dist),IBZL,IE00B0M63516,ETF,EUR
iShares MSCI Brazil UCITS ETF USD (Dist),IBZL,IE00B0M63516,ETF,EUR
iShares MSCI Brazil UCITS ETF USD (Dist),IBZL,IE00B0M63516,ETF,GBX
iShares MSCI Brazil UCITS ETF USD (Dist),IDBZ,IE00B0M63516,ETF,USD
iShares MSCI Brazil UCITS ETF USD (Dist),IQQB,IE00B0M63516,ETF,EUR
iShares MSCI Canada UCITS ETF USD (Acc),SXR2,IE00B52SF786,ETF,EUR
iShares MSCI Canada UCITS ETF USD (Acc),SXR2,IE00B52SF786,ETF,EUR
iShares MSCI Canada UCITS ETF USD (Acc),CSCA,IE00B52SF786,ETF,EUR
iShares MSCI Canada UCITS ETF USD (Acc),CSCA,IE00B52SF786,ETF,GBX
iShares MSCI Canada UCITS ETF USD (Acc),CSCA,IE00B52SF786,ETF,EUR
iShares MSCI China A UCITS ETF EUR Hedged (Acc),CNYE,IE00099GAJC6,ETF,EUR
iShares MSCI China A UCITS ETF USD (Acc),36BZ,IE00BQT3WG13,ETF,EUR
iShares MSCI China A UCITS ETF USD (Acc),CNYA,IE00BQT3WG13,ETF,USD
iShares MSCI China A UCITS ETF USD (Acc),36BZ,IE00BQT3WG13,ETF,EUR
iShares MSCI China A UCITS ETF USD (Acc),CNYA,IE00BQT3WG13,ETF,USD
iShares MSCI China Tech UCITS ETF USD (Acc),CTEC,IE000NFR7C63,ETF,USD
iShares MSCI China Tech UCITS ETF USD (Acc),CBUK,IE000NFR7C63,ETF,EUR
Wisdomtree Dax 3X Daily Leveraged,3DEL,IE00B878KX55,ETF,EUR
Wisdomtree Dax 3X Daily Leveraged,3LDE,IE00B878KX55,ETF,GBX
Wisdomtree Dax 3X Daily Leveraged,3DEL,IE00B878KX55,ETF,EUR
Wisdomtree Dax 3X Daily Leveraged,3DEL,IE00B878KX55,ETF,EUR
Wisdomtree Dax 3X Daily Short,3DES,IE00B8GKPP93,ETF,EUR
Wisdomtree Dax 3X Daily Short,XMW5,IE00B8GKPP93,ETF,EUR
Wisdomtree Dax 3X Daily Short,3DES,IE00B8GKPP93,ETF,EUR
Wisdomtree Dax 3X Daily Short,3DES,IE00B8GKPP93,ETF,EUR
Wisdomtree Dax 3X Daily Short,3SDE,IE00B8GKPP93,ETF,GBX
WisdomTree Em Mkts Equity Income UCITS ETF,WTEI,IE00BQQ3Q067,ETF,EUR
WisdomTree Em Mkts Equity Income UCITS ETF,WTE1,IE00BQQ3Q067,ETF,EUR
WisdomTree Em Mkts Equity Income UCITS ETF,DEM,IE00BQQ3Q067,ETF,CHF
WisdomTree Em Mkts Equity Income UCITS ETF,DEM,IE00BQQ3Q067,ETF,GBX
WisdomTree Em Mkts Equity Income UCITS ETF,DEMD,IE00BQQ3Q067,ETF,USD
WisdomTree Em Mkts Equity Income UCITS ETF,DEM,IE00BQQ3Q067,ETF,EUR
WisdomTree Em Mkts Equity Income UCITS ETF Acc,DEMR,IE00BDF12W49,ETF,EUR
WisdomTree Em Mkts Equity Income UCITS ETF Acc,WTD8,IE00BDF12W49,ETF,EUR
WisdomTree Em Mkts Equity Income UCITS ETF Acc,DEMR,IE00BDF12W49,ETF,USD
WisdomTree Em Mkts Equity Income UCITS ETF Acc,DEMR,IE00BDF12W49,ETF,USD
WisdomTree Em Mkts Equity Income UCITS ETF Acc,DEMS,IE00BDF12W49,ETF,GBX
WisdomTree Em Mkts SmallCap Dividend UCITS ETF,WTED,IE00BQZJBM26,ETF,EUR
WisdomTree Em Mkts SmallCap Dividend UCITS ETF,WTE2,IE00BQZJBM26,ETF,EUR
WisdomTree Em Mkts SmallCap Dividend UCITS ETF,DGSE,IE00BQZJBM26,ETF,CHF
WisdomTree Em Mkts SmallCap Dividend UCITS ETF,DGSD,IE00BQZJBM26,ETF,USD
WisdomTree Em Mkts SmallCap Dividend UCITS ETF,DGSE,IE00BQZJBM26,ETF,GBX
WisdomTree Em Mkts SmallCap Dividend UCITS ETF,DGSE,IE00BQZJBM26,ETF,EUR
Wisdomtree Emerging Markets 3X Daily Lev,3EML,IE00BYTYHN28,ETF,EUR
Wisdomtree Emerging Markets 3X Daily Lev,3E3M,IE00BYTYHN28,ETF,EUR
Wisdomtree Emerging Markets 3X Daily Lev,3EML,IE00BYTYHN28,ETF,USD
Wisdomtree Emerging Markets 3X Daily Sho,3E3S,IE00BYTYHM11,ETF,EUR
Wisdomtree Emerging Markets 3X Daily Sho,3EMS,IE00BYTYHM11,ETF,USD
WisdomTree Emerging Markets ex-State-Owned Enterprises UCITS Acc ETF,XSOE,IE00BM9TSP27,ETF,EUR
WisdomTree Emerging Markets ex-State-Owned Enterprises UCITS Acc ETF,XSOE,IE00BM9TSP27,ETF,EUR
WisdomTree Emerging Markets ex-State-Owned Enterprises UCITS Acc ETF,XSOE,IE00BM9TSP27,ETF,USD
WisdomTree Energy - EUR Daily Hedged ETC,EHEN,JE00B78NNV14,ETF,EUR
WisdomTree Energy Enhanced,XMWM,IE00BF4TWF63,ETF,EUR
WisdomTree Energy ETC,OD7W,GB00B15KYB02,ETF,EUR
WisdomTree Energy ETC,AIGE,GB00B15KYB02,ETF,EUR
WisdomTree Energy ETC,AIGE,GB00B15KYB02,ETF,USD
WisdomTree Energy ETC,0FHD,GB00B15KYB02,ETF,EUR
Wisdomtree Energy Longer Dated ETC,ENEF,JE00B24DMD55,ETF,USD
WisdomTree Energy Transition Metals Securities ETC,NRGT,XS2425848053,ETF,EUR
WisdomTree Energy Transition Metals Securities ETC,WENT,XS2425848053,ETF,EUR
WisdomTree Energy Transition Metals Securities ETC,NRGT,XS2425848053,ETF,GBX
WisdomTree Enhanced Commodity Carry ETC,CRRY,XS3022291473,ETF,EUR
WisdomTree Enhanced Commodity ex-Agriculture UCITS EUR Hedged Acc ETF,EXAG,IE00BDVPNV63,ETF,EUR
WisdomTree Enhanced Commodity ex-Agriculture UCITS USD Acc ETF,WAXG,IE00BDVPNS35,ETF,EUR
WisdomTree Enhanced Commodity ex-Agriculture UCITS USD Acc ETF,WXAG,IE00BDVPNS35,ETF,USD
WisdomTree Enhanced Commodity UCITS ETF CHF HgdAcc,COMS,IE00BG88WL21,ETF,CHF
WisdomTree Enhanced Commodity UCITS ETF EUR HgdAcc,WCOE,IE00BG88WG77,ETF,EUR
Bitwise Physical Litecoin ETP,ELTC,DE000A3GN5J9,ETF,EUR
Bitwise Physical Litecoin ETP,ELTC,DE000A3GN5J9,ETF,EUR
Bitwise Physical Solana ETP,ESOL,DE000A3GVKZ1,ETF,EUR
Bitwise Physical Solana ETP,ESOL,DE000A3GVKZ1,ETF,EUR
Bitwise Physical XRP ETP,GXRP,DE000A3GYNB0,ETF,EUR
Bitwise Physical XRP ETP,GXRP,DE000A3GYNB0,ETF,EUR
BNP Paribas Easy Bloomberg Europe Defense UCITS Distribution ETF,EDEF,LU3047998979,ETF,EUR
BNP Paribas Easy Bloomberg Europe Defense UCITS Distribution ETF,EDEF,LU3047998979,ETF,EUR
BNP Paribas Easy CAC 40 ESG UCITS ETF,E40,FR0010150458,ETF,EUR
BNP Paribas Easy ECPI Global ESG Hydrogen Economy UCITS ETF,HYDRO,LU2365458145,ETF,EUR
BNP Paribas Easy ESG Enhcd EUR Corp Bd UCITS ETF C,BJLN,LU2697596745,ETF,EUR
BNP Paribas Easy ESG Enhcd EUR Corp Bd UCITS ETF D,BJLP,LU2697596828,ETF,EUR
BNP Paribas Easy ESG Enhcd EUR Govt Bd UCITS ETF C,BJLM,LU2697597552,ETF,EUR
BNP Paribas Easy ESG Enhcd EUR Govt Bd UCITS ETF D,BJLQ,LU2697597719,ETF,EUR
BNP Paribas Easy ESG Low Vol US UCITS ETF C,EVOU,LU1377381980,ETF,EUR
BNP Paribas Easy ESG Low Vol US UCITS ETF D,VLUD,LU1481201298,ETF,EUR
BNP Paribas Easy ESG Low Vol US UCITS ETF D,VLUD,LU1481201298,ETF,EUR
BNP Paribas Easy EUR Corp Bd SRI PAB UCITS ETF C,ASRI,LU1859444769,ETF,EUR
BNP Paribas Easy EUR Corp Bd SRI PAB UCITS ETF C,SRIC,LU1859444769,ETF,EUR
BNP Paribas Easy EUR Overnight UCITS ETF Cap,CASHE,LU3025345516,ETF,EUR
BNP Paribas Easy EURO STOXX 50 UCITS ETF EUR C,ETDD,FR0012739431,ETF,EUR
BNP Paribas Easy EURO STOXX 50 UCITS ETF EUR C,0XDX,FR0012739431,ETF,EUR
BNP Paribas Easy EURO STOXX 50 UCITS ETF EUR C,ETDD,FR0012739431,ETF,EUR
BNP Paribas Easy EURO STOXX 50 UCITS ETF EUR C,ETDD,FR0012739431,ETF,EUR
BNP Paribas Easy EURO STOXX 50 UCITS ETF EUR C,ETDD,FR0012739431,ETF,EUR
BNP Paribas Easy EURO STOXX 50 UCITS ETF EUR C/D,ETBB,FR0012740983,ETF,EUR
BNP Paribas Easy EURO STOXX 50 UCITS ETF EUR C/D,ETBB,FR0012740983,ETF,EUR
BNP Paribas Easy EURO STOXX 50 UCITS ETF EUR C/D,ETBB,FR0012740983,ETF,EUR
BNP Paribas Easy FTSE EPRA Nareit Developed Europe ex UK Green UCITS ETF,EEPG,LU2008763935,ETF,EUR
BNP Paribas Easy FTSE EPRA Nareit Developed Europe ex UK Green UCITS ETF,GREAL,LU2008763935,ETF,EUR
BNP Paribas Easy FTSE EPRA Nareit Developed Europe ex UK Green UCITS ETF,EEPG,LU2008763935,ETF,EUR
BNP Paribas Easy FTSE EPRA Nareit Developed Europe Green CTB UCITS QD Distribution ETF,GREAD,LU2914558916,ETF,EUR
BNP Paribas Easy JPMScreened EMBI GlobalDiversified Composite -UCITS H AUD CAP ETF,JBEM,LU1481202692,ETF,EUR
BNP Paribas Easy JPMScreened EMBI GlobalDiversified Composite -UCITS H AUD CAP ETF,0E6H,LU1481202692,ETF,EUR
BNP Paribas Easy JPMScreened EMBI GlobalDiversified Composite -UCITS H AUD CAP ETF,JBEM,LU1481202692,ETF,EUR
BNP Paribas Easy JPMScreened EMBI GlobalDiversified Composite -UCITS H AUD CAP ETF,JBEM,LU1481202692,ETF,EUR
BNP Paribas Easy Low Vol Europe UCITS ETF C,VLEU,LU1377381717,ETF,EUR
BNP Paribas Easy Low Vol Europe UCITS ETF C,VLEU,LU1377381717,ETF,EUR
BNP Paribas Easy Low Vol Europe UCITS ETF C,EVOE,LU1377381717,ETF,EUR
BNP Paribas Easy Low Vol Europe UCITS ETF C,EVOE,LU1377381717,ETF,EUR
BNP Paribas Easy Low Vol Europe UCITS ETF C,0E5A,LU1377381717,ETF,EUR
BNP Paribas Easy Low Vol Europe UCITS ETF C,EVOE,LU1377381717,ETF,EUR
BNP Paribas Easy Low Vol Europe UCITS ETF D,VLED,LU1481201025,ETF,EUR
BNP Paribas Easy Low Vol Europe UCITS ETF D,VLED,LU1481201025,ETF,EUR
BNP Paribas Easy Low Vol Europe UCITS ETF D,VLED,LU1481201025,ETF,EUR
BNP Paribas Easy MSCI ACWI SRI PAB UCITS ETF,PAACE,IE0004HBJKG0,ETF,EUR
BNP Paribas Easy MSCI ACWI UCITS Cap ETF,EDEL,LU3086265710,ETF,USD
BNP Paribas Easy MSCI China Min TE UCITS ETF C,9W1A,LU2314312922,ETF,USD
BNP Paribas Easy MSCI China Min TE UCITS ETF C,CHINS,LU2314312922,ETF,USD
BNP Paribas Easy MSCI EMU Min TE UCITS ETF C,EMUX,LU1291098827,ETF,EUR
Franklin FTSE China UCITS ETF,FLXC,IE00BHZRR147,ETF,EUR
Franklin FTSE China UCITS ETF,FLXC,IE00BHZRR147,ETF,USD
Franklin FTSE China UCITS ETF,FRCH,IE00BHZRR147,ETF,GBP
Franklin FTSE China UCITS ETF,FLXC,IE00BHZRR147,ETF,EUR
Franklin FTSE China UCITS ETF,FLXC,IE00BHZRR147,ETF,EUR
Franklin FTSE China UCITS ETF,FLXC,IE00BHZRR147,ETF,EUR
Franklin FTSE China UCITS ETF,FLXC,IE00BHZRR147,ETF,USD
Franklin FTSE Developed Word UCITS ETF,DWLD,IE000CVOSY02,ETF,EUR
Franklin FTSE India UCITS ETF,FLXI,IE00BHZRQZ17,ETF,EUR
Franklin FTSE India UCITS ETF,FLXI,IE00BHZRQZ17,ETF,EUR
Franklin FTSE India UCITS ETF,FLXI,IE00BHZRQZ17,ETF,USD
Franklin FTSE India UCITS ETF,FRIN,IE00BHZRQZ17,ETF,GBP
Franklin FTSE India UCITS ETF,FLXI,IE00BHZRQZ17,ETF,EUR
Franklin FTSE Japan UCITS ETF,FLXJ,IE000D0T0BO1,ETF,EUR
Franklin FTSE Japan UCITS ETF,FLXJ,IE000D0T0BO1,ETF,JPY
Franklin FTSE Japan UCITS ETF,FLXJ,IE000D0T0BO1,ETF,USD
Franklin FTSE Korea UCITS ETF,FLXK,IE00BHZRR030,ETF,EUR
Franklin FTSE Korea UCITS ETF,FLXK,IE00BHZRR030,ETF,USD
Franklin FTSE Korea UCITS ETF,FLXK,IE00BHZRR030,ETF,EUR
Franklin FTSE Korea UCITS ETF,FLXK,IE00BHZRR030,ETF,EUR
Franklin FTSE Korea UCITS ETF,FLXK,IE00BHZRR030,ETF,EUR
Franklin FTSE Korea UCITS ETF,FLRK,IE00BHZRR030,ETF,GBP
Franklin FTSE Korea UCITS ETF,FLXK,IE00BHZRR030,ETF,USD
Franklin FTSE Taiwan UCITS ETF,FLXT,IE000CM02H85,ETF,EUR
Franklin Future of Food UCITS ETF,FOFD,IE000ZOKLHY7,ETF,EUR
Franklin Future of Food UCITS ETF,FOFD,IE000ZOKLHY7,ETF,EUR
Franklin Future of Health and Wellness UCITS ETF,FOHW,IE0003WEWAX4,ETF,EUR
Franklin Future of Health and Wellness UCITS ETF,FOHW,IE0003WEWAX4,ETF,EUR
Franklin Global Quality Dividend UCITS ETF,FLXX,IE00BF2B0M76,ETF,EUR
Franklin Global Quality Dividend UCITS ETF,FLXX,IE00BF2B0M76,ETF,EUR
Franklin MSCI China Paris Aligned Climate UCITS ETF,FVCH,IE000EBPC0Z7,ETF,EUR
Franklin MSCI China Paris Aligned Climate UCITS ETF,FVCH,IE000EBPC0Z7,ETF,EUR
Franklin MSCI Emerging Markets Paris Aligned Climate UCITS ETF,FVEM,IE000QLV3SY5,ETF,EUR
Franklin MSCI Emerging Markets Paris Aligned Climate UCITS ETF,FVEM,IE000QLV3SY5,ETF,EUR
Franklin MSCI World Catholic Principles UCITS ETF,FLXA,IE000AZOUN82,ETF,EUR
Franklin MSCI World Catholic Principles UCITS ETF,FIDE,IE000AZOUN82,ETF,USD
Franklin S&P 500 Paris Aligned Climate UCITS ETF,FLX5,IE00BMDPBZ72,ETF,EUR
Franklin S&P 500 Paris Aligned Climate UCITS ETF,FLX5,IE00BMDPBZ72,ETF,EUR
Franklin STOXX Europe 600 Paris Aligned Climate UCITS ETF,FLXP,IE00BMDPBY65,ETF,EUR
Franklin STOXX Europe 600 Paris Aligned Climate UCITS ETF,EUPA,IE00BMDPBY65,ETF,EUR
Franklin STOXX Europe 600 Paris Aligned Climate UCITS ETF,PARI,IE00BMDPBY65,ETF,EUR
Franklin Sustainable Euro Green Bond UCITS ETF,FLRG,IE00BHZRR253,ETF,EUR
Franklin Sustainable Euro Green Bond UCITS ETF,FLRG,IE00BHZRR253,ETF,EUR
Franklin Sustainable Euro Green Bond UCITS ETF,FLRG,IE00BHZRR253,ETF,EUR
Franklin U.S. Equity UCITS ETF,FLXU,IE00BF2B0P08,ETF,EUR
Franklin U.S. Equity UCITS ETF,FLXU,IE00BF2B0P08,ETF,EUR
FTGT-Vest US Eq.M.B.ETF-MAY Reg.Shs A USD Acc. oN,GMAY,IE000P0FL8E3,ETF,EUR
FTGT-Vest US Eq.M.B.ETF-MAY Reg.Shs A USD Acc. oN,GMAY,IE000P0FL8E3,ETF,USD
FTGT-Vest US Eq.M.B.ETF-MAY Reg.Shs A USD Acc. oN,MAYB,IE000P0FL8E3,ETF,GBX
Future of Defence Indo-Pac ex-China UCITS ETF,ASWJ,IE000C7EUDG1,ETF,EUR
Vanguard USD Treasury Bond UCITS ETF Dis,VGTY,IE00BZ163M45,ETF,EUR
Vanguard USD Treasury Bond UCITS ETF Dis,VUTY,IE00BZ163M45,ETF,GBP
Vanguard USD Treasury Bond UCITS ETF Dis,VUTY,IE00BZ163M45,ETF,EUR
Vanguard USD Treasury Bond UCITS ETF Dis,VUTY,IE00BZ163M45,ETF,EUR
Vanguard USD Treasury Bond UCITS ETF Dis,VUTY,IE00BZ163M45,ETF,CHF
Vanguard USD Treasury Bond UCITS ETF Dis,VG7L,IE00BZ163M45,ETF,EUR
Vanguard USD Treasury Bond UCITS EUR hedged - Acc ETF,VDTE,IE00BMX0B631,ETF,EUR
Vanguard USD Treasury Bond UCITS EUR hedged - Acc ETF,VDTE,IE00BMX0B631,ETF,EUR
Virtune Coinbase 50 Index ETP,VRTC,SE0024738389,ETF,EUR
Virtune Coinbase 50 Index ETP,VRTC,SE0024738389,ETF,EUR
Virtune Coinbase 50 Index ETP,VRTC,SE0024738389,ETF,USD
Virtune Staked Solana ETP,VRTS,SE0021309754,ETF,EUR
Virtune Staked Solana ETP,VRTS,SE0021309754,ETF,EUR
Vngrd FTSE All-Wld Hgh Div Yld UCITS ETF USD A,VGWE,IE00BK5BR626,ETF,EUR
Vngrd FTSE All-Wld Hgh Div Yld UCITS ETF USD A,VGWE,IE00BK5BR626,ETF,EUR
Vngrd FTSE All-Wld Hgh Div Yld UCITS ETF USD A,VGWE,IE00BK5BR626,ETF,EUR
Vngrd FTSE All-Wld Hgh Div Yld UCITS ETF USD D,VGWD,IE00B8GKDB10,ETF,EUR
Vngrd FTSE All-Wld Hgh Div Yld UCITS ETF USD D,VHYL,IE00B8GKDB10,ETF,EUR
Vngrd FTSE All-Wld Hgh Div Yld UCITS ETF USD D,VHYD,IE00B8GKDB10,ETF,USD
Vngrd FTSE All-Wld Hgh Div Yld UCITS ETF USD D,VHYL,IE00B8GKDB10,ETF,EUR
Vngrd FTSE All-Wld Hgh Div Yld UCITS ETF USD D,VHYL,IE00B8GKDB10,ETF,GBP
Vngrd FTSE All-Wld Hgh Div Yld UCITS ETF USD D,VHYL,IE00B8GKDB10,ETF,CHF
Vngrd FTSE All-Wld Hgh Div Yld UCITS ETF USD D,VG76,IE00B8GKDB10,ETF,EUR
Wisdometree WTI Crude Oil ETC,FCRU,JE00B24DLX86,ETF,USD
Wisdometree WTI Crude Oil ETC,FCRU,JE00B24DLX86,ETF,EUR
Wisdomtree 2X Daily Long Gold ETC,4RT8,JE00B2NFTL95,ETF,EUR
Wisdomtree 2X Daily Long Gold ETC,LBUL,JE00B2NFTL95,ETF,USD
Wisdomtree 2X Daily Long Gold ETC,0FHW,JE00B2NFTL95,ETF,EUR
Wisdomtree 2X Daily Long Gold ETC,LBUL,JE00B2NFTL95,ETF,EUR
Wisdomtree 2X Daily Long Gold ETC,LBUL,JE00B2NFTL95,ETF,EUR
Wisdomtree 3X Daily Long Coffee ETC,3CFL,JE00BYQY3Z98,ETF,USD
Wisdomtree 3x Long GBP Short USD,LGB3,JE00B3SBFZ51,ETF,USD
Wisdomtree 3x Short EUR Long GBP,SUP3,JE00B3W0MY68,ETF,GBX
Wisdomtree 3x Short EUR Long USD,SEU3,JE00B3N9C970,ETF,USD
Wisdomtree 3x Short GBP Long USD,SGB3,JE00B3XJ8K03,ETF,USD
Wisdomtree 3x Short USD Long GBP,PUS3,JE00B43NB445,ETF,GBX
WisdomTree Agriculture - EUR Daily Hedged ETC,00X9,JE00B78NPY84,ETF,EUR
WisdomTree Agriculture ETC,OD7U,GB00B15KYH63,ETF,EUR
WisdomTree Agriculture ETC,OOEH,GB00B15KYH63,ETF,EUR
WisdomTree Agriculture ETC,AIGAP,GB00B15KYH63,ETF,EUR
WisdomTree Agriculture ETC,AGAP,GB00B15KYH63,ETF,GBX
WisdomTree Agriculture ETC,AIGA,GB00B15KYH63,ETF,USD
WisdomTree Agriculture ETC,AIGA,GB00B15KYH63,ETF,EUR
Wisdomtree Agriculture ETC,FAGR,JE00B24DMK23,ETF,USD
Wisdomtree Agriculture ETC,9GAA,JE00B24DMK23,ETF,EUR
Wisdomtree Agriculture Leverage ETC,4RTR,JE00B2NFT427,ETF,EUR
Wisdomtree Agriculture Leverage ETC,LAGR,JE00B2NFT427,ETF,USD
Wisdomtree Agriculture Leverage ETC,LAGR,JE00B2NFT427,ETF,EUR
Wisdomtree Agriculture Leverage ETC,0FNP,JE00B2NFT427,ETF,EUR
WisdomTree Aluminium - EUR Daily Hedged ETC,EALU,JE00B6VG2P72,ETF,EUR
iShares Edge MSCI Wld Min Vol Adv UCITS ETF USD A,MVEW,IE00BKVL7778,ETF,EUR
iShares Edge MSCI Wld Min Vol UCITS ETF USD A,IQQ0,IE00B8FHGS14,ETF,EUR
iShares Edge MSCI Wld Min Vol UCITS ETF USD A,MINV,IE00B8FHGS14,ETF,GBX
iShares Edge MSCI Wld Min Vol UCITS ETF USD A,MVOL,IE00B8FHGS14,ETF,USD
iShares Edge MSCI Wld Min Vol UCITS ETF USD A,MVOL,IE00B8FHGS14,ETF,EUR
iShares Edge MSCI Wld Min Vol UCITS ETF USD A,IQQ0,IE00B8FHGS14,ETF,EUR
iShares Edge MSCI Wld Min Vol UCITS ETF USD A,MVOL,IE00B8FHGS14,ETF,CHF
iShares Edge MSCI Wld Val Fctr UCITS ETF USD A,IS3S,IE00BP3QZB59,ETF,EUR
iShares Edge MSCI Wld Val Fctr UCITS ETF USD A,IWVL,IE00BP3QZB59,ETF,EUR
iShares Edge MSCI Wld Val Fctr UCITS ETF USD A,IS3S,IE00BP3QZB59,ETF,EUR
iShares Edge MSCI Wld Val Fctr UCITS ETF USD A,IWVL,IE00BP3QZB59,ETF,USD
iShares Edge MSCI Wld Val Fctr UCITS ETF USD A,IWVL,IE00BP3QZB59,ETF,USD
iShares Edge MSCI Wld Val Fctr UCITS ETF USD D,IWVU,IE00BFYTYS33,ETF,USD
iShares Edge MSCI World Minimum Volatility UCITS EUR Hedged (Acc) ETF,SXR0,IE00BYXPXL17,ETF,EUR
iShares Edge MSCI World Minimum Volatility UCITS EUR Hedged (Acc) ETF,SXR0,IE00BYXPXL17,ETF,CHF
iShares Edge MSCI World Minimum Volatility UCITS EUR Hedged (Acc) ETF,SXR0,IE00BYXPXL17,ETF,EUR
iShares Edge MSCI World Minimum Volatility UCITS USD (Dist) ETF,UEEH,IE00BMCZLJ20,ETF,EUR
iShares Edge MSCI World Momentum Factor UCITS USD (Acc) ETF,IS3R,IE00BP3QZ825,ETF,EUR
iShares Edge MSCI World Momentum Factor UCITS USD (Acc) ETF,IWMO,IE00BP3QZ825,ETF,USD
iShares Edge MSCI World Momentum Factor UCITS USD (Acc) ETF,IWMO,IE00BP3QZ825,ETF,EUR
iShares Edge MSCI World Momentum Factor UCITS USD (Acc) ETF,IS3R,IE00BP3QZ825,ETF,EUR
iShares Edge MSCI World Momentum Factor UCITS USD (Acc) ETF,IWMO,IE00BP3QZ825,ETF,USD
iShares Edge MSCI World Multifactor UCITS EUR Hedged (Acc) ETF,IS07,IE00BYXPXK00,ETF,EUR
iShares Edge MSCI World Multifactor UCITS USD (Acc) ETF,IBCZ,IE00BZ0PKT83,ETF,EUR
iShares Edge MSCI World Multifactor UCITS USD (Acc) ETF,FSWD,IE00BZ0PKT83,ETF,GBX
iShares Edge MSCI World Multifactor UCITS USD (Acc) ETF,IFSW,IE00BZ0PKT83,ETF,USD
iShares Edge MSCI World Multifactor UCITS USD (Acc) ETF,IBCZ,IE00BZ0PKT83,ETF,EUR
iShares Edge MSCI World Multifactor UCITS USD (Acc) ETF,IFSW,IE00BZ0PKT83,ETF,USD
iShares Edge MSCI World Quality Factor UCITS USD (Acc) ETF,IS3Q,IE00BP3QZ601,ETF,EUR
iShares Edge MSCI World Quality Factor UCITS USD (Acc) ETF,IWFQ,IE00BP3QZ601,ETF,GBX
iShares Edge MSCI World Quality Factor UCITS USD (Acc) ETF,IWQU,IE00BP3QZ601,ETF,USD
iShares Edge MSCI World Quality Factor UCITS USD (Acc) ETF,IWQU,IE00BP3QZ601,ETF,EUR
iShares Edge MSCI World Quality Factor UCITS USD (Acc) ETF,IS3Q,IE00BP3QZ601,ETF,EUR
iShares Edge MSCI World Quality Factor UCITS USD (Acc) ETF,IWQU,IE00BP3QZ601,ETF,USD
iShares Edge MSCI World Size Factor UCITS USD (Acc) ETF,IS3T,IE00BP3QZD73,ETF,EUR
iShares Edge MSCI World Size Factor UCITS USD (Acc) ETF,IWFS,IE00BP3QZD73,ETF,GBX
iShares Edge MSCI World Size Factor UCITS USD (Acc) ETF,IWSZ,IE00BP3QZD73,ETF,EUR
iShares Edge MSCI World Size Factor UCITS USD (Acc) ETF,IS3T,IE00BP3QZD73,ETF,EUR
iShares Edge S&P 500 Min Vol UCITS ETF USD A,IBCK,IE00B6SPMN59,ETF,EUR
iShares Edge S&P 500 Min Vol UCITS ETF USD A,MVUS,IE00B6SPMN59,ETF,GBX
iShares Edge S&P 500 Min Vol UCITS ETF USD A,SPMV,IE00B6SPMN59,ETF,USD
iShares Edge S&P 500 Min Vol UCITS ETF USD A,IBCK,IE00B6SPMN59,ETF,EUR
iShares Edge S&P 500 Min Vol UCITS ETF USD A,SPLV,IE00B6SPMN59,ETF,CHF
iShares Edge S&P 500 Minimum Volatility UCITS EUR Hedged (Acc) ETF,IS31,IE00BYX8XD24,ETF,EUR
iShares Edge S&P 500 Minimum Volatility UCITS EUR Hedged (Acc) ETF,IS31,IE00BYX8XD24,ETF,EUR
iShares Elctrc Vhcls and Drvng Tech UCITS ETF USDA,IEVD,IE00BGL86Z12,ETF,EUR
iShares Elctrc Vhcls and Drvng Tech UCITS ETF USDA,IEVD,IE00BGL86Z12,ETF,EUR
iShares Elctrc Vhcls and Drvng Tech UCITS ETF USDA,ECAR,IE00BGL86Z12,ETF,USD
iShares Elctrc Vhcls and Drvng Tech UCITS ETF USDA,ECAR,IE00BGL86Z12,ETF,EUR
iShares Elctrc Vhcls and Drvng Tech UCITS ETF USDA,ECAR,IE00BGL86Z12,ETF,EUR
Invesco MSCI USA UCITS Acc ETF,SC0H,IE00B60SX170,ETF,EUR
Invesco MSCI USA UCITS Acc ETF,MXUS,IE00B60SX170,ETF,USD
Invesco MSCI USA UCITS EUR Hdg Acc ETF,MXUE,IE000CH3OQ51,ETF,EUR
Invesco MSCI USA UCITS EUR Hdg Acc ETF,MXUE,IE000CH3OQ51,ETF,EUR
Invesco MSCI USA Universal Screened UCITS ETF Acc,ESGU,IE00BJQRDM08,ETF,EUR
Invesco MSCI USA Universal Screened UCITS ETF Acc,ESGU,IE00BJQRDM08,ETF,USD
Invesco MSCI World Equal Weight UCITS Acc ETF,MWEQ,IE000OEF25S1,ETF,EUR
Invesco MSCI World Equal Weight UCITS Acc ETF,MWEQ,IE000OEF25S1,ETF,EUR
Invesco MSCI World ESG Climate PA UCITS ETF Acc,PAUD,IE000V93BNU0,ETF,EUR
Invesco MSCI World ESG Climate PA UCITS ETF Acc,PAUD,IE000V93BNU0,ETF,EUR
Invesco MSCI World ESG Climate PA UCITS ETF Acc,PAWD,IE000V93BNU0,ETF,USD
Invesco MSCI World ESG Climate PA UCITS ETF Acc,PAWD,IE000V93BNU0,ETF,USD
Invesco MSCI World ESG Climate PA UCITS ETF Acc,PAWD,IE000V93BNU0,ETF,EUR
Invesco MSCI World UCITS Acc ETF,SC0J,IE00B60SX394,ETF,EUR
Invesco MSCI World UCITS Acc ETF,SC0J,IE00B60SX394,ETF,EUR
Invesco MSCI World UCITS Acc ETF,MXWO,IE00B60SX394,ETF,USD
Invesco MSCI World UCITS Acc ETF,SMSWL,IE00B60SX394,ETF,EUR
Invesco MSCI World UCITS Acc ETF,MXWS,IE00B60SX394,ETF,GBX
Invesco MSCI World UCITS Acc ETF,MXWO,IE00B60SX394,ETF,USD
Invesco MSCI World Univ Screened UCITS ETF Acc,ESGW,IE00BJQRDK83,ETF,EUR
Invesco MSCI World Univ Screened UCITS ETF Acc,ESGW,IE00BJQRDK83,ETF,EUR
Invesco Nasdaq 100 Equal Weight UCITS ETF Acc,EWQA,IE000L2SA8K5,ETF,EUR
Invesco NASDAQ 100 Swap UCITS ETF Dist,EQQD,IE000RUF4QN8,ETF,USD
Invesco Nasdaq Biotech UCITS ETF Acc,NBTK,IE00BQ70R696,ETF,EUR
Invesco Nasdaq Biotech UCITS ETF Acc,SBIO,IE00BQ70R696,ETF,EUR
Invesco Nasdaq Biotech UCITS ETF Acc,NBTK,IE00BQ70R696,ETF,EUR
Invesco Nasdaq Biotech UCITS ETF Acc,SBIO,IE00BQ70R696,ETF,USD
Invesco Nasdaq Biotech UCITS ETF Acc,SBIO,IE00BQ70R696,ETF,USD
Invesco Nasdaq Biotech UCITS ETF Acc,SBIO,IE00BQ70R696,ETF,EUR
Invesco NASDAQ Next Generation 100 UCITS ETF Acc,EQQJ,IE00BMD8KP97,ETF,EUR
Invesco NASDAQ Next Generation 100 UCITS ETF Acc,EQQJ,IE00BMD8KP97,ETF,EUR
Invesco NASDAQ Next Generation 100 UCITS ETF Acc,EQJS,IE00BMD8KP97,ETF,GBX
Invesco NASDAQ Next Generation 100 UCITS ETF Acc,EQQJ,IE00BMD8KP97,ETF,USD
Invesco NASDAQ Next Generation 100 UCITS ETF Acc,EQQJ,IE00BMD8KP97,ETF,EUR
Invesco NASDAQ Next Generation 100 UCITS ETF Acc,EQQJ,IE00BMD8KP97,ETF,USD
Invesco NASDAQ-100 ESG UCITS ETF Acc,N1ES,IE000COQKPO9,ETF,EUR
Invesco NASDAQ-100 Swap UCITS ETF Acc,EQQX,IE00BNRQM384,ETF,EUR
Invesco NASDAQ-100 Swap UCITS ETF Acc,EQQS,IE00BNRQM384,ETF,USD
Invesco NASDAQ-100 Swap UCITS ETF Acc,EQSG,IE00BNRQM384,ETF,GBX
Invesco NASDAQ-100 Swap UCITS ETF Acc,EQQS,IE00BNRQM384,ETF,USD
Invesco NASDAQ-100 Swap UCITS ETF Acc,EQQX,IE00BNRQM384,ETF,EUR
Invesco Physcial Gold EUR Hedged ETC,8PSE,XS2183935274,ETF,EUR
Invesco Physcial Gold EUR Hedged ETC,SGLE,XS2183935274,ETF,EUR
Invesco Physical Bitcoin ETN,BTIC,XS2376095068,ETF,EUR
Invesco Physical Bitcoin ETN,BTIC,XS2376095068,ETF,EUR
Invesco Physical Gold ETC,SGLD,IE00B579F325,ETF,USD
Invesco Physical Gold ETC,SGLD,IE00B579F325,ETF,EUR
Invesco Physical Gold ETC,SGLD,IE00B579F325,ETF,USD
Invesco Physical Gold ETC,SGLD,IE00B579F325,ETF,EUR
Invesco Physical Gold ETC,8PSD,IE00B579F325,ETF,EUR
Amundi EUR Corp Bd Cl Paris Aligned UCITS ETF A,LYEB,LU1829219127,ETF,EUR
Amundi EUR Corp Bd Cl Paris Aligned UCITS ETF A,CRP,LU1829219127,ETF,EUR
Amundi EUR Corp Bd Cl Paris Aligned UCITS ETF A,CRPX,LU1829219127,ETF,GBX
Amundi EUR Corp Bd Cl Paris Aligned UCITS ETF A,LYEB,LU1829219127,ETF,EUR
Amundi EUR Corp Bd Cl Paris Aligned UCITS ETF A,CRPE,LU1829219127,ETF,EUR
Amundi EUR Corp Bd ex-Financials ESG UCITS ETF A,LYBF,LU1829218822,ETF,EUR
Amundi EUR Corp Bd ex-Financials ESG UCITS ETF A,LU1829218822,LU1829218822,ETF,EUR
Amundi EUR Corp Bd ex-Financials ESG UCITS ETF A,CBEF,LU1829218822,ETF,EUR
Amundi EUR Corporate Bond 0-1Y ESG DR (C) ETF,ECR1,LU2300294316,ETF,EUR
Amundi EUR Corporate Bond 0-1Y ESG DR (C) ETF,ECR1,LU2300294316,ETF,EUR
Amundi EUR Corporate Bond 0-1Y ESG UCITS DR (D) ETF,LCVB,LU1686830065,ETF,EUR
Amundi EUR Corporate Bond 0-1Y ESG UCITS DR (D) ETF,LCVB,LU1686830065,ETF,EUR
Amundi EUR Corporate Bond 0-3Y ESG UCITS ETF DR C,ECRP3,LU2037748774,ETF,EUR
Amundi EUR Corporate Bond 0-3Y ESG UCITS ETF DR C,ECR3,LU2037748774,ETF,EUR
Amundi EUR Corporate Bond 1-5Y ESG UCITS ETF Acc,EBBB,LU1525418643,ETF,EUR
Amundi EUR Corporate Bond 1-5Y ESG UCITS ETF Acc,EBBB,LU1525418643,ETF,EUR
Amundi EUR Corporate Bond 1-5Y ESG UCITS ETF Acc,A4H7,LU1525418643,ETF,EUR
Amundi EUR Corporate Bond ESG UCITS ETF 2 DR EUR C,TCC4,LU1681039647,ETF,EUR
Amundi EUR Corporate Bond ESG UCITS ETF 2 DR EUR C,CC4,LU1681039647,ETF,EUR
Amundi EUR Corporate Bond ESG UCITS ETF 2 DR EUR C,TCC4,LU1681039647,ETF,EUR
Amundi EUR Corporate Bond ESG UCITS ETF DR C,ECRP,LU1437018168,ETF,EUR
Amundi EUR High Yield Corp Bond ESG UCITS ETF A,HYC,LU2346257210,ETF,EUR
Amundi EUR High Yield Corporate Bond ESG UCITS ETF Dist,LYQY,LU1812090543,ETF,EUR
Amundi EUR High Yield Corporate Bond ESG UCITS ETF Dist,YIEL,LU1812090543,ETF,EUR
Amundi EUR High Yield Corporate Bond ESG UCITS ETF Dist,YIEL ,LU1812090543,ETF,EUR
Amundi EUR High Yield Corporate Bond ESG UCITS ETF Dist,LYQY,LU1812090543,ETF,EUR
Amundi EUR High Yield Corporate Bond ESG UCITS ETF Dist,HY,LU1812090543,ETF,EUR
Amundi EUR Overnight Return UCITS ETF Acc,L8I3,FR0010510800,ETF,EUR
Amundi EUR Overnight Return UCITS ETF Acc,L8I3,FR0010510800,ETF,EUR
Amundi EUR Overnight Return UCITS ETF Acc,CSHD,FR0010510800,ETF,USD
Amundi EUR Overnight Return UCITS ETF Acc,CSH,FR0010510800,ETF,EUR
Amundi EUR Overnight Return UCITS ETF Acc,LEONI,FR0010510800,ETF,EUR
Amundi EUR Overnight Return UCITS ETF Acc,CSH,FR0010510800,ETF,EUR
Amundi EUR Short Term HY Corp Bond ESG UCITS ETF D,HYS,LU1617164998,ETF,EUR
Amundi EUR STOXX 50 Dly (-1x) Inv UCITS ETF Acc,LSK7,FR0010424135,ETF,EUR
Amundi EUR STOXX 50 Dly (-1x) Inv UCITS ETF Acc,LSK7,FR0010424135,ETF,EUR
Amundi EUR STOXX 50 Dly (-1x) Inv UCITS ETF Acc,0MRJ,FR0010424135,ETF,EUR
Amundi EUR STOXX 50 Dly (-1x) Inv UCITS ETF Acc,BSX,FR0010424135,ETF,EUR
Amundi EUR STOXX 50 Dly (-1x) Inv UCITS ETF Acc,BSX,FR0010424135,ETF,EUR
Amundi EUR STOXX 50 Dly (-2x) Inv UCITS ETF Acc,LSK8,FR0010424143,ETF,EUR
Amundi EUR STOXX 50 Dly (-2x) Inv UCITS ETF Acc,LSK8,FR0010424143,ETF,EUR
Amundi EUR STOXX 50 Dly (-2x) Inv UCITS ETF Acc,0MRL,FR0010424143,ETF,EUR
Amundi EUR STOXX 50 Dly (-2x) Inv UCITS ETF Acc,BXX,FR0010424143,ETF,EUR
Amundi EUR STOXX 50 Dly (-2x) Inv UCITS ETF Acc,BXX,FR0010424143,ETF,EUR
Amundi EURFloatRateCpBdESG UCITS ETF Acc,FRNE,LU1681041114,ETF,EUR
Amundi EURFloatRateCpBdESG UCITS ETF Acc,AFRN ,LU1681041114,ETF,EUR
Amundi EURFloatRateCpBdESG UCITS ETF Acc,FRNE,LU1681041114,ETF,EUR
Amundi EURFloatRateCpBdESG UCITS ETF Acc,AFRN,LU1681041114,ETF,EUR
Amundi Euro Aggregate Bond ESG UCITS ETF DR C,PR10,LU2182388236,ETF,EUR
Amundi Euro Aggregate Bond ESG UCITS ETF DR C,EGRI,LU2182388236,ETF,EUR
L&G FTSE 100 Spr Sh Strg (Dly 2x) UCITS ETF GBPAcc,SUK2,IE00B4QNK008,ETF,GBX
L&G GBP Corp Bond 0-5 Year Scrnd UCITS ETF GBP Dis,GBP5,IE00BLRPQN90,ETF,GBX
L&G GBP Corp Bond 0-5 Year Scrnd UCITS ETF GBP Dis,GBP5,IE00BLRPQN90,ETF,GBP
L&G GBP Corporate Bond Screened UCITS ETF GBP Dist,GBPC,IE00BLRPQM83,ETF,GBX
L&G GBP Corporate Bond Screened UCITS ETF GBP Dist,GBPC,IE00BLRPQM83,ETF,GBP
L&G Gerd Kommer Multifactor Equity UCITS ETF,GERD,IE0001UQQ933,ETF,EUR
L&G Gerd Kommer Multifactor Equity UCITS ETF,GERD,IE0001UQQ933,ETF,EUR
L&G Gerd Kommer Multifactor Equity UCITS ETF,GERD,IE0001UQQ933,ETF,CHF
L&G Gerd Kommer Multifactor Equity UCITS ETF,K0MR,IE000FPWSL69,ETF,EUR
L&G Gerd Kommer Multifactor Equity UCITS ETF,K0MR,IE000FPWSL69,ETF,EUR
L&G Gerd Kommer Multifactor Equity UCITS ETF,K0MR,IE000FPWSL69,ETF,CHF
L&G Global Brands UCITS ETF USD Acc,LABL,IE0007HKA9K1,ETF,EUR
L&G Global Brands UCITS ETF USD Acc,TOPB,IE0007HKA9K1,ETF,EUR
L&G Global Equity UCITS ETF USD Acc,LGGL,IE00BFXR5S54,ETF,EUR
L&G Global Equity UCITS ETF USD Acc,LGGL,IE00BFXR5S54,ETF,EUR
L&G Global Quality Dividends UCITS ETF USD Acc,LDGA,IE000MRIQ479,ETF,EUR
L&G Global Quality Dividends UCITS ETF USD Dist,LDGL,IE0005AJA0P1,ETF,EUR
L&G Global Quality Dividends UCITS ETF USD Dist,LDGL,IE0005AJA0P1,ETF,EUR
L&G Global Quality Dividends UCITS ETF USD Dist,LDGL,IE0005AJA0P1,ETF,EUR
L&G Gold Mining UCITS ETF USD Acc,ETLX,IE00B3CNHG25,ETF,EUR
L&G Gold Mining UCITS ETF USD Acc,AUCO,IE00B3CNHG25,ETF,EUR
L&G Gold Mining UCITS ETF USD Acc,AUCO,IE00B3CNHG25,ETF,EUR
L&G Gold Mining UCITS ETF USD Acc,AUCP,IE00B3CNHG25,ETF,GBX
L&G Gold Mining UCITS ETF USD Acc,AUCO,IE00B3CNHG25,ETF,CHF
L&G Healthcare Tech & Innovation UCITS ETF USD Acc,XMLH,IE00BK5BC677,ETF,EUR
L&G Healthcare Tech & Innovation UCITS ETF USD Acc,DOCG,IE00BK5BC677,ETF,GBX
L&G Healthcare Tech & Innovation UCITS ETF USD Acc,DOCT,IE00BK5BC677,ETF,EUR
L&G Healthcare Tech & Innovation UCITS ETF USD Acc,XMLH,IE00BK5BC677,ETF,EUR
L&G Hydrogen Economy UCITS ETF USD Acc,HTMW,IE00BMYDM794,ETF,EUR
L&G Hydrogen Economy UCITS ETF USD Acc,HTMW,IE00BMYDM794,ETF,EUR
L&G Hydrogen Economy UCITS ETF USD Acc,HTWO,IE00BMYDM794,ETF,EUR
L&G India INR Government Bond UCITS ETF USD Acc,TIGA,IE000YSUEJ32,ETF,EUR
L&G India INR Government Bond UCITS USD Dist ETF,TIGR,IE00BL6K6H97,ETF,EUR
L&G India INR Government Bond UCITS USD Dist ETF,TIGR,IE00BL6K6H97,ETF,EUR
L&G Japan Equity UCITS ETF USD Acc,LGJP,IE00BFXR5T61,ETF,EUR
L&G Japan Equity UCITS ETF USD Acc,LGJP,IE00BFXR5T61,ETF,USD
L&G Japan Equity UCITS ETF USD Acc,XML5,IE00BFXR5T61,ETF,EUR
L&G Japan ESG Exclusions PA UCITS ETF USD Acc,RIJP,IE000HLUHPT1,ETF,CHF
L&G Longer Dated All Commodities UCITS ETF USD Acc,ETL2,IE00B4WPHX27,ETF,EUR
L&G Longer Dated All Commodities UCITS ETF USD Acc,COMF,IE00B4WPHX27,ETF,EUR
L&G Longer Dated All Commodities UCITS ETF USD Acc,CMFP,IE00B4WPHX27,ETF,GBX
L&G Longer Dated All Commodities UCITS ETF USD Acc,COMF,IE00B4WPHX27,ETF,USD
L&G Longer Dated All Commodities UCITS ETF USD Acc,COMF,IE00B4WPHX27,ETF,EUR
L&G Longer Dated All Commodities UCITS ETF USD Acc,COMF,IE00B4WPHX27,ETF,CHF
L&G Longer Dated All Commodities UCITS ETF USD Acc,ETL2,IE00B4WPHX27,ETF,EUR
L&G Metaverse UCITS USD Acc ETF,MTVR,IE0004U3TX15,ETF,EUR
L&G MSCI Europe Climate Pathway UCITS ETF EUR Acc,DELF,IE00BKLTRN76,ETF,EUR
L&G MSCI Europe Climate Pathway UCITS ETF EUR Acc,RIEU,IE00BKLTRN76,ETF,EUR
L&G MSCI Europe Climate Pathway UCITS ETF EUR Acc,RIEU,IE00BKLTRN76,ETF,EUR
L&G Multi-Strategy Enh Comms UCITS ETF CHFH Acc,ECCH,IE0006BISQN7,ETF,CHF
BNPPE USD Corp Bd SRI Fossil Free UCITS ETF Cap,USCBC,LU2616774076,ETF,USD
BNPPE USD Corp Bd SRI Fossil Free UCITS ETF Dis,USCBD,LU2616776444,ETF,USD
Boost Btp 10Y 5X Short Daily ETP ETN,5BTS,IE00BYNXNS22,ETF,EUR
Boost Bund 10Y 5X Short Daily ETP ETN,5BUS,IE00BYNXPH56,ETF,EUR
Boost Us Treasuries 10Y 5X Sht Daily ETP ETN,5TYS,IE00BYNXPJ70,ETF,EUR
BTCetc Bitcoin Exchange Traded Crypto ETN,BTCE,DE000A27Z304,ETF,EUR
BTCetc Bitcoin Exchange Traded Crypto ETN,BTCE,DE000A27Z304,ETF,EUR
BTCetc Bitcoin Exchange Traded Crypto ETN,BTCE,DE000A27Z304,ETF,EUR
BTCetc Bitcoin Exchange Traded Crypto ETN,BTCE,DE000A27Z304,ETF,USD
Cardano Impact for UNHCR ETP,CSLE,CH1327686056,ETF,EUR
Cardano Impact for UNHCR ETP,CSLE,CH1327686056,ETF,EUR
Cardano Impact for UNHCR ETP,CSLF,CH1327686056,ETF,USD
CF Crypto Momentum ETP,CFMN,CH1263519394,ETF,USD
CF Crypto Web 3.0 ETP,CFB3,CH1263519386,ETF,EUR
CF Crypto Web 3.0 ETP,CFBA,CH1263519386,ETF,USD
CoinShares Algorand Staking ETP,RAND,GB00BNRRF105,ETF,EUR
CoinShares Algorand Staking ETP,RAND,GB00BNRRF105,ETF,EUR
CoinShares Cardano Staking ETP,CSDA,GB00BNRRF659,ETF,EUR
CoinShares Cardano Staking ETP,CSDA,GB00BNRRF659,ETF,EUR
CoinShares Cardano Staking ETP,CSDA,GB00BNRRF659,ETF,EUR
CoinShares Chainlink ETP,CCHA,GB00BMWB4910,ETF,EUR
CoinShares Chainlink ETP,CCHA,GB00BMWB4910,ETF,EUR
CoinShares Cosmos Staking ETP,COMS,GB00BNRRF980,ETF,EUR
CoinShares Cosmos Staking ETP,COMS,GB00BNRRF980,ETF,EUR
CoinShares Ethereum Staking ETP,CETH,GB00BLD4ZM24,ETF,EUR
CoinShares Ethereum Staking ETP,CETH,GB00BLD4ZM24,ETF,EUR
CoinShares Ethereum Staking ETP,CETH,GB00BLD4ZM24,ETF,EUR
CoinShares Finanzen.net Top 10 Crypto ETP,CFTN,GB00BMY36D37,ETF,EUR
CoinShares Physical Bitcoin,BITC,GB00BLD4ZL17,ETF,EUR
CoinShares Physical Bitcoin,BITC,GB00BLD4ZL17,ETF,EUR
CoinShares Physical Bitcoin,BITC,GB00BLD4ZL17,ETF,EUR
CoinShares Physical Litecoin,CLTC,GB00BLD4ZP54,ETF,EUR
CoinShares Physical Litecoin,CLTC,GB00BLD4ZP54,ETF,EUR
CoinShares Physical Smart Contract Platform ETN,CSSC,JE00BPRDNM93,ETF,EUR
CoinShares Physical Smart Contract Platform ETN,CSSC,JE00BPRDNM93,ETF,EUR
CoinShares Physical Top10 Crypto Market ETN,CTEN,JE00BPRDNL86,ETF,EUR
CoinShares Physical Top10 Crypto Market ETN,CTEN,JE00BPRDNL86,ETF,EUR
CoinShares Polkadot Staking ETP,CDOT,GB00BNRRFW10,ETF,EUR
CoinShares Polkadot Staking ETP,CDOT,GB00BNRRFW10,ETF,EUR
CoinShares Polkadot Staking ETP,CDOU,GB00BNRRFW10,ETF,USD
CoinShares Polygon Staking ETP,CPYG,GB00BNRRB013,ETF,EUR
CoinShares Polygon Staking ETP,CPYG,GB00BNRRB013,ETF,EUR
CoinShares Solana Staking ETP,SLNC,GB00BNRRFY34,ETF,EUR
CoinShares Solana Staking ETP,SLNC,GB00BNRRFY34,ETF,EUR
CoinShares Solana Staking ETP,SLNC,GB00BNRRFY34,ETF,EUR
CoinShares Tezos Staking ETP,XTZS,GB00BMWB4803,ETF,EUR
CoinShares Tezos Staking ETP,XTZS,GB00BMWB4803,ETF,EUR
CoinShares Tezos Staking ETP,XTZT,GB00BMWB4803,ETF,USD
CoinShares Uniswap ETP,CIWP,GB00BNRRG624,ETF,EUR
Coinshares XBT Provider O.E. Bitcoin ETP,0LNA,SE0007126024,ETF,EUR
iShares Global Clean Energy Trnstn UCITS ETF USD D,INRG,IE00B1XNHC34,ETF,GBX
iShares Global Clean Energy Trnstn UCITS ETF USD D,IQQH,IE00B1XNHC34,ETF,EUR
iShares Global Clean Energy Trnstn UCITS ETF USD D,INRG,IE00B1XNHC34,ETF,USD
iShares Global Corp Bond EUR Hedged UCITS (Dist) ETF,IBCQ,IE00B9M6SJ31,ETF,EUR
iShares Global Corp Bond EUR Hedged UCITS (Dist) ETF,IBCQ,IE00B9M6SJ31,ETF,EUR
iShares Global Corp Bond EUR Hedged UCITS (Dist) ETF,CRPH,IE00B9M6SJ31,ETF,EUR
iShares Global Corp Bond UCITS ETF USD Acc,CRPA,IE00BFM6TB42,ETF,EUR
iShares Global Corp Bond UCITS ETF USD Acc,CRPA,IE00BFM6TB42,ETF,USD
iShares Global Corp Bond UCITS ETF USD Dist,IS0X,IE00B7J7TB45,ETF,EUR
iShares Global Corp Bond UCITS ETF USD Dist,CORP,IE00B7J7TB45,ETF,EUR
iShares Global Corp Bond UCITS ETF USD Dist,CORP,IE00B7J7TB45,ETF,USD
iShares Global Corp Bond UCITS ETF USD Dist,CRPS,IE00B7J7TB45,ETF,GBP
iShares Global Corp Bond UCITS ETF USD Dist,IS0X,IE00B7J7TB45,ETF,EUR
iShares Global Corp Bond UCITS ETF USD Dist,CORP,IE00B7J7TB45,ETF,USD
iShares Global Corp Bond UCITS ETF USD Hgd Acc,CRPU,IE00BF3N6Z78,ETF,USD
iShares Global Corp Bond UCITS ETF USD Hgd Acc,CRPU,IE00BF3N6Z78,ETF,USD
iShares Global Govt Bond Climate UCITS ETF USD Dis,CGGD,IE00BL0BMG90,ETF,USD
iShares Global Govt Bond UCITS ETF EUR Hedged Dist,IGLE,IE00BKT6FT27,ETF,EUR
iShares Global Govt Bond UCITS ETF USD Acc,IGLA,IE00BYZ28V50,ETF,USD
iShares Global Govt Bond UCITS ETF USD Dist,EUN3,IE00B3F81K65,ETF,EUR
iShares Global Govt Bond UCITS ETF USD Dist,IGLO,IE00B3F81K65,ETF,USD
iShares Global Govt Bond UCITS ETF USD Dist,SGLO,IE00B3F81K65,ETF,GBP
iShares Global Govt Bond UCITS ETF USD Dist,EUN3,IE00B3F81K65,ETF,EUR
iShares Global Govt Bond UCITS ETF USD Hedged Acc,SGLU,IE00BK7Y2P34,ETF,USD
iShares Global High Yield Corp Bond UCITS EUR Hedged (Acc) ETF,CEBR,IE00091SR7N7,ETF,EUR
iShares Global High Yield Corp Bond UCITS EUR Hedged (Dist) ETF,HYLE,IE00BJSFR200,ETF,EUR
iShares Global High Yield Corp Bond UCITS EUR Hedged (Dist) ETF,HYLE,IE00BJSFR200,ETF,EUR
iShares Global HY Corp Bond UCITS ETF USD Acc,HYLA,IE00BYWZ0440,ETF,USD
iShares Global HY Corp Bond UCITS ETF USD Dist,IBC9,IE00B74DQ490,ETF,EUR
iShares Global HY Corp Bond UCITS ETF USD Dist,HYLD,IE00B74DQ490,ETF,USD
iShares Global HY Corp Bond UCITS ETF USD Dist,IGHY,IE00B74DQ490,ETF,GBP
iShares Global HY Corp Bond UCITS ETF USD Dist,HYLD,IE00B74DQ490,ETF,EUR
iShares Global HY Corp Bond UCITS ETF USD Dist,IBC9,IE00B74DQ490,ETF,EUR
iShares Global HY Corp Bond UCITS ETF USD Dist,HYLD,IE00B74DQ490,ETF,CHF
iShares Global Inflation Linked Govt Bond UCITS EUR Hedged (Acc) ETF,IS3V,IE00BKPT2S34,ETF,EUR
iShares Global Inflation Linked Govt Bond UCITS EUR Hedged (Acc) ETF,IS3V,IE00BKPT2S34,ETF,EUR
iShares Global Infrastructure UCITS ETF USD (Dist),IQQI,IE00B1FZS467,ETF,EUR
iShares Global Infrastructure UCITS ETF USD (Dist),INFR,IE00B1FZS467,ETF,EUR
iShares Global Infrastructure UCITS ETF USD (Dist),INFR,IE00B1FZS467,ETF,EUR
iShares Global Infrastructure UCITS ETF USD (Dist),IDIN,IE00B1FZS467,ETF,USD
iShares Global Infrastructure UCITS ETF USD (Dist),INFR,IE00B1FZS467,ETF,GBX
iShares Global Infrastructure UCITS ETF USD (Dist),IQQI,IE00B1FZS467,ETF,EUR
iShares Global Infrastructure UCITS ETF USD (Dist),INFR,IE00B1FZS467,ETF,USD
iShares Global Infrastructure UCITS USD (Acc) ETF,CBUX,IE000CK5G8J7,ETF,EUR
iShares Global Infrastructure UCITS USD (Acc) ETF,CBUX,IE000CK5G8J7,ETF,EUR
iShares Global R Est Environ Tilt UCITS ETF USD D,GRET,IE000PL3UFC3,ETF,USD
iShares Global Timber & Forestry UCITS ETF USD D,IUSB,IE00B27YCF74,ETF,EUR
iShares Global Timber & Forestry UCITS ETF USD D,WOOD,IE00B27YCF74,ETF,GBX
iShares Global Timber & Forestry UCITS ETF USD D,IUSB,IE00B27YCF74,ETF,EUR
iShares Global Timber & Forestry UCITS ETF USD D,WOOD,IE00B27YCF74,ETF,USD
JPM BetaBuilders US Equity UCITS ETF USD Acc,BBUS,IE00BJK9H753,ETF,USD
JPM BetaBuilders US Tr Bd 0-3M UCITS ETF USD Acc,BBM3,IE00BMD8KM66,ETF,GBP
JPM BetaBuilders US Treasury Bond 0-1yr UCITS - USD (acc) ETF,BBLL,IE00BJK3WF00,ETF,EUR
JPM BetaBuilders US Treasury Bond 0-1yr UCITS - USD (acc) ETF,BBIL,IE00BJK3WF00,ETF,EUR
JPM BetaBuilders US Trs Bond UCITS ETF USD Acc,BBTR,IE00BJK9HH50,ETF,USD
JPM BetaBuilders US Trs Bond UCITS ETF USD Acc,BBTR,IE00BJK9HH50,ETF,EUR
JPM Carbon Transition Global Equity (CTB) UCITS - USD (acc) ETF,JPCT,IE00BMDWYZ92,ETF,EUR
JPM Carbon Transition Global Equity (CTB) UCITS - USD (acc) ETF,JPCT,IE00BMDWYZ92,ETF,EUR
JPM Carbon Transition Global Equity (CTB) UCITS - USD (acc) ETF,JPCT,IE00BMDWYZ92,ETF,USD
JPM China A Rsrch Enh Idx Eqt Actv UCITS ETF USD D,JRDC,IE000DS9ZCL4,ETF,EUR
JPM China A Research Enhanced Index Equity (ESG) UCITS ETF USD (dist),JRDC,IE000DS9ZCL4,ETF,EUR
JPM Climate Change Solutions Active UCITS ETF USDA,T3MP,IE000O8S1EX4,ETF,EUR
JPM Climate Change Solutions Active UCITS ETF USDA,T3MP,IE000O8S1EX4,ETF,USD
JPM EUR Ultra-Short Income Active UCITS EUR (acc) ETF,JEST,IE00BD9MMF62,ETF,EUR
JPM EUR Ultra-Short Income Active UCITS EUR (acc) ETF,JEST,IE00BD9MMF62,ETF,EUR
JPM EUR Ultra-Short Income Active UCITS EUR (acc) ETF,JEST,IE00BD9MMF62,ETF,EUR
JPM Europe Equity Premium Income Active UCITS - EUR (acc) ETF,JEEA,IE0000BNORX6,ETF,EUR
JPM Europe Equity Premium Income Active UCITS - EUR (acc) ETF,JEEA,IE0000BNORX6,ETF,EUR
JPM Europe Equity Premium Income Active UCITS - EUR (dist) ETF,JEEP,IE00064TWYK9,ETF,EUR
JPM Europe Equity Premium Income Active UCITS - EUR (dist) ETF,JEPE,IE00064TWYK9,ETF,EUR
JPM Europe Equity Premium Income Active UCITS - EUR (dist) ETF,JEPE,IE00064TWYK9,ETF,EUR
JPM Europe Research Enhanced Index Equity Active UCITS EUR (acc) ETF,JREE,IE00BF4G7183,ETF,EUR
JPM Europe Research Enhanced Index Equity Active UCITS EUR (acc) ETF,JREE,IE00BF4G7183,ETF,EUR
JPM Europe Research Enhanced Index Equity Active UCITS EUR (acc) ETF,JERE,IE00BF4G7183,ETF,GBX
JPM Europe Research Enhanced Index Equity Active UCITS EUR (acc) ETF,JREE,IE00BF4G7183,ETF,EUR
JPM Europe Research Enhanced Index Equity Active UCITS EUR (acc) ETF,JREE,IE00BF4G7183,ETF,EUR
JPM Eurozone Research Enhanced Index Equity Active UCITS EUR (acc) ETF,JREZ,IE00004PGEY9,ETF,EUR
JPM Eurozone Research Enhanced Index Equity Active UCITS EUR (acc) ETF,JREZ,IE00004PGEY9,ETF,EUR
JPM GBP Ultra-Short Income Active UCITS ETF GBP D,J6G9,IE00BD9MMG79,ETF,EUR
JPM GBP Ultra-Short Income Active UCITS ETF GBP D,JGST,IE00BD9MMG79,ETF,GBP
JPM Glob EM Resrch Enh Idx Eqt Actv UCITS ETF USDA,JREM,IE00BF4G6Z54,ETF,EUR
JPM Glob EM Resrch Enh Idx Eqt Actv UCITS ETF USDA,JREM,IE00BF4G6Z54,ETF,EUR
JPM Glob EM Resrch Enh Idx Eqt Actv UCITS ETF USDA,JREM,IE00BF4G6Z54,ETF,EUR
JPM Glob EM Resrch Enh Idx Eqt Actv UCITS ETF USDA,JMRE,IE00BF4G6Z54,ETF,GBX
JPM Glob EM Resrch Enh Idx Eqt Actv UCITS ETF USDA,JREM,IE00BF4G6Z54,ETF,USD
JPM Global Eq Prem Inc Active UCITS ETF USD (acc),JEGA,IE000WX7BVB0,ETF,EUR
JPM Global Eq Prem Inc Active UCITS ETF USD (acc),JEGA,IE000WX7BVB0,ETF,EUR
JPM Global Eq Prem Inc Active UCITS ETF USD (acc),JEGA,IE000WX7BVB0,ETF,USD
JPM Global Eq Prem Inc Active UCITS ETF USD (dist),JGPI,IE0003UVYC20,ETF,EUR
JPM Global Eq Prem Inc Active UCITS ETF USD (dist),JGPI,IE0003UVYC20,ETF,EUR
JPM Global Eq Prem Inc Active UCITS ETF USD (dist),JEPG,IE0003UVYC20,ETF,USD
JPM Global Eq Prem Inc Active UCITS ETF USD (dist),JEPG,IE0003UVYC20,ETF,USD
JPM Global Eq Prem Inc Active UCITS ETF USD (dist),JEPG,IE0003UVYC20,ETF,CHF
JPM Global Equity Multi-Factor UCITS - USD (acc) ETF,JPGL,IE00BJRCLL96,ETF,EUR
JPM Global Equity Multi-Factor UCITS - USD (acc) ETF,JPGL,IE00BJRCLL96,ETF,EUR
JPM Global Equity Multi-Factor UCITS - USD (acc) ETF,JPGL,IE00BJRCLL96,ETF,USD
JPM Global Equity Multi-Factor UCITS - USD (acc) ETF,JPGL,IE00BJRCLL96,ETF,EUR
JPM Global Equity Premium Income Active UCITS EUR Dist ETF,JGPD,IE000AP27VA7,ETF,EUR
JPM Global Equity Premium Income Active UCITS EUR Dist ETF,JGPD,IE000AP27VA7,ETF,EUR
JPM Global High Yield Corporate Bond Multi-Factor Active UCITS USD (acc) ETF,JGHY,IE00BKKCKJ46,ETF,EUR
Amundi MSCI Eastern Europe Ex Russia UCITS ETF Acc,LEER,LU1900066462,ETF,EUR
Amundi MSCI Eastern Europe Ex Russia UCITS ETF Acc,CEC ,LU1900066462,ETF,EUR
Amundi MSCI EM Asia ESG Broad Transition UCITS Acc ETF,LCUA,LU1781541849,ETF,EUR
Amundi MSCI EM Asia ESG Broad Transition UCITS Acc ETF,LCUA,LU1781541849,ETF,EUR
Amundi MSCI Em Asia UCITS ETF - EUR (C),AMEA,LU1681044480,ETF,EUR
Amundi MSCI Em Asia UCITS ETF - EUR (C),AMEA,LU1681044480,ETF,EUR
Amundi MSCI Em Asia UCITS ETF - EUR (C),AASI,LU1681044480,ETF,EUR
Amundi MSCI Em Asia UCITS ETF - EUR (C),AASI ,LU1681044480,ETF,EUR
Amundi MSCI Em Latin America UCITS ETF - EUR (C),AMEL,LU1681045024,ETF,EUR
Amundi MSCI Em Latin America UCITS ETF - EUR (C),AMEL,LU1681045024,ETF,EUR
Amundi MSCI Em Latin America UCITS ETF - EUR (C),ALAT ,LU1681045024,ETF,EUR
Amundi MSCI Em Latin America UCITS ETF - EUR (C),ALAT,LU1681045024,ETF,EUR
Amundi MSCI Em Mkts Swap II UCITS ETF EUR Acc,LYM7,FR0010429068,ETF,EUR
Amundi MSCI Em Mkts Swap II UCITS ETF EUR Acc,LEM,FR0010429068,ETF,EUR
Amundi MSCI Em Mkts Swap II UCITS ETF EUR Acc,LYM7,FR0010429068,ETF,EUR
Amundi MSCI Em Mkts Swap II UCITS ETF EUR Acc,EMKT,FR0010429068,ETF,EUR
Amundi MSCI Em Mkts Swap II UCITS ETF EUR Acc,0MRN,FR0010429068,ETF,EUR
Amundi MSCI Em Mkts Swap II UCITS ETF USD Acc,LYLEM,FR0010435297,ETF,USD
Amundi MSCI Em Mkts Swap II UCITS ETF USD Acc,LEMD,FR0010435297,ETF,USD
Amundi MSCI Em Mkts Swap II UCITS ETF USD Acc,LEML,FR0010435297,ETF,GBX
Amundi MSCI Em Mkts Swap UCITS ETF EUR Acc,AMEM,LU1681045370,ETF,EUR
Amundi MSCI Em Mkts Swap UCITS ETF EUR Acc,AEEM ,LU1681045370,ETF,EUR
Amundi MSCI Em Mkts Swap UCITS ETF EUR Acc,AMEM,LU1681045370,ETF,EUR
Amundi MSCI Em Mkts Swap UCITS ETF EUR Acc,AEEM,LU1681045370,ETF,EUR
Amundi MSCI Em Mkts Swap UCITS ETF USD Acc,X9I1,LU1681045453,ETF,EUR
Amundi MSCI Em Mkts Swap UCITS ETF USD Acc,AUEM,LU1681045453,ETF,USD
Amundi MSCI Em Mkts Swap UCITS ETF USD Acc,AUEM,LU1681045453,ETF,USD
Amundi MSCI EM SRI Cl Paris Aligned UCITS ETF DRA,AMEI,LU1861138961,ETF,EUR
Amundi MSCI EM SRI Cl Paris Aligned UCITS ETF DRA,EMSRI,LU1861138961,ETF,EUR
Amundi MSCI EM SRI Cl Paris Aligned UCITS ETF DRA,AMEI,LU1861138961,ETF,EUR
Amundi MSCI Emerging Ex China UCITS ETF Acc,EMXC,LU2009202107,ETF,EUR
Amundi MSCI Emerging Ex China UCITS ETF Acc,EMXC,LU2009202107,ETF,EUR
Amundi MSCI Emerging Ex China UCITS ETF Acc,EMXC,LU2009202107,ETF,USD
Amundi MSCI Emerging Markets ESG Broad Transition UCITS DR (C) ETF,SBIM,LU2109787049,ETF,EUR
Amundi MSCI Emerging Markets ESG Broad Transition UCITS DR (C) ETF,CLEM,LU2109787049,ETF,EUR
Amundi MSCI Emerging Markets ESG Broad Transition UCITS DR (C) ETF,LU2109787049,LU2109787049,ETF,EUR
Amundi MSCI Emerging Markets ESG Selection - UCITS DR (C) ETF,SADM,LU2109787551,ETF,EUR
Amundi MSCI Emerging Markets ESG Selection - UCITS DR (C) ETF,SADM,LU2109787551,ETF,EUR
Amundi MSCI EMU Climate Paris Aligned UCITS ETF A,PABZ,LU2182388582,ETF,EUR
Amundi MSCI EMU ESG Broad Transition UCITS ETF A,LGQG,LU0908501058,ETF,EUR
Amundi MSCI EMU ESG Broad Transition UCITS ETF A,MFED,LU0908501058,ETF,EUR
Amundi MSCI EMU ESG Broad Transition UCITS ETF A,LGQG,LU0908501058,ETF,EUR
Amundi MSCI EMU ESG Broad Transition UCITS ETF D,MFDD,LU0908501132,ETF,EUR
Amundi MSCI EMU ESG Selection UCITS ETF DR EUR C,AMED,LU1602144575,ETF,EUR
Amundi MSCI EMU ESG Selection UCITS ETF DR EUR C,CMU ,LU1602144575,ETF,EUR
Amundi MSCI EMU ESG Selection UCITS ETF DR EUR C,AMAMED,LU1602144575,ETF,EUR
Amundi MSCI EMU High Dividend UCITS ETF Acc,18M2,FR0010717090,ETF,EUR
Amundi MSCI EMU High Dividend UCITS ETF Acc,CD8,FR0010717090,ETF,EUR
Amundi MSCI EMU High Dividend UCITS ETF Acc,18M2,FR0010717090,ETF,EUR
Amundi MSCI EMU SmCp ESG Brd Trnstn UCITS ETF D,MMS ,LU1598689153,ETF,EUR
Xtrackers MSCI EMU High Dividend Yield ESG UCITS ETF,XZDZ,IE000VCBWFL8,ETF,EUR
Xtrackers MSCI EMU Screened UCITS - 1D ETF,XMVE,IE00BDGN9Z19,ETF,EUR
Xtrackers MSCI EMU Screened UCITS - 1D ETF,XMVE,IE00BDGN9Z19,ETF,EUR
Xtrackers MSCI EMU Screened UCITS - 1D ETF,XMVE,IE00BDGN9Z19,ETF,EUR
Xtrackers MSCI EMU UCITS 1D ETF,XD5E,LU0846194776,ETF,EUR
Xtrackers MSCI EMU UCITS 1D ETF,XD5E,LU0846194776,ETF,EUR
Xtrackers MSCI EMU UCITS 1D ETF,XD5E,LU0846194776,ETF,GBX
Xtrackers MSCI EMU UCITS 1D ETF,XD5E,LU0846194776,ETF,EUR
Xtrackers MSCI EMU UCITS 1D ETF,XD5E,LU0846194776,ETF,CHF
Xtrackers MSCI EMU UCITS ETF 1C HUSD,XD5D,LU1127514245,ETF,USD
Xtrackers MSCI EMU UCITS ETF 1C HUSD,XD5D,LU1127514245,ETF,USD
Xtrackers MSCI EMU UCITS ETF 2C HGBP,XD5S,LU1127516455,ETF,GBX
Xtrackers MSCI EMU UCITS ETF 2C HGBP,XD5S,LU1127516455,ETF,USD
Xtrackers MSCI EMU UCITS ETF 3C HCHF,XDUE,LU1215828218,ETF,CHF
Xtrackers MSCI Europe Communication Services Screened UCITS 1C ETF,DXSG,LU0292104030,ETF,EUR
Xtrackers MSCI Europe Communication Services Screened UCITS 1C ETF,XSKR,LU0292104030,ETF,GBX
Xtrackers MSCI Europe Consumer Staples Screened UCITS 1C ETF,DXSK,LU0292105359,ETF,EUR
Xtrackers MSCI Europe Consumer Staples Screened UCITS 1C ETF,XS3R,LU0292105359,ETF,GBX
Xtrackers MSCI Europe ESG UCITS ETF,XZEP,IE0004ZJGWT9,ETF,EUR
Xtrackers MSCI Europe ESG UCITS ETF,XZEU,IE00BFMNHK08,ETF,EUR
Xtrackers MSCI Europe ESG UCITS ETF,XZEU,IE00BFMNHK08,ETF,EUR
Xtrackers MSCI Europe Financials Screened UCITS 1C ETF,DXSF,LU0292103651,ETF,EUR
Xtrackers MSCI Europe Financials Screened UCITS 1C ETF,XS7R,LU0292103651,ETF,GBX
Xtrackers MSCI Europe Financials Screened UCITS 1C ETF,DXSF,LU0292103651,ETF,EUR
Xtrackers MSCI Europe Health Care Screened UCITS 1C ETF,DXSE,LU0292103222,ETF,EUR
Xtrackers MSCI Europe Health Care Screened UCITS 1C ETF,XSDR,LU0292103222,ETF,GBX
Xtrackers MSCI Europe Health Care Screened UCITS 1C ETF,DXSE,LU0292103222,ETF,EUR
Xtrackers MSCI Europe Industrials Screened UCITS 1C ETF,DXSL,LU0292106084,ETF,EUR
Xtrackers MSCI Europe Industrials Screened UCITS 1C ETF,XSNR,LU0292106084,ETF,GBX
Xtrackers MSCI Europe Industrials Screened UCITS 1C ETF,DXSL,LU0292106084,ETF,EUR
Xtrackers MSCI Europe Information Technology Screened UCITS 1C ETF,DXSH,LU0292104469,ETF,EUR
Xtrackers MSCI Europe Information Technology Screened UCITS 1C ETF,XS8R,LU0292104469,ETF,GBX
Xtrackers MSCI Europe Information Technology Screened UCITS 1C ETF,DXSH,LU0292104469,ETF,EUR
Xtrackers MSCI Europe Materials Screened UCITS 1C ETF,DXSC,LU0292100806,ETF,EUR
Xtrackers MSCI Europe Materials Screened UCITS 1C ETF,DXSC,LU0292100806,ETF,EUR
Xtrackers MSCI Europe Materials Screened UCITS 1C ETF,XSPR,LU0292100806,ETF,GBX
Xtrackers MSCI Europe Screened UCITS 1C ETF,DX2I,LU0322253732,ETF,EUR
Xtrackers MSCI Europe Screened UCITS 1C ETF,XEUM,LU0322253732,ETF,GBX
Xtrackers MSCI Europe Screened UCITS 1C ETF,DX2I,LU0322253732,ETF,EUR
Xtrackers MSCI Europe Screened UCITS 1C ETF,XEUM,LU0322253732,ETF,EUR
Xtrackers MSCI Europe Small Cap UCITS 1C ETF,DX2J,LU0322253906,ETF,EUR
Xtrackers MSCI Europe Small Cap UCITS 1C ETF,DX2J,LU0322253906,ETF,EUR
Xtrackers MSCI Europe Small Cap UCITS 1C ETF,XXSC,LU0322253906,ETF,GBX
Xtrackers MSCI Europe Small Cap UCITS 1C ETF,XXSC,LU0322253906,ETF,EUR
Xtrackers MSCI Europe UCITS 1C ETF,DBXA,LU0274209237,ETF,EUR
Xtrackers MSCI Europe UCITS 1C ETF,DBXA,LU0274209237,ETF,EUR
Xtrackers MSCI Europe UCITS 1C ETF,XMED,LU0274209237,ETF,USD
Xtrackers MSCI Europe UCITS 1C ETF,XMEU,LU0274209237,ETF,GBX
Xtrackers MSCI Europe UCITS 1C ETF,XMEU,LU0274209237,ETF,EUR
Xtrackers MSCI Europe UCITS 1D ETF,XIEE,LU1242369327,ETF,EUR
UBS BBG MSCI Euro Area Liquid Corp Sustainable UCITS EUR dis ETF,UIMC,LU1484799769,ETF,EUR
UBS BBG MSCI Euro Area Liquid Corp Sustainable UCITS EUR dis ETF,CBSE,LU1484799769,ETF,GBX
UBS BBG MSCI Euro Area Liquid Corp Sustainable UCITS EUR dis ETF,CBSEU,LU1484799769,ETF,EUR
UBS BBG MSCI Euro Area Liquid Corp Sustainable UCITS EUR dis ETF,CBSEU,LU1484799769,ETF,EUR
UBS BBG MSCI US Liq Crp Sust UCITS ETF hCHFd,CBSUST,LU1215461754,ETF,CHF
UBS BBG MSCI US Liq Crp Sust UCITS ETF hEURa,UET0,LU1215461325,ETF,EUR
UBS BBG MSCI US Liq Crp Sust UCITS ETF hEURa,CBSUS,LU1215461325,ETF,EUR
UBS BBG MSCI US Liq Crp Sust UCITS ETF hEURa,UE27,LU1215461325,ETF,EUR
UBS BBG MSCI US Liq Crp Sust UCITS ETF hEURa,CBSUSE,LU1215461325,ETF,EUR
UBS BBG MSCI US Liq Crp Sust UCITS ETF hGBPd,CBSUSH,LU1215461598,ETF,GBP
UBS BBG MSCI US Liq Crp Sust UCITS ETF USDd,CBSUS,LU1215461085,ETF,EUR
UBS BBG MSCI US Liq Crp Sust UCITS ETF USDd,CBSUS,LU1215461085,ETF,USD
UBS BBG MSCI US Liq Crp Sust UCITS ETF USDd,UC97,LU1215461085,ETF,USD
UBS BBG MSCI US Liq Crp Sust UCITS ETF USDd,UC98,LU1215461085,ETF,GBX
UBS BBG MSCI US Liq Crp Sust UCITS ETF USDd,UE25,LU1215461085,ETF,EUR
UBS BBG MSCI US Liquid Corp 1-5 Sustainable UCITS hEUR acc ETF,AW1M,LU2408468291,ETF,EUR
UBS BBG TIPS 10+ UCITS ETF hEUR acc,TIP10,LU1459803059,ETF,EUR
UBS BBG TIPS 10+ UCITS ETF USD dis,UIMB,LU1459802754,ETF,EUR
UBS BBG TIPS 10+ UCITS ETF USD dis,TIP10D,LU1459802754,ETF,USD
UBS BBG TIPS 10+ UCITS ETF USD dis,TIP10,LU1459802754,ETF,EUR
UBS BBG TIPS 10+ UCITS ETF USD dis,UBTL,LU1459802754,ETF,GBX
UBS BBG TIPS 10+ UCITS ETF USD dis,UIMB,LU1459802754,ETF,EUR
UBS BBG US Liquid Corp 1-5 UCITS ETF hCHF acc,CBUS5S,LU1048315755,ETF,CHF
UBS BBG US Liquid Corp 1-5 UCITS ETF hCHF acc,0MWI,LU1048315755,ETF,CHF
UBS BBG US Liquid Corp 1-5 UCITS ETF hEUR acc,UEF8,LU1048315243,ETF,EUR
UBS BBG US Liquid Corp 1-5 UCITS ETF hEUR acc,UEF8,LU1048315243,ETF,EUR
UBS BBG US Liquid Corp 1-5 UCITS ETF hEUR acc,CBUS5E,LU1048315243,ETF,EUR
UBS BBG US Liquid Corp 1-5 UCITS ETF hEUR acc,CBUS5,LU1048315243,ETF,EUR
UBS BBG US Liquid Corp 1-5 UCITS ETF hGBP dis,UC82,LU1048315326,ETF,GBX
UBS BBG US Liquid Corp 1-5 UCITS ETF hGBP dis,CBUS5H,LU1048315326,ETF,GBP
UBS BBG US Liquid Corp 1-5 UCITS ETF USD dis,UEF7,LU1048314949,ETF,EUR
UBS BBG US Liquid Corp 1-5 UCITS ETF USD dis,UEF7,LU1048314949,ETF,EUR
UBS BBG US Liquid Corp 1-5 UCITS ETF USD dis,UC81,LU1048314949,ETF,GBX
UBS BBG US Liquid Corp 1-5 UCITS ETF USD dis,UC86,LU1048314949,ETF,USD
UBS BBG US Liquid Corp 1-5 UCITS ETF USD dis,CBUS5,LU1048314949,ETF,EUR
UBS BBG US Liquid Corp 1-5 UCITS ETF USD dis,CBUS5,LU1048314949,ETF,CHF
UBS BBG US Liquid Corp 1-5 UCITS ETF USD dis,CBUS5,LU1048314949,ETF,USD
UBS BBG USD EM Sovereign UCITS ETF hCHF acc,SBEMS,LU1324516720,ETF,CHF
UBS BBG USD EM Sovereign UCITS ETF hEUR acc,SBEME,LU1324516308,ETF,EUR
UBS BBG USD EM Sovereign UCITS ETF hEUR acc,FRCK,LU1324516308,ETF,EUR
UBS BBG USD EM Sovereign UCITS ETF hEUR acc,SBEME,LU1324516308,ETF,EUR
UBS BBG USD EM Sovereign UCITS ETF hGBP dis,SBEG,LU1324516480,ETF,GBX
UBS BBG USD EM Sovereign UCITS ETF hGBP dis,SBEMH,LU1324516480,ETF,GBP
UBS BBG USD EM Sovereign UCITS USD dis ETF,UEFS,LU1324516050,ETF,EUR
UBS BBG USD EM Sovereign UCITS USD dis ETF,SBEM,LU1324516050,ETF,USD
UBS BBG USD EM Sovereign UCITS USD dis ETF,SBEM,LU1324516050,ETF,EUR
UBS BBG USD EM Sovereign UCITS USD dis ETF,SBEM,LU1324516050,ETF,GBX
UBS CMCI Commodity Carry SF UCITS USD acc ETF,UEQC,IE00BKFB6L02,ETF,EUR
UBS CMCI Composite SF UCITS ETF hCHF acc,CCCHA,IE00B58FQX63,ETF,CHF
UBS CMCI Composite SF UCITS ETF hEUR acc,CCEUA,IE00B58HMN42,ETF,EUR
Invesco EQQQ NASDAQ-100 UCITS ETF Acc,EQQB,IE00BFZXGZ54,ETF,EUR
Invesco EQQQ NASDAQ-100 UCITS ETF Acc,EQAC,IE00BFZXGZ54,ETF,USD
Invesco EQQQ NASDAQ-100 UCITS ETF Acc,EQQB,IE00BFZXGZ54,ETF,EUR
Invesco EQQQ NASDAQ-100 UCITS ETF Dist,EQQQ,IE0032077012,ETF,EUR
Invesco EQQQ NASDAQ-100 UCITS ETF Dist,EQQQ,IE0032077012,ETF,GBX
Invesco EQQQ NASDAQ-100 UCITS ETF Dist,EQQQ,IE0032077012,ETF,EUR
Invesco EQQQ NASDAQ-100 UCITS ETF Dist,EQQQ,IE0032077012,ETF,USD
Invesco EQQQ NASDAQ-100 UCITS ETF Dist,EQQU,IE0032077012,ETF,USD
Invesco EQQQ NASDAQ-100 UCITS ETF Dist,EQQQ,IE0032077012,ETF,EUR
Invesco EQQQ NASDAQ-100 UCITS ETF Dist,EQQQ ,IE0032077012,ETF,EUR
Invesco EQQQ NASDAQ-100 UCITS ETF EUR Hdg Acc,EQEU,IE00BYVTMS52,ETF,EUR
Invesco EQQQ NASDAQ-100 UCITS ETF EUR Hdg Acc,EQEU,IE00BYVTMS52,ETF,EUR
Invesco EQQQ NASDAQ-100 UCITS ETF EUR Hdg Acc,EQEU,IE00BYVTMS52,ETF,EUR
Invesco EUR AAA CLO UCITS ETF Acc,CLOA,IE000Y2JPPS4,ETF,EUR
Invesco EUR AAA CLO UCITS ETF Acc,CLOA,IE000Y2JPPS4,ETF,EUR
Invesco EUR AAA CLO UCITS ETF Dist,CLOD,IE000U7LIXH5,ETF,EUR
Invesco EUR AAA CLO UCITS ETF Dist,CLOD,IE000U7LIXH5,ETF,EUR
Invesco EUR Gv and Rltd Grn Bd Wghtd UCITS ETF Acc,EGVA,IE0007BT2BH8,ETF,EUR
Invesco EUR Gv and Rltd Grn Bd Wghtd UCITS ETF Dis,EGVD,IE0008SEV3B2,ETF,EUR
Invesco EUR Gv and Rltd Grn Bd Wghtd UCITS ETF Dis,EGTD,IE0008SEV3B2,ETF,EUR
Invesco EUR Overnight Return Swap UCITS ETF Acc,RONS,IE000YPOHA39,ETF,EUR
Invesco Euro Cash 3 Months UCITS ETF Acc,PJEU,IE00B3BPCH51,ETF,EUR
Invesco Euro Cash 3 Months UCITS ETF Acc,PEU,IE00B3BPCH51,ETF,EUR
Invesco Euro Corporate Hybrid Bond UCITS Acc ETF,EHBA,IE00BKWD3B81,ETF,EUR
Invesco Euro Corporate Hybrid Bond UCITS Dist ETF,EHBD,IE00BKWD3966,ETF,EUR
Invesco Euro Government Bond 1-3 Year UCITS ETF,EIB3,IE00BGJWWY63,ETF,EUR
Invesco Euro Government Bond 1-3 Year UCITS ETF,EIB3,IE00BGJWWY63,ETF,EUR
Invesco Euro Government Bond 3-5 Year UCITS ETF,EIB5,IE00BGJWWV33,ETF,EUR
Invesco Euro Government Bond 3-5 Year UCITS ETF,EIB5,IE00BGJWWV33,ETF,EUR
Invesco EURO STOXX 50 UCITS Acc ETF,SC0D,IE00B60SWX25,ETF,EUR
Invesco EURO STOXX 50 UCITS Acc ETF,SX5S,IE00B60SWX25,ETF,GBX
Invesco EURO STOXX 50 UCITS Acc ETF,SC0D,IE00B60SWX25,ETF,EUR
Invesco EURO STOXX 50 UCITS Acc ETF,SDJE5,IE00B60SWX25,ETF,EUR
Invesco EURO STOXX 50 UCITS Acc ETF,SX5E,IE00B60SWX25,ETF,EUR
Invesco EURO STOXX 50 UCITS Dist ETF,S6X0,IE00B5B5TG76,ETF,EUR
Invesco EURO STOXX 50 UCITS Dist ETF,OSX5,IE00B5B5TG76,ETF,EUR
Invesco EURO STOXX 50 UCITS Dist ETF,OSXF,IE00B5B5TG76,ETF,CHF
Invesco EURO STOXX 50 UCITS Dist ETF,SX5D,IE00B5B5TG76,ETF,EUR
Invesco EURO STOXX 50 UCITS Dist ETF,SDJE5,IE00B5B5TG76,ETF,EUR
Invesco EURO STOXX Hi Div Low Vlty UCITS ETF Dist,EHDV,IE00BZ4BMM98,ETF,EUR
Invesco EURO STOXX Hi Div Low Vlty UCITS ETF Dist,EUHD,IE00BZ4BMM98,ETF,EUR
Invesco EURO STOXX Hi Div Low Vlty UCITS ETF Dist,EHDV,IE00BZ4BMM98,ETF,EUR
Invesco EURO STOXX Hi Div Low Vlty UCITS ETF Dist,EUHD,IE00BZ4BMM98,ETF,EUR
Invesco EURO STOXX Hi Div Low Vlty UCITS ETF Dist,EUHD,IE00BZ4BMM98,ETF,GBX
Invesco EURO STOXX Hi Div Low Vlty UCITS ETF Dist,HDEU,IE00BZ4BMM98,ETF,EUR
Invesco EURO STOXX Optimised Banks UCITS Acc ETF,S7XE,IE00B3Q19T94,ETF,EUR
Invesco EURO STOXX Optimised Banks UCITS Acc ETF,S7XE,IE00B3Q19T94,ETF,EUR
Invesco EURO STOXX Optimised Banks UCITS Acc ETF,S7XP,IE00B3Q19T94,ETF,GBX
Invesco Financials S&P US Sel Sector UCITS ETF Acc,XLFQ,IE00B42Q4896,ETF,GBX
Invesco Financials S&P US Sel Sector UCITS ETF Acc,XLFS,IE00B42Q4896,ETF,USD
Invesco USD AT1 CoCo Bond UCITS - EUR Hdg Dist ETF,XAT1,IE00BFZPF439,ETF,EUR
Invesco USD AT1 CoCo Bond UCITS - EUR Hdg Dist ETF,XAT1,IE00BFZPF439,ETF,EUR
Invesco USD AT1 CoCo Bond UCITS ETF Acc,AT1,IE00BFZPF322,ETF,EUR
Invesco USD AT1 CoCo Bond UCITS ETF Acc,AT1,IE00BFZPF322,ETF,USD
Invesco USD AT1 CoCo Bond UCITS ETF Dist,AT1D,IE00BG0TQB18,ETF,USD
Invesco USD AT1 CoCo Bond UCITS ETF Dist,AT1D,IE00BG0TQB18,ETF,GBX
Invesco USD Overnight Return Swap UCITS ETF Acc,UONS,IE000L00POB4,ETF,USD
Invesco Utilities S&P US Sel Sector UCITS ETF Acc,XLUS,IE00B3VPKB53,ETF,EUR
Invesco Utilities S&P US Sel Sector UCITS ETF Acc,XLUS,IE00B3VPKB53,ETF,USD
Invesco Utilities S&P US Sel Sector UCITS ETF Acc,XLUP,IE00B3VPKB53,ETF,GBX
Invesco Utilities S&P US Sel Sector UCITS ETF Acc,XLUS,IE00B3VPKB53,ETF,USD
Invesco Variable Rate Preferred Shrs UCITS ETF Acc,VPAC,IE00BHJYDT11,ETF,USD
Invesco Variable Rate Preferred Shrs UCITS ETF Acc,VPAC,IE00BHJYDT11,ETF,USD
Invesco Variable Rate Preferred Shrs UCITS ETF Dis,VRPS,IE00BG21M733,ETF,USD
Invesco Wind Energy UCITS Acc ETF,WDEY,IE0008RX29L5,ETF,EUR
Invesco Wind Energy UCITS Acc ETF,WNDE,IE0008RX29L5,ETF,CHF
Invesco Wind Energy UCITS Acc ETF,WNDE,IE0008RX29L5,ETF,USD
Ish Incl / Diversity Etf,OPEN,IE00BD0B9B76,ETF,EUR
Ish Msci Emu Esg Enh Ctb Eur D,EMNE,IE00BHZPHZ28,ETF,EUR
iShares   Aggregate Bond ESG SRI UCITS ETF EUR D,EUN4,IE00B3DKXQ41,ETF,EUR
iShares   Aggregate Bond ESG SRI UCITS ETF EUR D,IEAG,IE00B3DKXQ41,ETF,EUR
iShares   Aggregate Bond ESG SRI UCITS ETF EUR D,IEAG,IE00B3DKXQ41,ETF,CHF
iShares   Aggregate Bond ESG SRI UCITS ETF EUR D,IEAG,IE00B3DKXQ41,ETF,EUR
iShares   Aggregate Bond ESG SRI UCITS ETF EUR D,SEAG,IE00B3DKXQ41,ETF,GBP
iShares   Aggregate Bond ESG SRI UCITS ETF EUR D,EUN4,IE00B3DKXQ41,ETF,EUR
iShares   Core Govt Bond UCITS ETF EUR A,IEGS,IE0008U15456,ETF,EUR
iShares   Corp Bond 0-3Yr ESG SRI UCITS ETF EUR D,QDVL,IE00BYZTVV78,ETF,EUR
iShares   Corp Bond 0-3Yr ESG SRI UCITS ETF EUR D,QDVL,IE00BYZTVV78,ETF,EUR
iShares   Corp Bond 0-3Yr ESG SRI UCITS ETF EUR D,SUSE,IE00BYZTVV78,ETF,EUR
iShares   Corp Bond 1-5 yr UCITS ETF EUR (Dist),EUNT,IE00B4L60045,ETF,EUR
iShares   Corp Bond 1-5 yr UCITS ETF EUR (Dist),SE15,IE00B4L60045,ETF,EUR
iShares   Corp Bond 1-5 yr UCITS ETF EUR (Dist),IE15,IE00B4L60045,ETF,EUR
iShares   Corp Bond 1-5 yr UCITS ETF EUR (Dist),SE15,IE00B4L60045,ETF,GBP
iShares   Corp Bond 1-5 yr UCITS ETF EUR (Dist),SE15,IE00B4L60045,ETF,CHF
iShares   Corp Bond 1-5 yr UCITS ETF EUR (Dist),EUNT,IE00B4L60045,ETF,EUR
iShares   Corp Bond 1-5 yr UCITS ETF USD Hdg Acc,IE1C,IE0009XKZC98,ETF,USD
iShares   Corp Bond BBB-BB UCITS ETF EUR (Dist),IS06,IE00BSKRK281,ETF,EUR
iShares   Corp Bond BBB-BB UCITS ETF EUR (Dist),IEBB,IE00BSKRK281,ETF,EUR
iShares   Corp Bond BBB-BB UCITS ETF EUR (Dist),IS06,IE00BSKRK281,ETF,EUR
iShares   Corp Bond BBB-BB UCITS ETF EUR (Dist),IEBB,IE00BSKRK281,ETF,EUR
iShares   Corp Bond ESG SRI UCITS ETF EUR Dis,OM3F,IE00BYZTVT56,ETF,EUR
iShares   Corp Bond ESG SRI UCITS ETF EUR Dis,OM3F,IE00BYZTVT56,ETF,EUR
iShares   Corp Bond ESG SRI UCITS ETF EUR Dis,SUOE,IE00BYZTVT56,ETF,EUR
iShares   Corp Bond ESG SRI UCITS ETF EUR Dis,SUOE,IE00BYZTVT56,ETF,EUR
iShares   Corp Bond ex-Financials UCITS ETF EUR D,EUNR,IE00B4L5ZG21,ETF,EUR
iShares   Corp Bond ex-Financials UCITS ETF EUR D,IEXF,IE00B4L5ZG21,ETF,EUR
iShares   Corp Bond ex-Financials UCITS ETF EUR D,IEXF,IE00B4L5ZG21,ETF,CHF
iShares   Corp Bond ex-Financials UCITS ETF EUR D,EEXF,IE00B4L5ZG21,ETF,GBP
iShares   Corp Bond ex-Financials UCITS ETF EUR D,EUNR,IE00B4L5ZG21,ETF,EUR
iShares   Corp Bond Interest Rate Hedged ESG SRI UCITS ETF,EHYA,IE00BJK55C48,ETF,EUR
UBS Euro Eq Def Covered Call SF UCITS ETF EUR acc,E50CC,IE00BLDGHQ61,ETF,EUR
UBS Euro Eq Def Put Write SF UCITS ETF EUR acc,UIQ4,IE00BLDGHT92,ETF,EUR
UBS Euro Eq Def Put Write SF UCITS ETF EUR acc,E50PW,IE00BLDGHT92,ETF,EUR
UBS EURO STOXX 50 ESG UCITS ETF EUR dis,UET5,LU1971906802,ETF,EUR
UBS EURO STOXX 50 ESG UCITS ETF EUR dis,UET5,LU1971906802,ETF,EUR
UBS EURO STOXX 50 UCITS EUR dis ETF,UIM1,LU0136234068,ETF,EUR
UBS EURO STOXX 50 UCITS EUR dis ETF,E50EU,LU0136234068,ETF,EUR
UBS EURO STOXX 50 UCITS EUR dis ETF,UB00,LU0136234068,ETF,EUR
UBS EURO STOXX 50 UCITS EUR dis ETF,UIM1,LU0136234068,ETF,EUR
UBS EURO STOXX 50 UCITS EUR dis ETF,E50EUA,LU0136234068,ETF,EUR
UBS EURO STOXX 50 UCITS EUR dis ETF,E50EUA,LU0136234068,ETF,CHF
UBS EURO STOXX 50 UCITS EUR dis ETF,UB01,LU0136234068,ETF,GBX
UBS EURO STOXX 50 UCITS EUR dis ETF,UIM1,LU0136234068,ETF,EUR
UBS EURO STOXX 50 UCITS EUR dis ETF,E50EUA,LU0136234068,ETF,GBP
UBS Factor MSCI EMU Low Volatility UCITS EUR dis ETF,UIMY,LU1215454460,ETF,EUR
UBS Factor MSCI EMU Low Volatility UCITS EUR dis ETF,UD02,LU1215454460,ETF,GBX
UBS Factor MSCI EMU Low Volatility UCITS EUR dis ETF,ELOVD,LU1215454460,ETF,EUR
UBS Factor MSCI EMU Low Volatility UCITS EUR dis ETF,UIMY,LU1215454460,ETF,EUR
UBS Factor MSCI EMU Low Volatility UCITS EUR dis ETF,ELOVD,LU1215454460,ETF,CHF
UBS Factor MSCI EMU Low Volatility UCITS EUR dis ETF,ELOVD,LU1215454460,ETF,EUR
UBS Factor MSCI EMU Prime Value Screened UCITS EUR dis ETF,UIMZ,LU1215452928,ETF,EUR
UBS Factor MSCI EMU Prime Value Screened UCITS EUR dis ETF,UD03,LU1215452928,ETF,GBX
UBS Factor MSCI EMU Prime Value Screened UCITS EUR dis ETF,EPVLD,LU1215452928,ETF,EUR
UBS Factor MSCI EMU Prime Value Screened UCITS EUR dis ETF,UIMZ,LU1215452928,ETF,EUR
UBS Factor MSCI EMU Prime Value Screened UCITS EUR dis ETF,EPVLD,LU1215452928,ETF,CHF
UBS Factor MSCI EMU Prime Value Screened UCITS EUR dis ETF,EPVLD,LU1215452928,ETF,EUR
UBS Factor MSCI EMU Qual Scrnd UCITS ETF hCHF acc,EQLTS,LU1215452092,ETF,CHF
UBS Factor MSCI EMU Quality Screened UCITS EUR dis ETF,UIM2,LU1215451524,ETF,EUR
UBS Factor MSCI EMU Quality Screened UCITS EUR dis ETF,UIM2,LU1215451524,ETF,EUR
UBS Factor MSCI EMU Quality Screened UCITS EUR dis ETF,UD04,LU1215451524,ETF,GBX
UBS Factor MSCI EMU Quality Screened UCITS EUR dis ETF,EQLTD,LU1215451524,ETF,EUR
UBS Factor MSCI EMU Quality Screened UCITS EUR dis ETF,UIM2,LU1215451524,ETF,EUR
UBS Factor MSCI EMU Quality Screened UCITS EUR dis ETF,EQLTD,LU1215451524,ETF,CHF
UBS Factor MSCI EMU Quality Screened UCITS EUR dis ETF,EQLTD,LU1215451524,ETF,EUR
UBS Factor MSCI USA Low Volatility UCITS hEUR acc ETF,UBUV,IE00BWT3KJ20,ETF,EUR
UBS Factor MSCI USA Low Volatility UCITS hEUR acc ETF,ULOVE,IE00BWT3KJ20,ETF,EUR
UBS Factor MSCI USA Low Volatility UCITS hEUR acc ETF,UBUV,IE00BWT3KJ20,ETF,EUR
UBS Factor MSCI USA Low Volatility UCITS hEUR acc ETF,ULOVE,IE00BWT3KJ20,ETF,EUR
UBS Factor MSCI USA Low Volatility UCITS USD dis ETF,UBUR,IE00BX7RQY03,ETF,EUR
UBS Factor MSCI USA Low Volatility UCITS USD dis ETF,UC95,IE00BX7RQY03,ETF,GBX
UBS Factor MSCI USA Low Volatility UCITS USD dis ETF,ULOVD,IE00BX7RQY03,ETF,EUR
UBS Factor MSCI USA Low Volatility UCITS USD dis ETF,UBUR,IE00BX7RQY03,ETF,EUR
UBS Factor MSCI USA Low Volatility UCITS USD dis ETF,ULOVD,IE00BX7RQY03,ETF,CHF
UBS Factor MSCI USA Low Volatility UCITS USD dis ETF,ULOVD,IE00BX7RQY03,ETF,USD
UBS Factor MSCI USA Prime Value Screened UCITS hEUR acc ETF,UBUW,IE00BWT3KL42,ETF,EUR
UBS Factor MSCI USA Prime Value Screened UCITS hEUR acc ETF,UPVLE,IE00BWT3KL42,ETF,EUR
UBS Factor MSCI USA Prime Value Screened UCITS hEUR acc ETF,UBUW,IE00BWT3KL42,ETF,EUR
UBS Factor MSCI USA Prime Value Screened UCITS hEUR acc ETF,UBUW,IE00BWT3KL42,ETF,EUR
UBS Factor MSCI USA Prime Value Screened UCITS USD dis ETF,UBUS,IE00BX7RR706,ETF,EUR
UBS Factor MSCI USA Prime Value Screened UCITS USD dis ETF,UC96,IE00BX7RR706,ETF,GBX
Xtrackers II EURCorpBdShortDurSRI PAB UCITS ETF 1C,XZE5,LU2178481649,ETF,EUR
Xtrackers II Eurozone Government Bond 1-3 UCITS 1C ETF,DBXP,LU0290356871,ETF,EUR
Xtrackers II Eurozone Government Bond 1-3 UCITS 1C ETF,X13E,LU0290356871,ETF,EUR
Xtrackers II Eurozone Government Bond 1-3 UCITS 1C ETF,DBXP,LU0290356871,ETF,EUR
Xtrackers II Eurozone Government Bond 1-3 UCITS 1C ETF,0DML,LU0290356871,ETF,EUR
Xtrackers II Eurozone Government Bond 1-3 UCITS 1D ETF,X03B,LU0614173549,ETF,EUR
Xtrackers II Eurozone Government Bond 1-3 UCITS 1D ETF,X03B,LU0614173549,ETF,EUR
Xtrackers II Eurozone Government Bond 15-30 UCITS 1C ETF,DBXF,LU0290357507,ETF,EUR
Xtrackers II Eurozone Government Bond 15-30 UCITS 1C ETF,X15E,LU0290357507,ETF,EUR
Xtrackers II Eurozone Government Bond 15-30 UCITS 1C ETF,DBXF,LU0290357507,ETF,EUR
Xtrackers II Eurozone Government Bond 25+ UCITS 1C ETF,DBXG,LU0290357846,ETF,EUR
Xtrackers II Eurozone Government Bond 25+ UCITS 1C ETF,X25E,LU0290357846,ETF,EUR
Xtrackers II Eurozone Government Bond 25+ UCITS 1C ETF,DBXG,LU0290357846,ETF,EUR
Xtrackers II Eurozone Government Bond 3-5 UCITS 1C ETF,DBXQ,LU0290356954,ETF,EUR
Xtrackers II Eurozone Government Bond 3-5 UCITS 1C ETF,X35E,LU0290356954,ETF,EUR
Xtrackers II Eurozone Government Bond 3-5 UCITS 1C ETF,DBXQ,LU0290356954,ETF,EUR
Xtrackers II Eurozone Government Bond 3-5 UCITS 1C ETF,0MUE,LU0290356954,ETF,EUR
Xtrackers II Eurozone Government Bond 3-5 UCITS 1D ETF,X03C,LU0614173895,ETF,EUR
Xtrackers II Eurozone Government Bond 5-7 UCITS 1C ETF,DBXR,LU0290357176,ETF,EUR
Xtrackers II Eurozone Government Bond 5-7 UCITS 1C ETF,X57E,LU0290357176,ETF,EUR
Xtrackers II Eurozone Government Bond 5-7 UCITS 1C ETF,DBXR,LU0290357176,ETF,EUR
Xtrackers II Eurozone Government Bond 5-7 UCITS 1C ETF,0DMM,LU0290357176,ETF,EUR
Xtrackers II Eurozone Government Bond 7-10 UCITS 1C ETF,DBXB,LU0290357259,ETF,EUR
Xtrackers II Eurozone Government Bond 7-10 UCITS 1C ETF,X710,LU0290357259,ETF,EUR
Xtrackers II Eurozone Government Bond 7-10 UCITS 1C ETF,DBXB,LU0290357259,ETF,EUR
Xtrackers II Eurozone Government Bond 7-10 UCITS 1C ETF,0MUJ,LU0290357259,ETF,EUR
Xtrackers II Eurozone Government Bond Short Daily Swap UCITS 1C ETF,DXSV,LU0321463258,ETF,EUR
Xtrackers II Eurozone Government Bond UCITS 1C ETF,DBXN,LU0290355717,ETF,EUR
Xtrackers II Eurozone Government Bond UCITS 1C ETF,XGLE,LU0290355717,ETF,EUR
Xtrackers II Eurozone Government Bond UCITS 1C ETF,DBXN,LU0290355717,ETF,EUR
Xtrackers II Eurozone Government Bond UCITS 1C ETF,XGLE,LU0290355717,ETF,EUR
Xtrackers II Eurozone Government Bond UCITS 1D ETF,X03F,LU0643975591,ETF,EUR
Xtrackers II Eurozone Government Bond UCITS 1D ETF,X03F,LU0643975591,ETF,EUR
Xtrackers II Eurozone Inflation-Linked Bond UCITS 1C ETF,DBXK,LU0290358224,ETF,EUR
Xtrackers II Eurozone Inflation-Linked Bond UCITS 1C ETF,XEIN,LU0290358224,ETF,EUR
Xtrackers II Eurozone Inflation-Linked Bond UCITS 1C ETF,DBXK,LU0290358224,ETF,EUR
Xtrackers II GBP Overnight Rate Swap UCITS 1D ETF,DXS1,LU0321464652,ETF,EUR
Xtrackers II GBP Overnight Rate Swap UCITS 1D ETF,XSTR,LU0321464652,ETF,GBX
Xtrackers II GBP Overnight Rate Swap UCITS 1D ETF,XSTR,LU0321464652,ETF,EUR
Xtrackers II Germany Government Bond 0-1 UCITS ETF,XG01,LU2641054551,ETF,EUR
Xtrackers II Germany Government Bond 1-3 UCITS 1D ETF,D5BC,LU0468897110,ETF,EUR
Xtrackers II Germany Government Bond 1-3 UCITS 1D ETF,D5BC,LU0468897110,ETF,EUR
Xtrackers II Germany Government Bond UCITS 1C ETF,X03G,LU0643975161,ETF,EUR
Xtrackers II Germany Government Bond UCITS 1C ETF,X03G,LU0643975161,ETF,EUR
Xtrackers II Germany Government Bond UCITS 1D ETF,D5BB,LU0468896575,ETF,EUR
Xtrackers II Germany Government Bond UCITS 1D ETF,XBTR,LU0468896575,ETF,EUR
Xtrackers II Glbal Governmnt Bnd UCITS ETF 2D HGBP,XGSG,LU0641006290,ETF,GBX
Xtrackers II Glbal Governmnt Bnd UCITS ETF 4C HCHF,X03H,LU0641006613,ETF,CHF
Xtrackers II Glbal Infl-Lnkd Bnd UCITS ETF 2C HUSD,XG7U,LU0641007009,ETF,USD
Xtrackers II Glbal Infl-Lnkd Bnd UCITS ETF 2C HUSD,XG7U,LU0641007009,ETF,USD
iShares Core EURO STOXX 50 UCITS (DE) ETF,EXW1,DE0005933956,ETF,EUR
iShares Core EURO STOXX 50 UCITS (DE) ETF,EXW1,DE0005933956,ETF,EUR
iShares Core EURO STOXX 50 UCITS (DE) ETF,DJSXE,DE0005933956,ETF,EUR
iShares Core EURO STOXX 50 UCITS ETF EUR (Acc),SXRT,IE00B53L3W79,ETF,EUR
iShares Core EURO STOXX 50 UCITS ETF EUR (Acc),CSSX5E,IE00B53L3W79,ETF,EUR
iShares Core EURO STOXX 50 UCITS ETF EUR (Acc),CSSX5,IE00B53L3W79,ETF,EUR
iShares Core EURO STOXX 50 UCITS ETF EUR (Acc),CS51,IE00B53L3W79,ETF,GBX
iShares Core EURO STOXX 50 UCITS ETF EUR (Acc),CSX5,IE00B53L3W79,ETF,EUR
iShares Core EURO STOXX 50 UCITS ETF EUR (Acc),CSX5,IE00B53L3W79,ETF,EUR
iShares Core EURO STOXX 50 UCITS ETF EUR (Acc),ISX5,IE00B53L3W79,ETF,USD
iShares Core EURO STOXX 50 UCITS ETF EUR (Acc),SXRT,IE00B53L3W79,ETF,EUR
iShares Core EURO STOXX 50 UCITS ETF EUR Dist,EUN2,IE0008471009,ETF,EUR
iShares Core EURO STOXX 50 UCITS ETF EUR Dist,EUN2,IE0008471009,ETF,EUR
iShares Core EURO STOXX 50 UCITS ETF EUR Dist,EUEA,IE0008471009,ETF,EUR
iShares Core EURO STOXX 50 UCITS ETF EUR Dist,EUE,IE0008471009,ETF,EUR
iShares Core EURO STOXX 50 UCITS ETF EUR Dist,EUE,IE0008471009,ETF,GBX
iShares Core EURO STOXX 50 UCITS ETF EUR Dist,EUNE,IE0008471009,ETF,CHF
iShares Core FTSE 100 UCITS ETF GBP (Acc),SXRW,IE00B53HP851,ETF,EUR
iShares Core FTSE 100 UCITS ETF GBP (Acc),CSUKX,IE00B53HP851,ETF,GBP
iShares Core FTSE 100 UCITS ETF GBP (Acc),SXRW,IE00B53HP851,ETF,EUR
iShares Core FTSE 100 UCITS ETF GBP (Acc),CUKX,IE00B53HP851,ETF,GBX
iShares Core FTSE 100 UCITS ETF GBP Dist,IUSZ,IE0005042456,ETF,EUR
iShares Core FTSE 100 UCITS ETF GBP Dist,ISFA,IE0005042456,ETF,EUR
iShares Core FTSE 100 UCITS ETF GBP Dist,ISF,IE0005042456,ETF,EUR
iShares Core FTSE 100 UCITS ETF GBP Dist,ISF,IE0005042456,ETF,GBX
iShares Core FTSE 100 UCITS ETF GBP Dist,IUSZ,IE0005042456,ETF,EUR
iShares Core FTSE 100 UCITS ETF GBP Dist,ISFU,IE0005042456,ETF,USD
iShares Core FTSE 100 UCITS ETF GBP Dist,ISF,IE0005042456,ETF,CHF
iShares Core FTSE 100 UCITS ETF USD Hdg Acc,ISFD,IE00BYZ28W67,ETF,USD
iShares Core FTSE 100 UCITS ETF USD Hdg Acc,ISFD,IE00BYZ28W67,ETF,USD
iShares Core FTSE 100 UCITS EUR Hedged (Acc) ETF,CEB4,IE000HARJEE2,ETF,EUR
iShares Core Gl Aggregate Bd UCITS ETF EUR Hgd Acc,EUNA,IE00BDBRDM35,ETF,EUR
iShares Core Gl Aggregate Bd UCITS ETF EUR Hgd Acc,EUNA,IE00BDBRDM35,ETF,EUR
iShares Core Gl Aggregate Bd UCITS ETF EUR Hgd Acc,AGGH,IE00BDBRDM35,ETF,EUR
iShares Core Gl Aggregate Bd UCITS ETF EUR Hgd Acc,AGGH,IE00BDBRDM35,ETF,EUR
iShares Core Gl Aggregate Bd UCITS ETF USD Acc,AGAC,IE000FHBZDZ8,ETF,USD
iShares Core Gl Aggregate Bd UCITS ETF USD Dis,EUNU,IE00B3F81409,ETF,EUR
iShares Core Gl Aggregate Bd UCITS ETF USD Dis,AGGG,IE00B3F81409,ETF,USD
iShares Core Gl Aggregate Bd UCITS ETF USD Dis,SAGG,IE00B3F81409,ETF,GBP
iShares Core Gl Aggregate Bd UCITS ETF USD Dis,EUNU,IE00B3F81409,ETF,EUR
iShares Core Gl Aggregate Bd UCITS ETF USD Dis,AGGG,IE00B3F81409,ETF,USD
iShares Core Gl Aggregate Bd UCITS ETF USD Hgd Acc,AGGU,IE00BZ043R46,ETF,USD
iShares Core MSCI EM IMI UCITS ETF USD Acc,IS3N,IE00BKM4GZ66,ETF,EUR
iShares Core MSCI EM IMI UCITS ETF USD Acc,EMIM,IE00BKM4GZ66,ETF,EUR
iShares Core MSCI EM IMI UCITS ETF USD Acc,EIMI,IE00BKM4GZ66,ETF,USD
iShares Core MSCI EM IMI UCITS ETF USD Acc,EMIM,IE00BKM4GZ66,ETF,GBX
iShares Core MSCI EM IMI UCITS ETF USD Acc,IS3N,IE00BKM4GZ66,ETF,EUR
iShares Core MSCI EM IMI UCITS ETF USD Acc,EIMI,IE00BKM4GZ66,ETF,EUR
iShares Core MSCI EM IMI UCITS ETF USD Acc,EIMI,IE00BKM4GZ66,ETF,USD
iShares Core MSCI EM IMI UCITS USD (Dist) ETF,EIMU,IE00BD45KH83,ETF,USD
Amundi MSCI World SRI Climate Paris Aligned UCITS Acc EUR Hedged ETF,IE000K1P4V37,IE000K1P4V37,ETF,EUR
Amundi MSCI World SRI Climate Paris Aligned UCITS Dist ETF,WEB4,IE000004V778,ETF,EUR
Amundi MSCI World Swap II UCITS ETF Acc,WLDC,FR0014003IY1,ETF,EUR
Amundi MSCI World Swap II UCITS ETF Dist,LYYA,FR0010315770,ETF,EUR
Amundi MSCI World Swap II UCITS ETF Dist,LYYA,FR0010315770,ETF,EUR
Amundi MSCI World Swap II UCITS ETF Dist,WLD,FR0010315770,ETF,EUR
Amundi MSCI World Swap II UCITS ETF Dist,WLD,FR0010315770,ETF,EUR
Amundi MSCI World Swap II UCITS ETF EUR Hgd Dist,WLDH,FR0011660927,ETF,EUR
Amundi MSCI World Swap UCITS ETF EUR Acc,AMEW,LU1681043599,ETF,EUR
Amundi MSCI World Swap UCITS ETF EUR Acc,CW8 ,LU1681043599,ETF,EUR
Amundi MSCI World Swap UCITS ETF EUR Acc,AMEW,LU1681043599,ETF,EUR
Amundi MSCI World Swap UCITS ETF EUR Acc,CW8,LU1681043599,ETF,EUR
Amundi MSCI World Swap UCITS ETF EUR Dist,AK8D,LU2655993207,ETF,EUR
Amundi MSCI World Swap UCITS ETF EUR Dist,EWLD,LU2655993207,ETF,EUR
Amundi MSCI World Swap UCITS ETF USD Acc,XAMZ,LU1681043672,ETF,EUR
Amundi MSCI World Swap UCITS ETF USD Acc,LU1681043672,LU1681043672,ETF,USD
Amundi MSCI World Swap UCITS ETF USD Acc,CW8G,LU1681043672,ETF,GBX
Amundi MSCI World Swap UCITS ETF USD Acc,CW8U,LU1681043672,ETF,USD
Amundi Nasdaq-100 Daily (2x) Lev UCITS ETF Acc,L8I7,FR0010342592,ETF,EUR
Amundi Nasdaq-100 Daily (2x) Lev UCITS ETF Acc,LQQ,FR0010342592,ETF,EUR
Amundi Nasdaq-100 Daily (2x) Lev UCITS ETF Acc,L8I7,FR0010342592,ETF,EUR
Amundi Nasdaq-100 Swap UCITS ETF EUR Acc,6AQQ,LU1681038243,ETF,EUR
Amundi Nasdaq-100 Swap UCITS ETF EUR Acc,ANX,LU1681038243,ETF,EUR
Amundi Nasdaq-100 Swap UCITS ETF EUR Acc,ANX ,LU1681038243,ETF,EUR
Amundi Nasdaq-100 Swap UCITS ETF EUR Acc,6AQQ,LU1681038243,ETF,EUR
Amundi Nasdaq-100 Swap UCITS ETF EURH Acc,HNDX,LU1681038599,ETF,EUR
Amundi Nasdaq-100 Swap UCITS ETF EURH Acc,HNDX,LU1681038599,ETF,EUR
Amundi Nasdaq-100 Swap UCITS ETF EURH Acc,NDXH ,LU1681038599,ETF,EUR
Amundi Nasdaq-100 Swap UCITS ETF EURH Acc,NDXH,LU1681038599,ETF,EUR
Amundi Nasdaq-100 Swap UCITS ETF USD Acc,ANXU ,LU1681038326,ETF,USD
Amundi Nasdaq-100 Swap UCITS ETF USD Acc,ANXU,LU1681038326,ETF,USD
Amundi NYSE Arca Gold Bugs UCITS Dist ETF,CD91,LU2611731824,ETF,EUR
Amundi NYSE Arca Gold Bugs UCITS Dist ETF,LU2611731824,LU2611731824,ETF,EUR
Amundi NYSE Arca Gold Bugs UCITS Dist ETF,LU2611731824,LU2611731824,ETF,USD
Amundi NYSE Arca Gold Bugs UCITS Dist ETF,AK89,LU2611731824,ETF,EUR
Amundi Pan Africa UCITS Acc ETF,LGQM,LU1287022708,ETF,EUR
Amundi Pan Africa UCITS Acc ETF,LGQM,LU1287022708,ETF,EUR
Amundi Pan Africa UCITS Acc ETF,LAFRI,LU1287022708,ETF,EUR
Amundi PEA AsiePacifMSCI AC APAC ExJpn UCITS ETF A,PAEJ,FR0011869312,ETF,EUR
Amundi PEA Chine (MSCI China) Screened UCITS ETF A,PASI,FR0011871078,ETF,EUR
Amundi PEA Dow Jones Industrial Average UCITS Dist ETF,AHYI,LU2572256662,ETF,EUR
Amundi PEA Dow Jones Industrial Average UCITS Dist ETF,AHYL,LU2572256662,ETF,USD
Amundi PEA Eau (MSCI Water) UCITS ETF - Capi,AWAT,FR0011882364,ETF,EUR
Amundi PEA Em (MSCI Em) ESG Trnstn UCITS ETF A,PAEEM,FR0013412020,ETF,EUR
Amundi PEA Euro Court Terme UCITS ETF,OBLI,FR0013346681,ETF,EUR
Amundi PEA Immo Euro FTSE EPRA/NAREIT UCITS ETF A,PMEH,FR0011869304,ETF,EUR
Amundi PEA Inde (MSCI India) UCITS ETF Acc,PINR,FR0011869320,ETF,EUR
Amundi PEA Japon (TOPIX) UCITS ETF EUR Acc,PTPXE,FR0013411980,ETF,EUR
Amundi PEA Japon (TOPIX) UCITS ETF EUR Hedged Acc,PTPXH,FR0013411998,ETF,EUR
Amundi PEA Monde (MSCI World) UCITS ETF Acc,DCAM,FR001400U5Q4,ETF,EUR
iShares Edge MSCI EM Min Vol UCITS ETF USD A,EMV,IE00B8KGV557,ETF,GBX
iShares Edge MSCI EM Min Vol UCITS ETF USD A,EMV,IE00B8KGV557,ETF,EUR
iShares Edge MSCI EM Min Vol UCITS ETF USD A,EUNZ,IE00B8KGV557,ETF,EUR
iShares Edge MSCI EM Min Vol UCITS ETF USD A,EMLV,IE00B8KGV557,ETF,CHF
iShares Edge MSCI EM Value Factor UCITS USD (Acc) ETF,5MVL,IE00BG0SKF03,ETF,EUR
iShares Edge MSCI EM Value Factor UCITS USD (Acc) ETF,5MVL,IE00BG0SKF03,ETF,EUR
iShares Edge MSCI EM Value Factor UCITS USD (Acc) ETF,EMVL,IE00BG0SKF03,ETF,USD
iShares Edge MSCI Europe Min Vol UCITS ETF EUR Acc,EUN0,IE00B86MWN23,ETF,EUR
iShares Edge MSCI Europe Min Vol UCITS ETF EUR Acc,IMV,IE00B86MWN23,ETF,GBX
iShares Edge MSCI Europe Min Vol UCITS ETF EUR Acc,MVEU,IE00B86MWN23,ETF,EUR
iShares Edge MSCI Europe Min Vol UCITS ETF EUR Acc,MVEU,IE00B86MWN23,ETF,EUR
iShares Edge MSCI Europe Min Vol UCITS ETF EUR Acc,EUN0,IE00B86MWN23,ETF,EUR
iShares Edge MSCI Europe Min Vol UCITS ETF EUR Acc,IMVU,IE00B86MWN23,ETF,USD
iShares Edge MSCI Europe Minimum Volatility Advanced UCITS ETF,MVEE,IE00BKVL7D31,ETF,EUR
iShares Edge MSCI Europe Minimum Volatility Advanced UCITS ETF,MVEE,IE00BKVL7D31,ETF,EUR
iShares Edge MSCI Europe Momentum Factor UCITS ETF,IEFM,IE00BQN1K786,ETF,GBX
iShares Edge MSCI Europe Momentum Factor UCITS ETF,IEMO,IE00BQN1K786,ETF,EUR
iShares Edge MSCI Europe Multifactor UCITS EUR (Acc) ETF,IBC0,IE00BZ0PKV06,ETF,EUR
iShares Edge MSCI Europe Multifactor UCITS EUR (Acc) ETF,FSEU,IE00BZ0PKV06,ETF,GBX
iShares Edge MSCI Europe Multifactor UCITS EUR (Acc) ETF,IBC0,IE00BZ0PKV06,ETF,EUR
iShares Edge MSCI Europe Multifactor UCITS EUR (Acc) ETF,IFSE,IE00BZ0PKV06,ETF,EUR
iShares Edge MSCI Europe Multifactor UCITS EUR (Acc) ETF,IEEU,IE00BZ0PKV06,ETF,USD
iShares Edge MSCI Europe Qual Fctr UCITS ETF EUR A,CEMQ,IE00BQN1K562,ETF,EUR
iShares Edge MSCI Europe Qual Fctr UCITS ETF EUR A,IEFQ,IE00BQN1K562,ETF,GBX
iShares Edge MSCI Europe Qual Fctr UCITS ETF EUR A,CEMQ,IE00BQN1K562,ETF,EUR
iShares Edge MSCI Europe Qual Fctr UCITS ETF EUR A,IEQU,IE00BQN1K562,ETF,EUR
iShares Edge MSCI Europe Val Fctr UCITS ETF EUR A,CEMS,IE00BQN1K901,ETF,EUR
iShares Edge MSCI Europe Val Fctr UCITS ETF EUR A,IEFV,IE00BQN1K901,ETF,GBX
iShares Edge MSCI Europe Val Fctr UCITS ETF EUR A,IEVL,IE00BQN1K901,ETF,EUR
iShares Edge MSCI Europe Val Fctr UCITS ETF EUR A,IEVL,IE00BQN1K901,ETF,EUR
iShares Edge MSCI Europe Val Fctr UCITS ETF EUR A,CEMS,IE00BQN1K901,ETF,EUR
iShares Edge MSCI Europe Val Fctr UCITS ETF EUR A,IEVL,IE00BQN1K901,ETF,EUR
iShares Edge MSCI Europe Val Fctr UCITS ETF EUR D,IEDL,IE00BG13YH41,ETF,EUR
iShares Edge MSCI EuSizeFactor UCITS ETF EUR A,IEFS,IE00BQN1KC32,ETF,GBX
iShares Edge MSCI EuSizeFactor UCITS ETF EUR A,IESZ,IE00BQN1KC32,ETF,EUR
iShares Edge MSCI USA Mmntm Fctr UCITS ETF USDA,QDVA,IE00BD1F4N50,ETF,EUR
iShares Edge MSCI USA Mmntm Fctr UCITS ETF USDA,IUMF,IE00BD1F4N50,ETF,GBX
iShares Edge MSCI USA Mmntm Fctr UCITS ETF USDA,IUMO,IE00BD1F4N50,ETF,USD
iShares Edge MSCI USA Mmntm Fctr UCITS ETF USDA,QDVA,IE00BD1F4N50,ETF,EUR
iShares Edge MSCI USA Mmntm Fctr UCITS ETF USDD,IUMD,IE00BFF5RZ82,ETF,USD
iShares Edge MSCI USA Qual Fctr UCITS ETF USD A,QDVB,IE00BD1F4L37,ETF,EUR
iShares Edge MSCI USA Qual Fctr UCITS ETF USD A,IUQA,IE00BD1F4L37,ETF,USD
iShares Edge MSCI USA Qual Fctr UCITS ETF USD A,IUQF,IE00BD1F4L37,ETF,GBX
iShares Edge MSCI USA Qual Fctr UCITS ETF USD A,QDVB,IE00BD1F4L37,ETF,EUR
iShares Edge MSCI USA Val Fctr UCITS ETF USD A,QDVI,IE00BD1F4M44,ETF,EUR
iShares Edge MSCI USA Val Fctr UCITS ETF USD A,IUVF,IE00BD1F4M44,ETF,GBX
iShares Edge MSCI USA Val Fctr UCITS ETF USD A,IUVL,IE00BD1F4M44,ETF,USD
iShares Edge MSCI USA Val Fctr UCITS ETF USD A,QDVI,IE00BD1F4M44,ETF,EUR
iShares Edge MSCI Wld Min Vol Adv UCITS ETF USD A,MVEW,IE00BKVL7778,ETF,USD
iShares Edge MSCI Wld Min Vol Adv UCITS ETF USD A,MVEW,IE00BKVL7778,ETF,EUR
VanEck Morningstar Gl Wide Moat UCITS ETF USD A,GOAT,IE00BL0BMZ89,ETF,USD
VanEck Morningstar Gl Wide Moat UCITS ETF USD A,GOAT,IE00BL0BMZ89,ETF,EUR
VanEck Morningstar Gl Wide Moat UCITS ETF USD A,GOAT,IE00BL0BMZ89,ETF,CHF
VanEck Morningstar US ESG Wide Moat UCITS ETF,GMVM,IE00BQQP9H09,ETF,EUR
VanEck Morningstar US ESG Wide Moat UCITS ETF,MOAT,IE00BQQP9H09,ETF,USD
VanEck Morningstar US ESG Wide Moat UCITS ETF,GMVM,IE00BQQP9H09,ETF,EUR
VanEck Morningstar US ESG Wide Moat UCITS ETF,MOAT,IE00BQQP9H09,ETF,CHF
VanEck Morningstar US ESG Wide Moat UCITS ETF,MOAT,IE00BQQP9H09,ETF,EUR
VanEck Morningstar US ESG Wide Moat UCITS ETF,MOGB,IE00BQQP9H09,ETF,GBP
VanEck Morningstar US SMID Moat UCITS ETF USD A,SMTV,IE000SBU19F7,ETF,EUR
VanEck Morningstar US SMID Moat UCITS ETF USD A,SMTV,IE000SBU19F7,ETF,EUR
VanEck Morningstar US SMID Moat UCITS ETF USD A,SMOT,IE000SBU19F7,ETF,USD
VanEck Morningstar US SMID Moat UCITS ETF USD A,SMTV,IE000SBU19F7,ETF,GBP
VanEck Morningstar US Wide Moat UCITS ETF USD A,WMOT,IE0007I99HX7,ETF,EUR
VanEck Morningstar US Wide Moat UCITS ETF USD A,WMOT,IE0007I99HX7,ETF,EUR
VanEck Morningstar US Wide Moat UCITS ETF USD A,MOTU,IE0007I99HX7,ETF,USD
VanEck Morningstar US Wide Moat UCITS ETF USD A,MOTV,IE0007I99HX7,ETF,GBP
VanEck Morningstar US Wide Moat UCITS ETF USD A,MOTU,IE0007I99HX7,ETF,CHF
VanEck Ms Developed Markets Div Lead UCITS ETF,VDIV,NL0011683594,ETF,EUR
VanEck Ms Developed Markets Div Lead UCITS ETF,TDIV,NL0011683594,ETF,CHF
VanEck Ms Developed Markets Div Lead UCITS ETF,TDIV,NL0011683594,ETF,EUR
VanEck Ms Developed Markets Div Lead UCITS ETF,VDIV,NL0011683594,ETF,EUR
VanEck Ms Developed Markets Div Lead UCITS ETF,TDGB,NL0011683594,ETF,GBP
VanEck Ms Developed Markets Div Lead UCITS ETF,TDIV,NL0011683594,ETF,USD
VanEck Multi-Asset Conservative Allocation,2TCB,NL0009272764,ETF,EUR
VanEck Multi-Asset Conservative Allocation,DTM,NL0009272764,ETF,EUR
VanEck Multi-Asset Growth Allocation UCITS ETF,2TCD,NL0009272780,ETF,EUR
VanEck Multi-Asset Growth Allocation UCITS ETF,TOF,NL0009272780,ETF,EUR
VanEck MultiAsset Balanced Allocation ETF,2TCC,NL0009272772,ETF,EUR
VanEck MultiAsset Balanced Allocation ETF,NTM,NL0009272772,ETF,EUR
VanEck New China UCITS ETF,CNIE,IE0000H445G8,ETF,EUR
VanEck New China UCITS ETF,CNIE,IE0000H445G8,ETF,EUR
VanEck New China UCITS ETF,CNEW,IE0000H445G8,ETF,USD
VanEck Oil Services UCITS ETF,V0IH,IE000NXF88S1,ETF,EUR
VanEck Oil Services UCITS ETF,V0IH,IE000NXF88S1,ETF,EUR
VanEck Polkadot ETN,VDOT,DE000A3GSUC5,ETF,EUR
VanEck Polkadot ETN,VDOT,DE000A3GSUC5,ETF,EUR
VanEck Polkadot ETN,VDOT,DE000A3GSUC5,ETF,CHF
VanEck Polkadot ETN,VDOT,DE000A3GSUC5,ETF,USD
VanEck Polkadot ETN,VDOT,DE000A3GSUC5,ETF,USD
VanEck Polkadot ETN,VDOT,DE000A3GSUC5,ETF,EUR
VanEck Polygon ETN ETP,VP0L,DE000A3GV1U5,ETF,EUR
VanEck Pyth ETN,VPYT,DE000A4A5Z07,ETF,USD
VanEck Pyth ETN,VPYT,DE000A4A5Z07,ETF,EUR
VanEck Quantum Computing UCITS ETF,QUTM,IE0007Y8Y157,ETF,EUR
VanEck Quantum Computing UCITS ETF,QNTG,IE0007Y8Y157,ETF,GBP
VanEck Quantum Computing UCITS ETF,QUTM,IE0007Y8Y157,ETF,EUR
VanEck Quantum Computing UCITS ETF,QNTM,IE0007Y8Y157,ETF,EUR
VanEck Rare Earth and Strategic Metals UCITS ETF,VVMX,IE0002PG6CA6,ETF,EUR
VanEck Rare Earth and Strategic Metals UCITS ETF,REGB,IE0002PG6CA6,ETF,GBP
Future of Defence Screened UCITS ETF USD Acc,ASWG,IE00041H4WT9,ETF,EUR
Future of Defence Screened UCITS ETF USD Acc,NATE,IE00041H4WT9,ETF,EUR
Future of Defence UCITS - Acc ETF,ASWC,IE000OJ5TQP4,ETF,EUR
Future of Defence UCITS - Acc ETF,ASWC,IE000OJ5TQP4,ETF,EUR
Future of Defence UCITS - Acc ETF,NATO,IE000OJ5TQP4,ETF,USD
Future of Defence UCITS - Acc ETF,NATP,IE000OJ5TQP4,ETF,GBX
Future of Defence UCITS - Acc ETF,NATO,IE000OJ5TQP4,ETF,CHF
Future of Defence UCITS - Acc ETF,NATO,IE000OJ5TQP4,ETF,EUR
Future of Defence UCITS - Acc ETF,ETFNATO,IE000OJ5TQP4,ETF,USD
Future of European Defence Screened UCITS ETF Acc,8RMY,IE000I7E6HL0,ETF,EUR
Future of European Defence Screened UCITS ETF Acc,8RMY,IE000I7E6HL0,ETF,EUR
Future of European Defence Screened UCITS ETF Acc,ARMY,IE000I7E6HL0,ETF,EUR
Future of European Defence Screened UCITS ETF Acc,ARMY,IE000I7E6HL0,ETF,CHF
Global X 1-3 Month T-Bill UCITS ETF,C71P,IE000GSIFIB0,ETF,EUR
Global X 1-3 Month T-Bill UCITS ETF,CLIP,IE000GSIFIB0,ETF,USD
Global X Agtech and Food Innvtn UCITS ETF USD Acc,KROP,IE000EBFYWX3,ETF,EUR
Global X Agtech and Food Innvtn UCITS ETF USD Acc,KROP,IE000EBFYWX3,ETF,EUR
Global X Artificial Intelligence UCITS ETF USD Acc,QAIU,IE0000XTDDA8,ETF,EUR
Global X Artificial Intelligence UCITS ETF USD Acc,QAIU,IE0000XTDDA8,ETF,EUR
Global X Autonomous and Elc Veh UCITS ETF USD Acc,DRVE,IE00BMH5YR69,ETF,USD
Global X Blockchain UCITS - USD Accumulating ETF,BLCH,IE000XAGSCY5,ETF,EUR
Global X Blockchain UCITS - USD Accumulating ETF,BLCH,IE000XAGSCY5,ETF,EUR
Global X Blockchain UCITS - USD Accumulating ETF,BKCH,IE000XAGSCY5,ETF,USD
Global X Blockchain UCITS - USD Accumulating ETF,BKCH,IE000XAGSCY5,ETF,EUR
Global X Clean Water UCITS ETF USD Acc,AKWA,IE000BWKUES1,ETF,EUR
Global X Clean Water UCITS ETF USD Acc,AKWA,IE000BWKUES1,ETF,EUR
Global X Clean Water UCITS ETF USD Acc,AQWA,IE000BWKUES1,ETF,USD
Global X CleanTech UCITS ETF USD Acc,CT3C,IE00BMH5YL08,ETF,EUR
Global X CleanTech UCITS ETF USD Acc,CTEK,IE00BMH5YL08,ETF,EUR
Global X CleanTech UCITS ETF USD Acc,CTEK,IE00BMH5YL08,ETF,USD
Global X Cloud Computing UCITS ETF USD Acc,CL0U,IE00BMH5YF48,ETF,EUR
Global X Cloud Computing UCITS ETF USD Acc,CL0U,IE00BMH5YF48,ETF,EUR
Global X Cloud Computing UCITS ETF USD Acc,CLOU,IE00BMH5YF48,ETF,EUR
Global X Cloud Computing UCITS ETF USD Acc,CLO6,IE00BMH5YF48,ETF,GBP
Global X Copper Miners UCITS ETF USD Acc,4COP,IE0003Z9E2Y3,ETF,EUR
Global X Copper Miners UCITS ETF USD Acc,4COP,IE0003Z9E2Y3,ETF,EUR
Global X Copper Miners UCITS ETF USD Acc,COPX,IE0003Z9E2Y3,ETF,USD
Global X Cybersecurity UCITS ETF USD Acc,BUG,IE00BMH5Y871,ETF,EUR
Global X Cybersecurity UCITS ETF USD Acc,BUG,IE00BMH5Y871,ETF,EUR
Global X Cybersecurity UCITS ETF USD Acc,BUG,IE00BMH5Y871,ETF,EUR
Global X DataCntrREITS&Dig Infra UCITS ETF USD Acc,V9N,IE00BMH5Y327,ETF,EUR
Global X DataCntrREITS&Dig Infra UCITS ETF USD Acc,V9N,IE00BMH5Y327,ETF,EUR
Global X DataCntrREITS&Dig Infra UCITS ETF USD Acc,VPN,IE00BMH5Y327,ETF,USD
Global X Defence Tech UCITS ETF USD Acc,4MMR,IE000JCW3DZ3,ETF,EUR
Global X Defence Tech UCITS ETF USD Acc,4MMR,IE000JCW3DZ3,ETF,EUR
Global X Defence Tech UCITS ETF USD Acc,ARMR,IE000JCW3DZ3,ETF,CHF
Global X Disruptive Materials UCITS ETF USD Acc,D6AT,IE000FP52WM7,ETF,EUR
Global X Disruptive Materials UCITS ETF USD Acc,D6AT,IE000FP52WM7,ETF,EUR
Global X Disruptive Materials UCITS ETF USD Acc,DMAT,IE000FP52WM7,ETF,USD
Global X E-commerce UCITS ETF USD Acc,E61Z,IE00BMH5XY61,ETF,EUR
Amundi Stoxx Europe 50 UCITS ETF Acc,AE50,FR0010790980,ETF,EUR
Amundi STOXX Europe 600 Banks UCITS Dist ETF,INDA,LU2082996112,ETF,EUR
Amundi STOXX Europe 600 Banks UCITS Dist ETF,INDA,LU2082996112,ETF,EUR
Amundi STOXX Europe 600 Banks UCITS ETF Acc,LBNK,LU1834983477,ETF,EUR
Amundi STOXX Europe 600 Banks UCITS ETF Acc,BNK ,LU1834983477,ETF,EUR
Amundi STOXX Europe 600 Banks UCITS ETF Acc,LBNK,LU1834983477,ETF,EUR
Amundi STOXX Europe 600 Banks UCITS ETF Acc,BNK,LU1834983477,ETF,EUR
Amundi STOXX Europe 600 Basic Material UCITS ETF A,CHM,LU1834983634,ETF,EUR
Amundi STOXX Europe 600 Basic Resource UCITS ETF A,LBRE,LU1834983550,ETF,EUR
Amundi STOXX Europe 600 Basic Resource UCITS ETF A,BRES ,LU1834983550,ETF,EUR
Amundi STOXX Europe 600 Cons Dscretnry UCITS ETF A,LTVL,LU1834988781,ETF,EUR
Amundi STOXX Europe 600 Cons Dscretnry UCITS ETF A,TRV,LU1834988781,ETF,EUR
Amundi STOXX Europe 600 Cons Dscretnry UCITS ETF A,LTVL,LU1834988781,ETF,EUR
Amundi STOXX Europe 600 Consum Staples UCITS ETF A,LFOD,LU1834985845,ETF,EUR
Amundi STOXX Europe 600 Consum Staples UCITS ETF A,FOO,LU1834985845,ETF,EUR
Amundi STOXX Europe 600 Consum Staples UCITS ETF A,LFOD,LU1834985845,ETF,EUR
Amundi STOXX Europe 600 Consum Staples UCITS ETF A,FOO ,LU1834985845,ETF,EUR
Amundi STOXX Europe 600 Consumer Discretionary UCITS Dist ETF,6TVL,LU2082999132,ETF,EUR
Amundi STOXX Europe 600 Consumer Staples UCITS Dist ETF,DFOP,LU2082997359,ETF,EUR
Amundi STOXX Europe 600 Energy Screened UCITS Dist ETF,OIGS,LU2082998167,ETF,EUR
Amundi STOXX Europe 600 Energy Screened UCITS Dist ETF,OIGS,LU2082998167,ETF,EUR
Amundi STOXX Europe 600 Energy Scrnd UCITS ETF A,LOGS,LU1834988278,ETF,EUR
Amundi STOXX Europe 600 Energy Scrnd UCITS ETF A,ENRG,LU1834988278,ETF,EUR
Amundi STOXX Europe 600 Energy Scrnd UCITS ETF A,ENRG ,LU1834988278,ETF,EUR
Amundi Stoxx Europe 600 ESG UCITS ETF Acc,AME6,LU1681040223,ETF,EUR
Amundi Stoxx Europe 600 ESG UCITS ETF Acc,AME6,LU1681040223,ETF,EUR
Amundi Stoxx Europe 600 ESG UCITS ETF Acc,C6E ,LU1681040223,ETF,EUR
Amundi STOXX Europe 600 Healthcare UCITS ETF Acc,LHTC,LU1834986900,ETF,EUR
Amundi STOXX Europe 600 Healthcare UCITS ETF Acc,HLT,LU1834986900,ETF,EUR
Amundi STOXX Europe 600 Healthcare UCITS ETF Acc,LHTC,LU1834986900,ETF,EUR
Amundi STOXX Europe 600 Healthcare UCITS ETF Acc,HLT ,LU1834986900,ETF,EUR
Amundi STOXX Europe 600 Industrials UCITS Dist ETF,INDU,LU2082997789,ETF,EUR
Amundi STOXX Europe 600 Industrials UCITS Dist ETF,INDU,LU2082997789,ETF,EUR
Amundi Stoxx Europe 600 Industrials Ucits Etf Acc,LIGS,LU1834987890,ETF,EUR
Amundi Stoxx Europe 600 Industrials Ucits Etf Acc,IND ,LU1834987890,ETF,EUR
Amundi STOXX Europe 600 Insurance UCITS ETF Acc,LIRU,LU1834987973,ETF,EUR
Amundi STOXX Europe 600 Insurance UCITS ETF Acc,INS,LU1834987973,ETF,EUR
Amundi STOXX Europe 600 Technology UCITS Dist ETF,CSTA,LU2082998837,ETF,EUR
Amundi STOXX Europe 600 Technology UCITS Dist ETF,CSTA,LU2082998837,ETF,EUR
Amundi STOXX Europe 600 Technology UCITS ETF Acc,LTUG,LU1834988518,ETF,EUR
Amundi STOXX Europe 600 Technology UCITS ETF Acc,TNO ,LU1834988518,ETF,EUR
Amundi STOXX Europe 600 Technology UCITS ETF Acc,LTUG,LU1834988518,ETF,EUR
Amundi STOXX Europe 600 Telecom UCITS ETF A,TELE ,LU1834988609,ETF,EUR
Amundi STOXX Europe 600 Telecom UCITS ETF A,LTCM,LU1834988609,ETF,EUR
Amundi STOXX Europe 600 Utilities UCITS ETF Acc,UTI,LU1834988864,ETF,EUR
Amundi STOXX Europe 600 Utilities UCITS ETF Acc,LUTI,LU1834988864,ETF,EUR
Amundi Stoxx Europe Defense UCITS ETF A,EDFS,LU3038520774,ETF,EUR
Amundi Stoxx Europe Defense UCITS ETF A,DEFS,LU3038520774,ETF,EUR
Amundi Stoxx Europe Defense UCITS ETF A,EDFS,LU3038520774,ETF,EUR
Amundi Stoxx Europe Defense UCITS ETF A,DEFS,LU3038520774,ETF,EUR
WisdomTree Long JPY Short EUR,EUJP,JE00B3MWC642,ETF,EUR
WisdomTree Long JPY Short EUR,EUJP,JE00B3MWC642,ETF,EUR
WisdomTree Long JPY Short EUR 3x Daily,EJP3,JE00B3WDZY68,ETF,EUR
WisdomTree Long JPY Short EUR 3x Daily,EJP3,JE00B3WDZY68,ETF,EUR
WisdomTree Long JPY Short GBP,GBJP,JE00B3XR4V72,ETF,GBX
Wisdomtree Long JPY Short USD ETC,LJPY,JE00B68GSP26,ETF,USD
WISDOMTREE LONG JPY SHRT USD 3X DLY,LJP3,JE00B3X9GJ56,ETF,USD
WisdomTree Long NOK Short EUR,EUNO,JE00B3MRDD32,ETF,EUR
WisdomTree Long NOK Short EUR,LNOE,JE00B3MRDD32,ETF,EUR
WisdomTree Long SEK Short EUR,EUSE,JE00B3MQG751,ETF,EUR
WisdomTree Long SEK Short EUR,XBJD,JE00B3MQG751,ETF,EUR
WisdomTree Long USD Short EUR,XBJP,JE00B3RNTN80,ETF,EUR
WisdomTree Long USD Short EUR 3x Daily,EUS3,JE00B3QQ4551,ETF,EUR
WisdomTree Long USD Short EUR 5x Daily,EUS5,JE00BMM1XC77,ETF,EUR
WisdomTree Long USD Short EUR 5x Daily,5CH5,JE00BMM1XC77,ETF,EUR
WisdomTree Long USD Short GBP 3X Daily,USP3,JE00B3WCLY57,ETF,GBX
Wisdomtree Long USD Short GBP ETC,GBUS,JE00B3WPFZ34,ETF,GBX
WisdomTree Megatrends UCITS - USD Acc ETF,WMGT,IE0000902GT6,ETF,EUR
WisdomTree Megatrends UCITS - USD Acc ETF,WMGT,IE0000902GT6,ETF,EUR
WisdomTree Megatrends UCITS - USD Acc ETF,WMGT,IE0000902GT6,ETF,EUR
WisdomTree Multi Asset Issuer PLC Energy Enhanced EUR Daily Hedged ETC,WNRG,XS2284324667,ETF,EUR
Wisdomtree Nasdaq 100 3X Daily Leveraged,3QQQ,IE00BLRPRL42,ETF,EUR
Wisdomtree Nasdaq 100 3X Daily Leveraged,0LJ6,IE00BLRPRL42,ETF,EUR
Wisdomtree Nasdaq 100 3X Daily Leveraged,QQQ3,IE00BLRPRL42,ETF,USD
Wisdomtree Nasdaq 100 3X Daily Leveraged,QQQ3,IE00BLRPRL42,ETF,EUR
Wisdomtree Nasdaq 100 3X Daily Leveraged,LQQ3,IE00BLRPRL42,ETF,GBX
Wisdomtree Nasdaq 100 3X Daily Short,3QSS,IE00BLRPRJ20,ETF,EUR
Wisdomtree Nasdaq 100 3X Daily Short,0LJ5,IE00BLRPRJ20,ETF,EUR
Wisdomtree Nasdaq 100 3X Daily Short,LQQS,IE00BLRPRJ20,ETF,GBX
Wisdomtree Nasdaq 100 3X Daily Short,QQQS,IE00BLRPRJ20,ETF,USD
Wisdomtree Nasdaq 100 3X Daily Short,QQQS,IE00BLRPRJ20,ETF,EUR
WisdomTree Nasdaq 100 5X Daily Leveraged,QSL5,XS2771642134,ETF,EUR
WisdomTree Nasdaq 100 5X Daily Leveraged,QS5L,XS2771642134,ETF,USD
WisdomTree Nasdaq 100 5X Daily Short,QSS5,XS2771611840,ETF,EUR
WisdomTree Nasdaq 100 5X Daily Short,QS5S,XS2771611840,ETF,USD
WisdomTree NASDAQ-100,WNAS,XS3003325795,ETF,EUR
WisdomTree Natural Gas - EUR Daily Hedged ETC,00XP,JE00B6XF0923,ETF,EUR
WisdomTree Natural Gas - EUR Daily Hedged ETC,ENGS,JE00B6XF0923,ETF,EUR
WisdomTree Natural Gas 1X Daily Short ETC,4RTD,JE00B24DKH53,ETF,EUR
WisdomTree Natural Gas 1X Daily Short ETC,SNGA,JE00B24DKH53,ETF,USD
WisdomTree Natural Gas 1X Daily Short ETC,0FH6,JE00B24DKH53,ETF,EUR
WisdomTree Natural Gas 1X Daily Short ETC,SNGA,JE00B24DKH53,ETF,EUR
Wisdomtree Natural Gas 3X Daily Leverage ETC,NGXL,XS2819843900,ETF,EUR
Wisdomtree Natural Gas 3X Daily Leverage ETC,NGXLG,XS2819843900,ETF,EUR
Wisdomtree Natural Gas 3X Daily Leverage ETC,3NGL,XS2819843900,ETF,EUR
Wisdomtree Natural Gas 3X Daily Leverage ETC,3LNG,XS2819843900,ETF,GBX
Wisdomtree Natural Gas 3X Daily Leverage ETC,3NGL,XS2819843900,ETF,USD
WisdomTree Natural Gas 3x Daily Short,NGXS,XS2819843223,ETF,EUR
WisdomTree Natural Gas 3x Daily Short,NGXSG,XS2819843223,ETF,EUR
WisdomTree Natural Gas 3x Daily Short,3NGS,XS2819843223,ETF,EUR
iShares MSCI Europe ESG Screened UCITS ETF EUR Acc,SLMC,IE00BFNM3D14,ETF,EUR
iShares MSCI Europe ESG Screened UCITS ETF EUR Acc,SLMC,IE00BFNM3D14,ETF,EUR
iShares MSCI Europe ESG Screened UCITS ETF EUR Dis,SLMD,IE00BFNM3F38,ETF,EUR
iShares MSCI Europe ESG Screened UCITS ETF EUR Dis,SDUE,IE00BFNM3F38,ETF,GBP
iShares MSCI Europe ESG Screened UCITS ETF EUR Dis,SLMD,IE00BFNM3F38,ETF,EUR
iShares MSCI Europe ex-UK UCITS ETF EUR (Dist),IQQU,IE00B14X4N27,ETF,EUR
iShares MSCI Europe ex-UK UCITS ETF EUR (Dist),IEUX,IE00B14X4N27,ETF,EUR
iShares MSCI Europe ex-UK UCITS ETF EUR (Dist),IEUX,IE00B14X4N27,ETF,EUR
iShares MSCI Europe ex-UK UCITS ETF EUR (Dist),IQQU,IE00B14X4N27,ETF,EUR
iShares MSCI Europe ex-UK UCITS ETF EUR (Dist),IEUX,IE00B14X4N27,ETF,GBX
iShares MSCI Europe Financials Sector UCITS EUR (Acc) ETF,ESIF,IE00BMW42306,ETF,EUR
iShares MSCI Europe Financials Sector UCITS EUR (Acc) ETF,ESIF,IE00BMW42306,ETF,EUR
iShares MSCI Europe Health Care Sector UCITS EUR (Acc) ETF,ESIH,IE00BMW42181,ETF,EUR
iShares MSCI Europe Health Care Sector UCITS EUR (Acc) ETF,ESIH,IE00BMW42181,ETF,GBP
iShares MSCI Europe Industr Sector UCITS ETF EUR A,ESIN,IE00BMW42520,ETF,EUR
iShares MSCI Europe Industr Sector UCITS ETF EUR A,ESIN,IE00BMW42520,ETF,GBP
iShares MSCI Europe Information Technology Sector UCITS EUR (Acc) ETF,ESIT,IE00BMW42413,ETF,EUR
iShares MSCI Europe Mid Cap UCITS ETF EUR (Acc),EUMD,IE00BF20LF40,ETF,EUR
iShares MSCI Europe Mid Cap UCITS ETF EUR (Dist),EMID,IE00BYXYX745,ETF,EUR
iShares MSCI Europe ParisAlgd Clmt UCITS ETF EUR A,EUPB,IE00BL6K8C82,ETF,EUR
iShares MSCI Europe ParisAlgd Clmt UCITS ETF EUR D,EPAD,IE000HH3SU50,ETF,EUR
iShares MSCI Europe SRI UCITS ETF EUR (Acc),IUSK,IE00B52VJ196,ETF,EUR
iShares MSCI Europe SRI UCITS ETF EUR (Acc),IUSK,IE00B52VJ196,ETF,EUR
iShares MSCI Europe SRI UCITS ETF EUR (Acc),IESE,IE00B52VJ196,ETF,EUR
iShares MSCI Europe SRI UCITS ETF EUR (Acc),IESE,IE00B52VJ196,ETF,EUR
iShares MSCI Europe SRI UCITS ETF EUR (Acc),IESG,IE00B52VJ196,ETF,GBX
iShares MSCI Europe SRI UCITS ETF EUR (Dist),36B3,IE00BGDPWW94,ETF,EUR
iShares MSCI Europe SRI UCITS ETF EUR (Dist),ISED,IE00BGDPWW94,ETF,EUR
iShares MSCI Europe SRI UCITS ETF EUR (Dist),36B3,IE00BGDPWW94,ETF,EUR
iShares MSCI France UCITS EUR (Acc) ETF,IS3U,IE00BP3QZJ36,ETF,EUR
iShares MSCI France UCITS EUR (Acc) ETF,IS3U,IE00BP3QZJ36,ETF,EUR
iShares MSCI Global Semiconductors UCITS ETF USD A,SEC0,IE000I8KRLL9,ETF,EUR
iShares MSCI Global Semiconductors UCITS ETF USD A,SEMI,IE000I8KRLL9,ETF,USD
iShares MSCI Global Semiconductors UCITS ETF USD A,SEC0,IE000I8KRLL9,ETF,EUR
iShares MSCI Global Semiconductors UCITS ETF USD A,SEME,IE000I8KRLL9,ETF,EUR
iShares MSCI Global Semiconductors UCITS ETF USD A,SEME,IE000I8KRLL9,ETF,EUR
iShares MSCI Globl Telcom Services UCITS ETF USD A,TLCO,IE000E9W0ID3,ETF,USD
iShares MSCI India UCITS USD (Acc) ETF,QDV5,IE00BZCQB185,ETF,EUR
iShares MSCI India UCITS USD (Acc) ETF,NDIA,IE00BZCQB185,ETF,EUR
iShares MSCI India UCITS USD (Acc) ETF,QDV5,IE00BZCQB185,ETF,EUR
iShares MSCI India UCITS USD (Acc) ETF,NDIA,IE00BZCQB185,ETF,USD
iShares MSCI Japan ESG Enhanced CTB UCITS EUR Hedged (Acc) ETF,CEB3,IE0002SCQ8X0,ETF,EUR
iShares MSCI Japan ESG Enhanced CTB UCITS EUR Hedged (Acc) ETF,CEB3,IE0002SCQ8X0,ETF,EUR
iShares MSCI Japan ESG Enhanced CTB UCITS USD (Acc) ETF,EDMJ,IE00BHZPJ452,ETF,EUR
iShares MSCI Japan ESG Screened UCITS ETF USD Acc,SGAJ,IE00BFNM3L97,ETF,EUR
iShares MSCI Japan ESG Screened UCITS ETF USD Acc,SLMG,IE00BFNM3L97,ETF,EUR
iShares MSCI Japan ESG Screened UCITS ETF USD Acc,SAJP,IE00BFNM3L97,ETF,USD
iShares MSCI Japan EUR Hedged UCITS ETF (Acc),IJPE,IE00B42Z5J44,ETF,EUR
iShares MSCI Japan EUR Hedged UCITS ETF (Acc),IJPE,IE00B42Z5J44,ETF,EUR
iShares MSCI Japan EUR Hedged UCITS ETF (Acc),IJPE,IE00B42Z5J44,ETF,EUR
WisdomTree Strategic Metals and Rare Earths Miners UCITS USD Acc ETF,RARE,IE000KHX9DX6,ETF,EUR
WisdomTree Strategic Metals and Rare Earths Miners UCITS USD Acc ETF,RARE,IE000KHX9DX6,ETF,USD
WisdomTree Strategic Metals and Rare Earths Miners UCITS USD Acc ETF,RARE,IE000KHX9DX6,ETF,EUR
WisdomTree Strategic Metals and Rare Earths Miners UCITS USD Acc ETF,RARE,IE000KHX9DX6,ETF,USD
WisdomTree Strategic Metals and Rare Earths Miners UCITS USD Acc ETF,WREE,IE000KHX9DX6,ETF,GBX
WisdomTree Strategic Metals UCITS - EUR Hedged Acc ETC ETF,WENH,IE000611IJM3,ETF,EUR
WisdomTree Strategic Metals UCITS - USD Acc ETC ETF,WENU,IE0007UE04X9,ETF,EUR
WisdomTree Sugar - EUR Daily Hedged ETC,ESUG,JE00B6X05031,ETF,EUR
WisdomTree Sugar 2X Daily Leveraged ETC,LSUG,JE00B2NFTW01,ETF,EUR
WisdomTree Sugar 2X Daily Leveraged ETC,00EM,JE00B2NFTW01,ETF,EUR
WisdomTree Sugar 2X Daily Leveraged ETC,LSUG,JE00B2NFTW01,ETF,USD
WisdomTree Sugar 3x Daily Leveraged ETC,3SUL,JE00BYQY7H96,ETF,EUR
WisdomTree Sugar 3x Daily Leveraged ETC,3SUL,JE00BYQY7H96,ETF,USD
Wisdomtree Sugar ETC,OD7R,GB00B15KY658,ETF,EUR
Wisdomtree Sugar ETC,SUGA,GB00B15KY658,ETF,EUR
Wisdomtree Sugar ETC,SUGA,GB00B15KY658,ETF,USD
Wisdomtree Sugar ETC,00ED,GB00B15KY658,ETF,EUR
Wisdomtree Tin ETC,TINM,JE00B2QY0H68,ETF,EUR
Wisdomtree Tin ETC,TINM,JE00B2QY0H68,ETF,USD
WisdomTree UK Quality Div Growth UCITS ETF GBP,UGRW,IE0003UH9270,ETF,GBX
WisdomTree Uranium and Nuclear Energy UCITS - USD Acc ETF,WNUC,IE0003BJ2JS4,ETF,EUR
WisdomTree Uranium and Nuclear Energy UCITS - USD Acc ETF,NCLR,IE0003BJ2JS4,ETF,EUR
WisdomTree US Efficient Core UCITS - USD Acc ETF,WTEF,IE000KF370H3,ETF,EUR
WisdomTree US Efficient Core UCITS - USD Acc ETF,NTSX,IE000KF370H3,ETF,USD
WisdomTree US Equity Income UCITS ETF,DHS,IE00BQZJBQ63,ETF,EUR
WisdomTree US Equity Income UCITS ETF,WTE3,IE00BQZJBQ63,ETF,EUR
WisdomTree US Equity Income UCITS ETF,DHS,IE00BQZJBQ63,ETF,CHF
WisdomTree US Equity Income UCITS ETF,DHS,IE00BQZJBQ63,ETF,GBX
WisdomTree US Equity Income UCITS ETF,DHSD,IE00BQZJBQ63,ETF,USD
WisdomTree US Equity Income UCITS ETF Acc,WTE8,IE00BD6RZT93,ETF,EUR
WisdomTree US Equity Income UCITS ETF Acc,DHSA,IE00BD6RZT93,ETF,EUR
WisdomTree US Equity Income UCITS ETF Acc,DHSA,IE00BD6RZT93,ETF,USD
WisdomTree US Equity Income UCITS ETF Acc,DHSA,IE00BD6RZT93,ETF,USD
WisdomTree US Equity Income UCITS ETF Acc,DHSP,IE00BD6RZT93,ETF,GBX
WisdomTree US Equity Income UCITS ETF EUR Hgd Acc,WTDY,IE00BD6RZW23,ETF,EUR
WisdomTree US Equity Income UCITS ETF GBP Hgd Acc,DHSG,IE00BD6RZZ53,ETF,GBX
WisdomTree US Equity Income UCITS ETF GBP Hgd Acc,DHSG,IE00BD6RZZ53,ETF,GBP
WisdomTree US Quality Div Growth UCITS ETF GBP Hgd,DGRB,IE000IGMB3E1,ETF,GBX
WisdomTree US Quality Div Growth UCITS ETF USD Acc,WTD5,IE00BZ56RG20,ETF,EUR
WisdomTree US Quality Div Growth UCITS ETF USD Acc,DGRA,IE00BZ56RG20,ETF,USD
WisdomTree US Quality Div Growth UCITS ETF USD Acc,DGRG,IE00BZ56RG20,ETF,GBX
WisdomTree US Quality Div Growth UCITS ETF USD Acc,DGRA,IE00BZ56RG20,ETF,EUR
WisdomTree US Quality Div Growth UCITS ETF USD Acc,DGRA,IE00BZ56RG20,ETF,EUR
WisdomTree US Quality Dividend Gro UCITS ETF USD,DGRW,IE00BZ56RD98,ETF,USD
WisdomTree US Quality Dividend Gro UCITS ETF USD,DGRP,IE00BZ56RD98,ETF,GBX
WisdomTree US Quality Dividend Growth UCITS - EUR Hedged Acc ETF,WDGE,IE000CXVOXQ1,ETF,EUR
WisdomTree US Quality Dividend Growth UCITS - EUR Hedged Acc ETF,WDGE,IE000CXVOXQ1,ETF,EUR
WisdomTree US Quality Growth UCITS - USD Acc ETF,QGRW,IE000YGEAK03,ETF,EUR
WisdomTree US Quality Growth UCITS - USD Acc ETF,QGRP,IE000YGEAK03,ETF,GBX
WisdomTree US Quality Growth UCITS - USD Acc ETF,QGRW,IE000YGEAK03,ETF,USD
UBS MSCI USA Soc Responsible UCITS ETF hCHF acc,USSRS,LU1273641503,ETF,CHF
UBS MSCI USA Soc Responsible UCITS ETF hEUR dis,UET1,LU1280303014,ETF,EUR
UBS MSCI USA Soc Responsible UCITS ETF hEUR dis,USSRF,LU1280303014,ETF,EUR
UBS MSCI USA Soc Responsible UCITS ETF hEUR dis,USSRF,LU1280303014,ETF,EUR
UBS MSCI USA Soc Responsible UCITS ETF hEUR dis,UE33,LU1280303014,ETF,EUR
UBS MSCI USA Socially Responsible UClTS USD dis ETF,UIMP,LU0629460089,ETF,EUR
UBS MSCI USA Socially Responsible UClTS USD dis ETF,ASREU,LU0629460089,ETF,EUR
UBS MSCI USA Socially Responsible UClTS USD dis ETF,ASRUSA,LU0629460089,ETF,CHF
UBS MSCI USA Socially Responsible UClTS USD dis ETF,ASRUSA,LU0629460089,ETF,USD
UBS MSCI USA Socially Responsible UClTS USD dis ETF,UC46,LU0629460089,ETF,GBX
UBS MSCI USA Socially Responsible UClTS USD dis ETF,UIMP,LU0629460089,ETF,EUR
UBS MSCI USA Socially Responsible UClTS USD dis ETF,UIMP,LU0629460089,ETF,EUR
UBS MSCI USA SR UCITS ETF USD acc,4UBI,IE00BJXT3C94,ETF,EUR
UBS MSCI USA SR UCITS ETF USD acc,USSRI,IE00BJXT3C94,ETF,EUR
UBS MSCI USA Tech 125 Universal UCITS USD acc ETF,CSYU,IE0003B4BV34,ETF,EUR
UBS MSCI USA Tech 125 Universal UCITS USD acc ETF,USTEC,IE0003B4BV34,ETF,EUR
UBS MSCI USA UCITS ETF USD dis,UIM6,LU0136234654,ETF,EUR
UBS MSCI USA UCITS ETF USD dis,USAEU,LU0136234654,ETF,EUR
UBS MSCI USA UCITS ETF USD dis,UC67,LU0136234654,ETF,USD
UBS MSCI USA UCITS ETF USD dis,UIM6,LU0136234654,ETF,EUR
UBS MSCI USA UCITS ETF USD dis,USAUSA,LU0136234654,ETF,CHF
UBS MSCI USA UCITS ETF USD dis,USAUSA,LU0136234654,ETF,USD
UBS MSCI USA UCITS ETF USD dis,USAUSA,LU0136234654,ETF,GBP
UBS MSCI USA Value UCITS USD dis ETF,UBU5,IE00B78JSG98,ETF,EUR
UBS MSCI USA Value UCITS USD dis ETF,UBU5,IE00B78JSG98,ETF,EUR
UBS MSCI USA Value UCITS USD dis ETF,USVEU,IE00B78JSG98,ETF,EUR
UBS MSCI USA Value UCITS USD dis ETF,UC07,IE00B78JSG98,ETF,GBX
UBS MSCI USA Value UCITS USD dis ETF,USVUSY,IE00B78JSG98,ETF,USD
UBS MSCI World ex Mega Cap UCITS ETF USD acc,WXMC,IE0002THYAT9,ETF,GBX
UBS MSCI World ex USA Climate Paris Aligned UCITS USD acc ETF,AW10,IE00BN4Q0370,ETF,EUR
UBS MSCI World ex USA Climate Paris Aligned UCITS USD acc ETF,AW10,IE00BN4Q0370,ETF,EUR
UBS MSCI World Selection UCITS ETF hCHF acc,WDESGC,IE000F0DNOJ1,ETF,CHF
UBS MSCI World Selection UCITS hEUR acc ETF,CSY7,IE0009W21NT4,ETF,EUR
UBS MSCI World Selection UCITS hEUR acc ETF,WDESG,IE0009W21NT4,ETF,EUR
UBS MSCI World Selection UCITS USD acc ETF,CSY5,IE000TG1LGI4,ETF,EUR
UBS MSCI World Selection UCITS USD acc ETF,CSY5G,IE000TG1LGI4,ETF,EUR
UBS MSCI World Selection UCITS USD acc ETF,WDESG,IE000TG1LGI4,ETF,EUR
UBS MSCI World Small Cap Socially Responsible UCITS USD acc ETF,UIMS,IE00BKSCBX74,ETF,EUR
UBS MSCI World Small Cap SR UCITS ETF USD dis,WSCR,IE00BKSCBW67,ETF,GBX
UBS MSCI World Socially Responsible UClTS USD acc ETF,SEAC,LU0950674332,ETF,EUR
UBS MSCI World Socially Responsible UClTS USD acc ETF,SEAC,LU0950674332,ETF,EUR
UBS MSCI World Socially Responsible UClTS USD acc ETF,WSRUS,LU0950674332,ETF,USD
UBS MSCI World Socially Responsible UClTS USD dis ETF,UIMM,LU0629459743,ETF,EUR
UBS MSCI World Socially Responsible UClTS USD dis ETF,WSREU,LU0629459743,ETF,EUR
UBS MSCI World Socially Responsible UClTS USD dis ETF,UIMM,LU0629459743,ETF,EUR
UBS MSCI World Socially Responsible UClTS USD dis ETF,WSRUSA,LU0629459743,ETF,CHF
UBS MSCI World Socially Responsible UClTS USD dis ETF,WSRUSA,LU0629459743,ETF,USD
UBS MSCI World Socially Responsible UClTS USD dis ETF,UC44,LU0629459743,ETF,GBX
UBS MSCI World Socially Responsible UClTS USD dis ETF,UIMM,LU0629459743,ETF,EUR
UBS MSCI World SR UCITS ETF hCHF acc,WSRIC,IE00BK72HT65,ETF,CHF
iShares $ High Yield Corp Bond UCITS ETF USD D,IHYU,IE00B4PY7Y77,ETF,USD
iShares $ High Yield Corp Bond UCITS ETF USD D,SHYU,IE00B4PY7Y77,ETF,GBP
iShares $ High Yield Corp Bond UCITS ETF USD D,IS0R,IE00B4PY7Y77,ETF,EUR
iShares $ High Yield Corp Bond UCITS ETF USD D,IHYU,IE00B4PY7Y77,ETF,CHF
iShares $ Intermediate Credit Bond UCITS ETF USD D,SXRF,IE00BDQZ5152,ETF,EUR
iShares $ Intermediate Credit Bond UCITS ETF USD D,ICBU,IE00BDQZ5152,ETF,USD
iShares $ Intermediate Credit Bond UCITS ETF USD D,SXRF,IE00BDQZ5152,ETF,EUR
iShares $ Short Dur Corp Bd UCITS ETF USD Acc,SDIA,IE00BYXYYP94,ETF,USD
iShares $ Short Dur Corp Bd UCITS ETF USD Acc,SDIA,IE00BYXYYP94,ETF,CHF
iShares $ Short Dur Corp Bd UCITS ETF USD Dist,IS3J,IE00BCRY5Y77,ETF,EUR
iShares $ Short Dur Corp Bd UCITS ETF USD Dist,SDIG,IE00BCRY5Y77,ETF,USD
iShares $ Short Dur Corp Bd UCITS ETF USD Dist,IS3J,IE00BCRY5Y77,ETF,EUR
iShares $ Short Dur Corp Bd UCITS ETF USD Dist,SDIG,IE00BCRY5Y77,ETF,CHF
iShares $ Sht Duration HY Crp Bd UCITS ETF USD A,SDHA,IE00BZ17CN18,ETF,USD
iShares $ Sht Duration HY Crp Bd UCITS ETF USD D,IS3K,IE00BCRY6003,ETF,EUR
iShares $ Sht Duration HY Crp Bd UCITS ETF USD D,SDHG,IE00BCRY6003,ETF,GBP
iShares $ Sht Duration HY Crp Bd UCITS ETF USD D,SDHY,IE00BCRY6003,ETF,USD
iShares $ Sht Duration HY Crp Bd UCITS ETF USD D,SDHY,IE00BCRY6003,ETF,EUR
iShares $ Sht Duration HY Crp Bd UCITS ETF USD D,SDHY,IE00BCRY6003,ETF,EUR
iShares $ Sht Duration HY Crp Bd UCITS ETF USD D,IS3K,IE00BCRY6003,ETF,EUR
iShares $ Sht Duration HY Crp Bd UCITS ETF USD D,SDHY,IE00BCRY6003,ETF,CHF
iShares $ Sukuk UCITS ETF USD (Dist),5W00,IE000929U2U9,ETF,EUR
iShares $ Sukuk UCITS ETF USD (Dist),SKUK,IE000929U2U9,ETF,USD
iShares $ TIPS 0-5 UCITS ETF USD Acc,TI5A,IE000JXFRNI0,ETF,USD
iShares $ TIPS 0-5 UCITS ETF USD Dist,SXRH,IE00BDQYWQ65,ETF,EUR
iShares $ TIPS 0-5 UCITS ETF USD Dist,TIP5,IE00BDQYWQ65,ETF,USD
iShares $ TIPS 0-5 UCITS ETF USD Dist,TP05,IE00BDQYWQ65,ETF,GBX
iShares $ TIPS 0-5 UCITS ETF USD Dist,SXRH,IE00BDQYWQ65,ETF,EUR
iShares $ TIPS UCITS ETF USD (Acc),IUST,IE00B1FZSC47,ETF,EUR
iShares $ TIPS UCITS ETF USD (Acc),TPSA ,IE00B1FZSC47,ETF,EUR
iShares $ TIPS UCITS ETF USD (Acc),ITPS,IE00B1FZSC47,ETF,EUR
iShares $ TIPS UCITS ETF USD (Acc),IDTP,IE00B1FZSC47,ETF,USD
iShares $ TIPS UCITS ETF USD (Acc),ITPS,IE00B1FZSC47,ETF,GBP
iShares $ TIPS UCITS ETF USD (Acc),IUST,IE00B1FZSC47,ETF,EUR
iShares $ TIPS UCITS ETF USD (Dist),ITPD,IE000F6XDNZ5,ETF,EUR
iShares $ Treasury Bd 1-3yr UCITS ETF EUR Hgd Acc,2B7S,IE00BDFK1573,ETF,EUR
iShares $ Treasury Bd 1-3yr UCITS ETF EUR Hgd Acc,IBTE,IE00BDFK1573,ETF,EUR
iShares $ Treasury Bd 1-3yr UCITS ETF EUR Hgd Acc,2B7S,IE00BDFK1573,ETF,EUR
iShares $ Treasury Bd 1-3yr UCITS ETF USD Acc,IS0F,IE00BYXPSP02,ETF,EUR
iShares $ Treasury Bd 1-3yr UCITS ETF USD Acc,IBTA,IE00BYXPSP02,ETF,CHF
iShares $ Treasury Bd 1-3yr UCITS ETF USD Acc,IBTA,IE00BYXPSP02,ETF,USD
iShares $ Treasury Bd 1-3yr UCITS ETF USD Dist,IUSU,IE00B14X4S71,ETF,EUR
iShares $ Treasury Bd 1-3yr UCITS ETF USD Dist,IBTS,IE00B14X4S71,ETF,EUR
iShares $ Treasury Bd 1-3yr UCITS ETF USD Dist,IBTS,IE00B14X4S71,ETF,EUR
iShares $ Treasury Bd 1-3yr UCITS ETF USD Dist,IBTS,IE00B14X4S71,ETF,GBP
iShares $ Treasury Bd 1-3yr UCITS ETF USD Dist,IDBT,IE00B14X4S71,ETF,USD
iShares $ Treasury Bd 1-3yr UCITS ETF USD Dist,IUSU,IE00B14X4S71,ETF,EUR
iShares $ Treasury Bd 1-3yr UCITS ETF USD Dist,IBTS,IE00B14X4S71,ETF,USD
iShares $ Treasury Bd 7-10y UCITS ETF USD Dist,IUSM,IE00B1FZS798,ETF,EUR
iShares $ Treasury Bd 7-10y UCITS ETF USD Dist,BTMA,IE00B1FZS798,ETF,EUR
Invesco BulletShares 2026 EUR Corporate Bond UCITS - Dist ETF,BE26,IE000AYJ75E5,ETF,EUR
Invesco BulletShares 2027 EUR Corporate Bond UCITS - Acc ETF,BSE7,IE000LGHLQ71,ETF,EUR
Invesco BulletShares 2027 EUR Corporate Bond UCITS - Acc ETF,BSE7,IE000LGHLQ71,ETF,EUR
Invesco BulletShares 2027 EUR Corporate Bond UCITS - Dist ETF,BE27,IE000XOS4OJ6,ETF,EUR
Invesco BulletShares 2027 EUR Corporate Bond UCITS - Dist ETF,BE27,IE000XOS4OJ6,ETF,EUR
Invesco BulletShares 2027 EUR Corporate Bond UCITS - Dist ETF,BE27,IE000XOS4OJ6,ETF,EUR
Invesco BulletShares 2028 EUR Corporate Bond UCITS - Acc ETF,BSE8,IE00079EUF59,ETF,EUR
Invesco BulletShares 2028 EUR Corporate Bond UCITS - Acc ETF,BSE8,IE00079EUF59,ETF,EUR
Invesco BulletShares 2028 EUR Corporate Bond UCITS - Dist ETF,BE28,IE000LKGEZQ6,ETF,EUR
Invesco BulletShares 2028 EUR Corporate Bond UCITS - Dist ETF,BE28,IE000LKGEZQ6,ETF,EUR
Invesco BulletShares 2028 EUR Corporate Bond UCITS - Dist ETF,BE28,IE000LKGEZQ6,ETF,EUR
Invesco BulletShares 2029 EUR Corporate Bond UCITS - Acc ETF,BSE9,IE000P5IB8I8,ETF,EUR
Invesco BulletShares 2029 EUR Corporate Bond UCITS - Dist ETF,BE29,IE000ZC4C5Q1,ETF,EUR
Invesco BulletShares 2029 EUR Corporate Bond UCITS - Dist ETF,BE29,IE000ZC4C5Q1,ETF,EUR
Invesco BulletShares 2029 EUR Corporate Bond UCITS - Dist ETF,BE29,IE000ZC4C5Q1,ETF,EUR
Invesco BulletShares 2030 EUR Corporate Bond UCITS - Acc ETF,BSE0,IE000I25S1V5,ETF,EUR
Invesco BulletShares 2030 EUR Corporate Bond UCITS - Acc ETF,BSE0,IE000I25S1V5,ETF,EUR
Invesco BulletShares 2030 EUR Corporate Bond UCITS - Dist ETF,BD30,IE000W6YTDH7,ETF,EUR
Invesco BulletShares 2030 EUR Corporate Bond UCITS - Dist ETF,BD30,IE000W6YTDH7,ETF,EUR
Invesco BulletShares 2030 EUR Corporate Bond UCITS - Dist ETF,BE30,IE000W6YTDH7,ETF,EUR
Invesco ChiNext 50 UCITS Acc ETF,CNFY,IE000AWRDWI7,ETF,EUR
Invesco ChiNext 50 UCITS Acc ETF,CN50,IE000AWRDWI7,ETF,EUR
Invesco ChiNext 50 UCITS Acc ETF,CN50,IE000AWRDWI7,ETF,USD
Invesco ChiNext 50 UCITS Acc ETF,CN50,IE000AWRDWI7,ETF,CHF
Invesco CoinShares Global Blockchain UCITS ETF Acc,BNXG,IE00BGBN6P67,ETF,EUR
Invesco CoinShares Global Blockchain UCITS ETF Acc,BNXG,IE00BGBN6P67,ETF,EUR
Invesco CoinShares Global Blockchain UCITS ETF Acc,BCHN,IE00BGBN6P67,ETF,EUR
Invesco CoinShares Global Blockchain UCITS ETF Acc,BCHE,IE00BGBN6P67,ETF,USD
Invesco Comms S&P US Select Sector UCITS ETF Acc,XLCS,IE00BG7PP820,ETF,USD
Invesco Comms S&P US Select Sector UCITS ETF Acc,XLCS,IE00BG7PP820,ETF,USD
Invesco Cons Dis S&P US Sel Sector UCITS ETF Acc,XLYS,IE00B449XP68,ETF,EUR
Invesco Cons Dis S&P US Sel Sector UCITS ETF Acc,XLYS,IE00B449XP68,ETF,USD
Invesco Cons Dis S&P US Sel Sector UCITS ETF Acc,XLYS,IE00B449XP68,ETF,USD
Invesco Cons St S&P US Select Sector UCITS ETF Acc,XLPS,IE00B435BG20,ETF,EUR
Invesco Cons St S&P US Select Sector UCITS ETF Acc,XLPS,IE00B435BG20,ETF,USD
Invesco Cons St S&P US Select Sector UCITS ETF Acc,XLPP,IE00B435BG20,ETF,GBX
Invesco Cons St S&P US Select Sector UCITS ETF Acc,XLPS,IE00B435BG20,ETF,USD
Invesco Cybersecurity UCITS ETF,IVCS,IE00072RHT03,ETF,EUR
Invesco Defence Innovation UCITS ETF,IVDF,IE000BRM9046,ETF,EUR
Invesco Defence Innovation UCITS ETF,IVDF,IE000BRM9046,ETF,EUR
Invesco Dow Jones Islamic Gl DevMkts UCITS ETF Acc,IGDA,IE000UOXRAM8,ETF,EUR
Invesco Dow Jones Islamic Gl DevMkts UCITS ETF Acc,IGDA,IE000UOXRAM8,ETF,USD
Invesco Dow Jones Islamic Gl DevMkts UCITS ETF Acc,IGDA,IE000UOXRAM8,ETF,USD
Invesco Dow Jones US Insurance UCITS ETF Acc,INSU,IE0007UJ6IE0,ETF,USD
Invesco Emerging Markets USD Bond UCITS ETF Dist,EMSB,IE00BF51K132,ETF,EUR
Invesco Emerging Markets USD Bond UCITS ETF Dist,EMSB,IE00BF51K132,ETF,EUR
Invesco Energy S&P US Select Sector UCITS ETF Acc,XLES,IE00B435CG94,ETF,EUR
Invesco Energy S&P US Select Sector UCITS ETF Acc,XLES,IE00B435CG94,ETF,USD
Invesco Energy S&P US Select Sector UCITS ETF Acc,XLES,IE00B435CG94,ETF,USD
Invesco EQQQ NASDAQ-100 UCITS ETF Acc,EQAC,IE00BFZXGZ54,ETF,EUR
StSt SPDR BBG Global Aggregate Bond UCITS ETF Dis,SYBZ,IE00B43QJJ40,ETF,EUR
StSt SPDR BBG U.S. Aggregate Bond UCITS ETF Dist,SYBU,IE00B459R192,ETF,EUR
StSt SPDR BBG U.S. Aggregate Bond UCITS ETF Dist,SYBU,IE00B459R192,ETF,EUR
StSt SPDR BBG U.S. Aggregate Bond UCITS ETF Dist,USAG,IE00B459R192,ETF,USD
StSt SPDR BBG U.S. Corp Scored EURH UCITS ETF Acc,USCE,IE00BFY0GV36,ETF,EUR
StSt SPDR BBG U.S. HY Crp Scored UCITS ETF Acc,SJHY,IE0004TYCC17,ETF,USD
StSt SPDR BBG U.S. HY Crp Scored UCITS ETF Dist,SYBK,IE00B99FL386,ETF,EUR
StSt SPDR BBG U.S. HY Crp Scored UCITS ETF Dist,JNKS,IE00B99FL386,ETF,GBP
StSt SPDR BBG U.S. HY Crp Scored UCITS ETF Dist,SJNK,IE00B99FL386,ETF,USD
StSt SPDR BBG U.S. HY Crp Scored UCITS ETF Dist,SJNK,IE00B99FL386,ETF,EUR
StSt SPDR BBG U.S. HY Crp Scored UCITS ETF Dist,SJNK,IE00B99FL386,ETF,CHF
StSt SPDR Bloomberg Euro Govt Bond UCITS ETF Acc,GOVA,IE00BMYHQM42,ETF,EUR
StSt SPDR Bloomberg Euro HY Bond UCITS ETF Dist,SYBJ,IE00B6YX5M31,ETF,EUR
StSt SPDR Bloomberg Euro HY Bond UCITS ETF Dist,SYBJ,IE00B6YX5M31,ETF,EUR
StSt SPDR Bloomberg Euro HY Bond UCITS ETF Dist,JNKE,IE00B6YX5M31,ETF,EUR
StSt SPDR Bloomberg Euro HY Bond UCITS ETF Dist,JNKE,IE00B6YX5M31,ETF,EUR
StSt SPDR Bloomberg Euro HY Bond UCITS ETF Dist,JNKE,IE00B6YX5M31,ETF,EUR
StSt SPDR Bloomberg Euro HY Bond UCITS ETF Dist,JNKE,IE00B6YX5M31,ETF,CHF
StSt SPDR Bloomberg U.S. TIPS UCITS ETF Dist,SYBY,IE00BZ0G8977,ETF,EUR
StSt SPDR Bloomberg U.S. TIPS UCITS ETF Dist,TIPS,IE00BZ0G8977,ETF,EUR
StSt SPDR Bloomberg U.S. TIPS UCITS ETF Dist,TIPS,IE00BZ0G8977,ETF,USD
StSt SPDR Bloomberg U.S. TIPS UCITS ETF Dist,UTIP,IE00BZ0G8977,ETF,GBP
StSt SPDR Bloomberg U.S. TIPS UCITS ETF Dist,TIPS,IE00BZ0G8977,ETF,USD
StSt SPDR Bloomberg U.S. Treas Bond UCITS ETF Dist,SYBT,IE00B44CND37,ETF,EUR
StSt SPDR Bloomberg U.S. Treas Bond UCITS ETF Dist,TSYE,IE00B44CND37,ETF,EUR
StSt SPDR Bloomberg U.S. Treas Bond UCITS ETF Dist,TRSY,IE00B44CND37,ETF,CHF
StSt SPDR Bloomberg U.S. Treas Bond UCITS ETF Dist,TRSY,IE00B44CND37,ETF,EUR
StSt SPDR Bloomberg U.S. Treas Bond UCITS ETF Dist,SYBT,IE00B44CND37,ETF,EUR
StSt SPDR Bloomberg U.S. Treas Bond UCITS ETF Dist,TRSY,IE00B44CND37,ETF,USD
StSt SPDR Bloomberg U.S. Treas Bond UCITS ETF Dist,USTY,IE00B44CND37,ETF,GBP
StSt SPDR Bloomberg UK Gilt UCITS ETF Dist,SYBG,IE00B3W74078,ETF,EUR
StSt SPDR Bloomberg UK Gilt UCITS ETF Dist,GLTY,IE00B3W74078,ETF,GBP
StSt SPDR Dow Jones Gl Real Estate UCITS ETF Acc,SPY2,IE00BH4GR342,ETF,EUR
StSt SPDR Dow Jones Gl Real Estate UCITS ETF Acc,SPY2,IE00BH4GR342,ETF,EUR
StSt SPDR Dow Jones Gl Real Estate UCITS ETF Dist,SPYJ,IE00B8GF1M35,ETF,EUR
StSt SPDR Dow Jones Gl Real Estate UCITS ETF Dist,GBRE,IE00B8GF1M35,ETF,GBP
StSt SPDR Dow Jones Gl Real Estate UCITS ETF Dist,GLRE,IE00B8GF1M35,ETF,EUR
StSt SPDR Dow Jones Gl Real Estate UCITS ETF Dist,GLRE,IE00B8GF1M35,ETF,USD
StSt SPDR Dow Jones Gl Real Estate UCITS ETF Dist,SPYJ,IE00B8GF1M35,ETF,EUR
StSt SPDR Dow Jones Gl Real Estate UCITS ETF Dist,GBRE,IE00B8GF1M35,ETF,CHF
StSt SPDR Euro Stoxx Low Volatility UCITS ETF Acc,ZPRL,IE00BFTWP510,ETF,EUR
StSt SPDR Euro Stoxx Low Volatility UCITS ETF Acc,ZPRL,IE00BFTWP510,ETF,EUR
StSt SPDR Euro Stoxx Low Volatility UCITS ETF Acc,ELOW,IE00BFTWP510,ETF,CHF
StSt SPDR FTSE EPRA Europe ex UK RE UCITS ETF Acc,ZPRP,IE00BSJCQV56,ETF,EUR
StSt SPDR FTSE EPRA Europe ex UK RE UCITS ETF Acc,EURE,IE00BSJCQV56,ETF,EUR
StSt SPDR FTSE Gl Conv Bond EUR Hdg UCITS ETF Acc,SPF1,IE00BDT6FP91,ETF,EUR
StSt SPDR FTSE Gl Conv Bond EUR Hdg UCITS ETF Acc,SPF1,IE00BDT6FP91,ETF,EUR
StSt SPDR FTSE Gl Conv Bond UCITS ETF Dist,ZPRC,IE00BNH72088,ETF,EUR
StSt SPDR FTSE Gl Conv Bond UCITS ETF Dist,CONV,IE00BNH72088,ETF,EUR
StSt SPDR FTSE Gl Conv Bond UCITS ETF Dist,ZPRC,IE00BNH72088,ETF,EUR
Xtrackers S&P 500 Equal Weight UCITS 2C - EUR Hedged ETF,XDEE,IE0002EI5AG0,ETF,EUR
Xtrackers S&P 500 Equal Weight UCITS ETF 1D GBPH,XEWG,IE000N5GJDD7,ETF,EUR
Xtrackers S&P 500 Inverse Daily Swap UCITS 1C ETF,DXS3,LU0322251520,ETF,EUR
Xtrackers S&P 500 Inverse Daily Swap UCITS 1C ETF,XSPS,LU0322251520,ETF,EUR
Xtrackers S&P 500 Inverse Daily Swap UCITS 1C ETF,XSPD,LU0322251520,ETF,USD
Xtrackers S&P 500 Inverse Daily Swap UCITS 1C ETF,DXS3,LU0322251520,ETF,EUR
Xtrackers S&P 500 Inverse Daily Swap UCITS 1C ETF,XSPS,LU0322251520,ETF,GBX
Xtrackers S&P 500 Swap II UCITS 1C ETF,X500,IE000HY30YW6,ETF,CHF
Xtrackers S&P 500 Swap UCITS 1C ETF,D5BM,LU0490618542,ETF,EUR
Xtrackers S&P 500 Swap UCITS 1C ETF,D5BM,LU0490618542,ETF,EUR
Xtrackers S&P 500 Swap UCITS 1C ETF,XSPX,LU0490618542,ETF,CHF
Xtrackers S&P 500 Swap UCITS 1C ETF,XSPU,LU0490618542,ETF,USD
Xtrackers S&P 500 Swap UCITS 1C ETF,XSPX,LU0490618542,ETF,GBX
Xtrackers S&P 500 Swap UCITS 1C ETF,XSPX,LU0490618542,ETF,EUR
Xtrackers S&P 500 Swap UCITS ETF,XSXD,LU2009147757,ETF,USD
Xtrackers S&P 500 UCITS 1C EUR Hedged ETF,XDPE,IE00BM67HW99,ETF,EUR
Xtrackers S&P 500 UCITS 1C EUR Hedged ETF,XDPE,IE00BM67HW99,ETF,EUR
Xtrackers S&P 500 UCITS 1C EUR Hedged ETF,XDPE,IE00BM67HW99,ETF,EUR
Xtrackers S&P 500 UCITS 1C EUR Hedged ETF,0Y5Y,IE00BM67HW99,ETF,EUR
Xtrackers S&P 500 UCITS ETF,XDPU,IE000Z9SJA06,ETF,EUR
Xtrackers S&P 500 UCITS ETF,XDPU,IE000Z9SJA06,ETF,EUR
Xtrackers S&P 500 UCITS ETF,XDPU,IE000Z9SJA06,ETF,EUR
Xtrackers S&P 500 UCITS ETF,XDPU,IE000Z9SJA06,ETF,CHF
Xtrackers S&P 500 UCITS ETF 2C GBP Hedged,XDPG,IE00BM67HX07,ETF,GBX
Xtrackers S&P ASX 200 UCITS 1D ETF,DX2S,LU0328474803,ETF,EUR
Xtrackers S&P ASX 200 UCITS 1D ETF,XAUS,LU0328474803,ETF,EUR
Xtrackers S&P ASX 200 UCITS 1D ETF,DX2S,LU0328474803,ETF,EUR
Xtrackers S&P ASX 200 UCITS 1D ETF,XAUS,LU0328474803,ETF,GBX
Xtrackers S&P Europe ex UK UCITS ETF 1D,XUEK,IE00BGV5VM45,ETF,EUR
Xtrackers S&P Global Infrastructure Swap UCITS 1C ETF,DX2E,LU0322253229,ETF,EUR
Xtrackers S&P Global Infrastructure Swap UCITS 1C ETF,XSGI,LU0322253229,ETF,EUR
Xtrackers S&P Global Infrastructure Swap UCITS 1C ETF,XSGI,LU0322253229,ETF,CHF
Xtrackers S&P Global Infrastructure Swap UCITS 1C ETF,XGID,LU0322253229,ETF,USD
Xtrackers S&P Global Infrastructure Swap UCITS 1C ETF,DX2E,LU0322253229,ETF,EUR
Xtrackers S&P Global Infrastructure Swap UCITS 1C ETF,XSGI,LU0322253229,ETF,GBX
Xtrackers S&P Select Frontier Swap UCITS 1C ETF,DX2Z,LU0328476410,ETF,EUR
Xtrackers S&P Select Frontier Swap UCITS 1C ETF,XSFR,LU0328476410,ETF,EUR
Xtrackers S&P Select Frontier Swap UCITS 1C ETF,DX2Z,LU0328476410,ETF,EUR
Xtrackers S&P Select Frontier Swap UCITS 1C ETF,XSFD,LU0328476410,ETF,USD
Xtrackers S&P Select Frontier Swap UCITS 1C ETF,XSFR,LU0328476410,ETF,GBX
Xtrackers ShortDAX Daily Swap UCITS 1C ETF,DXSN,LU0292106241,ETF,EUR
Xtrackers ShortDAX Daily Swap UCITS 1C ETF,XSDX,LU0292106241,ETF,EUR
Xtrackers ShortDAX Daily Swap UCITS 1C ETF,XSDX,LU0292106241,ETF,CHF
Xtrackers ShortDAX Daily Swap UCITS 1C ETF,DXSN,LU0292106241,ETF,EUR
Xtrackers ShortDAX Daily Swap UCITS 1C ETF,XSDX,LU0292106241,ETF,GBX
Xtrackers ShortDAX x2 Daily Swap UCITS 1C ETF,DBPD,LU0411075020,ETF,EUR
Xtrackers ShortDAX x2 Daily Swap UCITS 1C ETF,XSD2,LU0411075020,ETF,GBX
Xtrackers ShortDAX x2 Daily Swap UCITS 1C ETF,DBPD,LU0411075020,ETF,EUR
Xtrackers SLI UCITS 1D ETF,DXS0,LU0322248146,ETF,EUR
Xtrackers SLI UCITS 1D ETF,XSLI,LU0322248146,ETF,CHF
Amundi MSCI EMU SmCp ESG Brd Trnstn UCITS ETF D,LGWU,LU1598689153,ETF,EUR
Amundi MSCI EMU SmCp ESG Brd Trnstn UCITS ETF D,LGWU,LU1598689153,ETF,EUR
Amundi MSCI EMU SmCp ESG Brd Trnstn UCITS ETF D,MMS,LU1598689153,ETF,EUR
Amundi MSCI EMU SRI Climate Paris Aligned UCITS DR (C) ETF,SRHE,LU2109787635,ETF,EUR
Amundi MSCI EMU Value Factor UCITS ETF Dist,LGWS,LU1598690169,ETF,EUR
Amundi MSCI EMU Value Factor UCITS ETF Dist,VAL ,LU1598690169,ETF,EUR
Amundi MSCI EMU Value Factor UCITS ETF Dist,LGWS,LU1598690169,ETF,EUR
Amundi MSCI EMU Value Factor UCITS ETF Dist,VAL,LU1598690169,ETF,EUR
Amundi MSCI Eu ESG Brd Transition UCITS ETF EUR A,CEUG,LU1681042609,ETF,EUR
Amundi MSCI Eu ESG Brd Transition UCITS ETF EUR A,CEUG,LU1681042609,ETF,EUR
Amundi MSCI Eu ESG Brd Transition UCITS ETF EUR A,CEU ,LU1681042609,ETF,EUR
Amundi MSCI Eu ESG Brd Transition UCITS ETF EUR A,CEU,LU1681042609,ETF,EUR
Amundi MSCI Eu SmCp ESG Brd Transition UCITS ETF A,CEM ,LU1681041544,ETF,EUR
Amundi MSCI Eu SRI Cl Paris Aligned UCITS ETF DR A,MIVB,LU1861137484,ETF,EUR
Amundi MSCI Eu SRI Cl Paris Aligned UCITS ETF DR A,EUSRI,LU1861137484,ETF,EUR
Amundi MSCI Eu SRI Cl Paris Aligned UCITS ETF DR A,MIVB,LU1861137484,ETF,EUR
Amundi MSCI Eu SRI Cl Paris Aligned UCITS ETF DR A,EUSRI,LU1861137484,ETF,EUR
Amundi MSCI Europe Cl Paris Aligned UCITS ETF A,LWCE,LU2130768844,ETF,EUR
Amundi MSCI Europe Cl Paris Aligned UCITS ETF A,ACU4,LU2130768844,ETF,EUR
Amundi MSCI Europe Cl Paris Aligned UCITS ETF A,EABE,LU2130768844,ETF,GBP
Amundi MSCI Europe ESG Selection UCITS ETF A,LEAD,LU1940199711,ETF,EUR
Amundi MSCI Europe ESG Selection UCITS ETF A,ESGE,LU1940199711,ETF,EUR
Amundi MSCI Europe ESG Selection UCITS ETF A,ESGE,LU1940199711,ETF,EUR
Amundi MSCI Europe Ex EMU ESG Sel UCITS ETF Acc,540H,FR0010821819,ETF,EUR
Amundi MSCI Europe Ex EMU ESG Sel UCITS ETF Acc,CU9,FR0010821819,ETF,EUR
Amundi MSCI Europe Ex EMU ESG Sel UCITS ETF Acc,540H,FR0010821819,ETF,EUR
Amundi MSCI Europe ex Switzerland ESG Broad Transition UCITS ETF Acc,CS9,LU1681044308,ETF,EUR
AMUNDI MSCI EUROPE GROWTH UCITS ETF Acc,CG9 ,LU1681042435,ETF,EUR
Amundi MSCI Europe Growth UCITS ETF Dist,LGWT,LU1598688189,ETF,EUR
Amundi MSCI Europe Growth UCITS ETF Dist,GWT,LU1598688189,ETF,EUR
Amundi MSCI Europe Hgh Dvdnd Factor UCITS ETF-E(C),EHF1,LU1681041973,ETF,EUR
Amundi MSCI Europe Hgh Dvdnd Factor UCITS ETF-E(C),CD9 ,LU1681041973,ETF,EUR
Amundi MSCI Europe Hgh Dvdnd Factor UCITS ETF-E(C),EHF1,LU1681041973,ETF,EUR
Amundi MSCI Europe Minimum Volatility Factor UCITS - EUR (C) ETF,MIVA,LU1681041627,ETF,EUR
Amundi MSCI Europe Momentum Factor UCITS ETF EUR C,MJMT,LU1681041460,ETF,EUR
Amundi MSCI Europe Momentum Factor UCITS ETF EUR C,MJMT,LU1681041460,ETF,EUR
Amundi MSCI Europe Momentum Factor UCITS ETF EUR C,MCEU ,LU1681041460,ETF,EUR
Amundi MSCI Europe Quality Factor UCITS ETF-EUR(C),AMEQ,LU1681041890,ETF,EUR
Amundi MSCI Europe Quality Factor UCITS ETF-EUR(C),QCEU ,LU1681041890,ETF,EUR
Amundi MSCI Europe Quality Factor UCITS ETF-EUR(C),QCEU,LU1681041890,ETF,EUR
Amundi MSCI Europe UCITS ETF Acc,LYY5,FR0010261198,ETF,EUR
Amundi MSCI Europe UCITS ETF Acc,MEU,FR0010261198,ETF,EUR
Amundi MSCI Europe UCITS ETF Acc,LYY5,FR0010261198,ETF,EUR
Amundi MSCI Europe UCITS ETF Acc,LYMEU,FR0010261198,ETF,EUR
Amundi MSCI Europe UCITS ETF Acc,MEU,FR0010261198,ETF,EUR
Amundi MSCI Europe UCITS ETF Acc,MEUG,FR0010261198,ETF,GBX
Amundi MSCI Europe UCITS ETF Acc,LYMEU,FR0010261198,ETF,CHF
Amundi MSCI Europe Value Factor UCITS ETF EUR (C),CV9 ,LU1681042518,ETF,EUR
Amundi MSCI Greece UCITS ETF Dist,GRE,FR0010405431,ETF,EUR
Amundi MSCI Greece UCITS ETF Dist,LYMH,FR0010405431,ETF,EUR
iShares MSCI World UCITS ETF USD (Dist),IQQW,IE00B0M62Q58,ETF,EUR
iShares MSCI World UCITS ETF USD (Dist),IWRD,IE00B0M62Q58,ETF,EUR
iShares MSCI World Value Factor Advanced UCITS USD (Acc) ETF,CBUI,IE000H1H16W5,ETF,EUR
iShares MSCI Wrld Clmt Trans Aware UCITS ETF USD A,WCTA,IE0001YGXFO5,ETF,USD
iShares MSCI Wrld Clmt Trans Aware UCITS ETF USD D,WCTD,IE000YNE6S57,ETF,USD
iShares MSCI Wrld Par-Align Clim UCITS ETF USD Acc,WPAB,IE00BMXC7W70,ETF,EUR
iShares MSCI Wrld Par-Align Clim UCITS ETF USD Acc,WPAB,IE00BMXC7W70,ETF,EUR
iShares MSCI Wrld Par-Align Clim UCITS ETF USD Acc,WPAB,IE00BMXC7W70,ETF,USD
iShares MSCI Wrld Par-Align Clim UCITS ETF USD Dis,WPAD,IE00BN92ZL31,ETF,USD
iShares Nasdaq 100 ex-Top 30 UCITS ETF USD Acc,QNXT,IE000SVXJH05,ETF,USD
iShares Nasdaq 100 Swap UCITS ETF USD Dis,N1UD,IE00074JV7J1,ETF,USD
iShares Nasdaq 100 Top 30 UCITS ETF USD Acc,HX60,IE000Z7P04F4,ETF,EUR
iShares Nasdaq 100 Top 30 UCITS ETF USD Acc,QTOP,IE000Z7P04F4,ETF,USD
iShares Nasdaq 100 Top 30 UCITS ETF USD Acc,HX60,IE000Z7P04F4,ETF,EUR
iShares NASDAQ 100 UCITS ETF USD (Acc),SXRV,IE00B53SZB19,ETF,EUR
iShares NASDAQ 100 UCITS ETF USD (Acc),CSNDX,IE00B53SZB19,ETF,USD
iShares NASDAQ 100 UCITS ETF USD (Acc),SXRV,IE00B53SZB19,ETF,EUR
iShares NASDAQ 100 UCITS ETF USD (Acc),CSNDX,IE00B53SZB19,ETF,EUR
iShares NASDAQ 100 UCITS ETF USD (Acc),CNDX,IE00B53SZB19,ETF,EUR
iShares NASDAQ 100 UCITS ETF USD (Acc),CNX1,IE00B53SZB19,ETF,GBX
iShares NASDAQ 100 UCITS ETF USD (Acc),CNDX,IE00B53SZB19,ETF,USD
iShares NASDAQ US Biotechnology UCITS ETF USD Acc,2B70,IE00BYXG2H39,ETF,EUR
iShares NASDAQ US Biotechnology UCITS ETF USD Acc,2B70,IE00BYXG2H39,ETF,EUR
iShares NASDAQ US Biotechnology UCITS ETF USD Acc,BTEC,IE00BYXG2H39,ETF,USD
iShares NASDAQ US Biotechnology UCITS ETF USD Dist,BTEE,IE00BDZVHG35,ETF,USD
iShares Nasdaq-100 UCITS (DE) ETF,EXXT,DE000A0F5UF5,ETF,EUR
iShares Nasdaq-100 UCITS (DE) ETF,EXXT,DE000A0F5UF5,ETF,EUR
iShares Nasdaq-100 UCITS EUR Hedged (Acc) ETF,NQSE,IE00BYVQ9F29,ETF,EUR
iShares Nasdaq-100 UCITS EUR Hedged (Acc) ETF,NQSE,IE00BYVQ9F29,ETF,EUR
iShares Nikkei 225 UCITS (DE) ETF,EXX7,DE000A0H08D2,ETF,EUR
iShares Nikkei 225 UCITS (DE) ETF,EXX7,DE000A0H08D2,ETF,EUR
iShares Nikkei 225 UCITS (DE) ETF,0MO3,DE000A0H08D2,ETF,EUR
iShares Nikkei 225 UCITS ETF JPY (Acc),SXRZ,IE00B52MJD48,ETF,EUR
iShares Nikkei 225 UCITS ETF JPY (Acc),SXRZ,IE00B52MJD48,ETF,EUR
iShares Nikkei 225 UCITS ETF JPY (Acc),CNKY,IE00B52MJD48,ETF,GBX
iShares Nikkei 225 UCITS ETF JPY (Acc),CSNKY,IE00B52MJD48,ETF,EUR
iShares Nuclear En and Ur Mining UCITS ETF USD A,NUUR,IE000BMZP0I6,ETF,USD
iShares Oil & Gas Exploratn & Prod UCITS ETF USD A,IS0D,IE00B6R51Z18,ETF,EUR
iShares Oil & Gas Exploratn & Prod UCITS ETF USD A,SPOG,IE00B6R51Z18,ETF,GBX
iShares Oil & Gas Exploratn & Prod UCITS ETF USD A,IS0D,IE00B6R51Z18,ETF,EUR
iShares Oil & Gas Exploratn & Prod UCITS ETF USD A,IOGP,IE00B6R51Z18,ETF,USD
iShares OMX Stockholm Capped UCITS ETF,OM3X,IE00BD3RYZ16,ETF,SEK
iShares OMX Stockholm Capped UCITS ETF,OMXS,IE00BD3RYZ16,ETF,GBX
iShares Open End Bitcoin ETP,BTCN,XS2940466316,ETF,USD
iShares Open End Bitcoin ETP,IB1T,XS2940466316,ETF,EUR
iShares Open End Bitcoin ETP,IB1T,XS2940466316,ETF,EUR
iShares Pfandbriefe UCITS (DE) ETF,EXHE,DE0002635265,ETF,EUR
iShares Pfandbriefe UCITS (DE) ETF,0ML6,DE0002635265,ETF,EUR
iShares Pfandbriefe UCITS (DE) ETF,EXHE,DE0002635265,ETF,EUR
iShares Pfandbriefe UCITS (DE) ETF,EXHE,DE0002635265,ETF,EUR
Guinness Sustainable Energy UCITS ETF Acc,ECLM,IE00BNC1F287,ETF,EUR
Guinness Sustainable Energy UCITS ETF Acc,ECLM,IE00BNC1F287,ETF,EUR
Guinness Sustainable Energy UCITS ETF Acc,CLMA,IE00BNC1F287,ETF,EUR
Guinness Sustainable Energy UCITS ETF Acc,CLMA,IE00BNC1F287,ETF,EUR
HAN Physical Gold GBP Hedged ETC,RMPH,XS2892961827,ETF,GBX
HAN-GINS Tech Megatrend Equal Weight UCITS ETF Acc,T3KE,IE00BDDRF700,ETF,EUR
HAN-GINS Tech Megatrend Equal Weight UCITS ETF Acc,ITEK,IE00BDDRF700,ETF,USD
HAN-GINS Tech Megatrend Equal Weight UCITS ETF Acc,ITEP,IE00BDDRF700,ETF,GBX
HAN-GINS Tech Megatrend Equal Weight UCITS ETF Acc,ITEK,IE00BDDRF700,ETF,EUR
HAN-GINS Tech Megatrend Equal Weight UCITS ETF Acc,ITEK,IE00BDDRF700,ETF,EUR
HANetf Sprott Physical Uranium ETC,SPUT,XS2937253818,ETF,EUR
HANetf The Royal Mint Responsibly Sourced Physical Gold EUR Hedged ETC,RM3H,XS2892963286,ETF,EUR
Harbor Health Care UCITS ETF Acc,W311,IE00BJQTJ848,ETF,EUR
Harbor Health Care UCITS ETF Acc,WELL,IE00BJQTJ848,ETF,USD
Harbor Health Care UCITS ETF Acc,WELP,IE00BJQTJ848,ETF,GBX
Harbor Health Care UCITS ETF Acc,WELL,IE00BJQTJ848,ETF,EUR
Harbor Health Care UCITS ETF Acc,W311,IE00BJQTJ848,ETF,EUR
Harbor Health Care UCITS ETF Acc,WELL,IE00BJQTJ848,ETF,EUR
HSBC ASIA PACIFIC EX JAPAN SCRND EQ UCITS ETF USD,H4Z2,IE00BKY58G26,ETF,EUR
HSBC ASIA PACIFIC EX JAPAN SCRND EQ UCITS ETF USD,H4Z2,IE00BKY58G26,ETF,EUR
HSBC ASIA PACIFIC EX JAPAN SCRND EQ UCITS ETF USD,HSXD,IE00BKY58G26,ETF,EUR
HSBC Bloomberg Gl ESG Aggrt 1-3Y Bd UCITS ETF USD,HGGA,IE000XGNMWE1,ETF,EUR
HSBC China Government Local Bond UCITS C H EUR ETF,H41U,IE000YUU9UG5,ETF,EUR
Hsbc Em Screened Equity Etf,HSEM,IE00BKY59G90,ETF,EUR
HSBC Euro Liquidity Fund UCITS ETF (Acc),HEUR,IE0004L7EQG2,ETF,EUR
HSBC Euro Liquidity Fund UCITS Acc ETF,HEUR,IE0004L7EQG2,ETF,EUR
HSBC Euro Liquidity Fund UCITS ETF (Acc),HEUR,IE0004L7EQG2,ETF,EUR
HSBC Euro Stoxx 50 UCITS ETF EUR,H4ZA,IE00B4K6B022,ETF,EUR
HSBC Euro Stoxx 50 UCITS ETF EUR,H50E,IE00B4K6B022,ETF,USD
HSBC Euro Stoxx 50 UCITS ETF EUR,H50E,IE00B4K6B022,ETF,EUR
HSBC Euro Stoxx 50 UCITS ETF EUR,50E,IE00B4K6B022,ETF,EUR
HSBC Euro Stoxx 50 UCITS ETF EUR,H50E,IE00B4K6B022,ETF,GBX
HSBC Euro Stoxx 50 UCITS ETF EUR,H50E,IE00B4K6B022,ETF,EUR
HSBC Euro Stoxx 50 UCITS ETF EUR,H418,IE00B4K6B022,ETF,EUR
HSBC Euro Stoxx 50 UCITS ETF EUR Acc,H4ZZ,IE000MWUQBJ0,ETF,EUR
Hsbc Europe Screened Equity Etf,HSEU,IE00BKY55W78,ETF,EUR
HSBC FTSE 100 UCITS ETF GBP,UKX,IE00B42TW061,ETF,EUR
HSBC FTSE 100 UCITS ETF GBP,HUKX,IE00B42TW061,ETF,USD
HSBC FTSE 100 UCITS ETF GBP,HUKX,IE00B42TW061,ETF,GBX
HSBC FTSE 250 UCITS ETF GBP,HMCX,IE00B64PTF05,ETF,GBX
HSBC FTSE EPRA NAREIT Developed UCITS ETF USD,H4ZL,IE00B5L01S80,ETF,EUR
HSBC FTSE EPRA NAREIT Developed UCITS ETF USD,HPRD,IE00B5L01S80,ETF,USD
HSBC FTSE EPRA NAREIT Developed UCITS ETF USD,HPRO,IE00B5L01S80,ETF,GBX
HSBC FTSE EPRA NAREIT Developed UCITS ETF USD,H413,IE00B5L01S80,ETF,EUR
HSBC FTSE EPRA Nareit Developed UCITS ETF USD Acc,H4Z7,IE000G6GSP88,ETF,EUR
HSBC FTSE Epra Nareit Dvlp Cl PA UCITS ETF USD Acc,HPNA,IE00096S6AV7,ETF,EUR
HSBC FTSE Epra Nareit Dvlp Cl PA UCITS ETF USD Acc,HPNA,IE00096S6AV7,ETF,USD
HSBC FTSE Epra Nareit Dvlp Cl PA UCITS ETF USD Acc,HPNS,IE00096S6AV7,ETF,GBP
HSBC FTSE Epra Nareit Dvlp Cl PA UCITS ETF USD Dis,HPES,IE000SPKU8M9,ETF,GBP
HSBC FTSE Epra Nareit Dvlp Cl PA UCITS ETF USD Dis,HPED,IE000SPKU8M9,ETF,USD
iShares MSCI World ESG Enhanced UCITS ETF USD Dist,EMND,IE00BG11HV38,ETF,EUR
iShares MSCI World ESG Screened UCITS ETF USD Dist,SDWD,IE00BFNM3K80,ETF,USD
iShares MSCI World EUR Hedged UCITS ETF (Acc),IBCH,IE00B441G979,ETF,EUR
iShares MSCI World EUR Hedged UCITS ETF (Acc),IWDE,IE00B441G979,ETF,EUR
iShares MSCI World EUR Hedged UCITS ETF (Acc),IWDE,IE00B441G979,ETF,EUR
iShares MSCI World EUR Hedged UCITS ETF (Acc),IBCH,IE00B441G979,ETF,EUR
iShares MSCI World EUR Hedged UCITS ETF (Acc),IWDE,IE00B441G979,ETF,EUR
iShares MSCI World EUR Hedged UCITS ETF (Acc),IWDE,IE00B441G979,ETF,EUR
iShares MSCI World ex-USA UCITS ETF USD Acc,IXUA,IE000R4ZNTN3,ETF,EUR
iShares MSCI World ex-USA UCITS ETF USD Acc,XUSE,IE000R4ZNTN3,ETF,EUR
iShares MSCI World ex-USA UCITS ETF USD Acc,XUSE,IE000R4ZNTN3,ETF,USD
iShares MSCI World Islamic UCITS ETF USD (Dist),IUSD,IE00B27YCN58,ETF,EUR
iShares MSCI World Islamic UCITS ETF USD (Dist),ISDW,IE00B27YCN58,ETF,USD
iShares MSCI World Islamic UCITS ETF USD (Dist),ISWD,IE00B27YCN58,ETF,GBX
iShares MSCI World Islamic UCITS ETF USD (Dist),IUSD,IE00B27YCN58,ETF,EUR
iShares MSCI World Islamic UCITS ETF USD (Dist),ISWD,IE00B27YCN58,ETF,USD
iShares MSCI World Momentum Factor Advanced UCITS USD (Acc) ETF,IWME ,IE000L5NW549,ETF,USD
iShares MSCI World Quality Div Adv UCITS ETF USD A,WQDA,IE00BKPSFC54,ETF,USD
iShares MSCI World QualityDiv UCITS ETF USD Dist,WQDV,IE00BYYHSQ67,ETF,USD
iShares MSCI World QualityDiv UCITS ETF USD Dist,WQDS,IE00BYYHSQ67,ETF,GBX
iShares MSCI World SC ESG Enh CTB UCITS ETF USD A,EWSA,IE000T9EOCL3,ETF,USD
iShares MSCI World SC ESG Enh CTB UCITS ETF USD A,CBUG,IE000T9EOCL3,ETF,EUR
iShares MSCI World Sector & Country Neutral Equal Weight UCITS ETF USD (Acc),WEQW,IE000Z1PCR88,ETF,USD
iShares MSCI World Sector & Country Neutral Equal Weight UCITS ETF USD (Acc),WEQQ,IE000Z1PCR88,ETF,USD
iShares MSCI World Small Cap UCITS ETF USD (Acc),IUSN,IE00BF4RFH31,ETF,EUR
iShares MSCI World Small Cap UCITS ETF USD (Acc),WLDS,IE00BF4RFH31,ETF,GBP
iShares MSCI World Small Cap UCITS ETF USD (Acc),WSML,IE00BF4RFH31,ETF,USD
iShares MSCI World Small Cap UCITS ETF USD (Acc),IUSN,IE00BF4RFH31,ETF,EUR
iShares MSCI World SRI UCITS ETF EUR (Acc),2B7K,IE00BYX2JD69,ETF,EUR
iShares MSCI World SRI UCITS ETF EUR (Acc),SUSW,IE00BYX2JD69,ETF,EUR
iShares MSCI World SRI UCITS ETF EUR (Acc),2B7K,IE00BYX2JD69,ETF,EUR
iShares MSCI World SRI UCITS ETF EUR (Acc),SUSW,IE00BYX2JD69,ETF,EUR
iShares MSCI World SRI UCITS ETF EUR (Acc),SUSW,IE00BYX2JD69,ETF,EUR
iShares MSCI World SRI UCITS ETF EUR (Acc),SUSW,IE00BYX2JD69,ETF,EUR
iShares MSCI World SRI UCITS ETF EUR Hedged (Dist),UEEA,IE00BMZ17W23,ETF,EUR
iShares MSCI World SRI UCITS ETF EUR Hedged (Dist),UEEA,IE00BMZ17W23,ETF,EUR
iShares MSCI World SRI UCITS ETF USD (Dist),2B7J,IE00BDZZTM54,ETF,EUR
iShares MSCI World SRI UCITS ETF USD (Dist),SUWS,IE00BDZZTM54,ETF,USD
iShares MSCI World SRI UCITS ETF USD (Dist),2B7J,IE00BDZZTM54,ETF,EUR
iShares MSCI World SRI UCITS ETF USD Hedged (Dist),SUWU,IE00BMZ17X30,ETF,USD
iShares MSCI World Swap PEA UCITS ETF EUR (Acc),AO00,IE0002XZSHO1,ETF,EUR
iShares MSCI World Swap PEA UCITS ETF EUR (Acc),WPEA,IE0002XZSHO1,ETF,EUR
iShares MSCI World Swap UCITS ETF USD (Acc),B2H0,IE000F9IDGB5,ETF,EUR
iShares MSCI World Swap UCITS ETF USD (Acc),IWDS,IE000F9IDGB5,ETF,USD
iShares MSCI World Swap UCITS ETF USD (Acc),IWDS,IE000F9IDGB5,ETF,EUR
iShares MSCI World UCITS ETF USD (Dist),IQQW,IE00B0M62Q58,ETF,EUR
iShares MSCI World UCITS ETF USD (Dist),IWRD,IE00B0M62Q58,ETF,EUR
iShares MSCI World UCITS ETF USD (Dist),IWRD,IE00B0M62Q58,ETF,EUR
iShares MSCI World UCITS ETF USD (Dist),IDWR,IE00B0M62Q58,ETF,USD
iShares MSCI World UCITS ETF USD (Dist),IWRD,IE00B0M62Q58,ETF,GBX
PIMCO Advantage EM Local Bond UCITS ETF USD Acc,EMLB,IE00B4P11460,ETF,EUR
PIMCO Advantage EM Local Bond UCITS ETF USD Inc,EMLI,IE00BH3X8336,ETF,USD
PIMCO Advantage Euro Low Duration Corporate Bond UCITS - EUR Income ETF,LDCE,IE00BP9F2J32,ETF,EUR
PIMCO Advantage Euro Low Duration Corporate Bond UCITS - EUR Income ETF,LDCE,IE00BP9F2J32,ETF,EUR
PIMCO Advantage Euro Short-Term High Yield Corporate Bond UCITS - EUR Accumulation ETF,EUHA,IE00BD8D5G25,ETF,EUR
PIMCO Advantage Euro Short-Term High Yield Corporate Bond UCITS - EUR Income ETF,EUHI,IE00BD8D5H32,ETF,EUR
PIMCO Advntg US Low Dur Crp Bd UCITS ETF USD Inc,LDCU,IE00BP9F2H18,ETF,USD
PIMCO Covered Bond UCITS ETF EUR Inc,COVR,IE00BF8HV717,ETF,EUR
PIMCO Euro Short Maturity UCITS ETF EUR Acc,PJSR,IE00BVZ6SP04,ETF,EUR
PIMCO Euro Short Maturity UCITS ETF EUR Acc,PJSR,IE00BVZ6SP04,ETF,EUR
PIMCO Euro Short Maturity UCITS ETF EUR Inc,PJS1,IE00B5ZR2157,ETF,EUR
PIMCO Euro Short Maturity UCITS ETF EUR Inc,PJS1,IE00B5ZR2157,ETF,EUR
PIMCO Euro Short Maturity UCITS ETF EUR Inc,PJS1,IE00B5ZR2157,ETF,EUR
PIMCO Euro Short Maturity UCITS ETF EUR Inc,PJS1,IE00B5ZR2157,ETF,EUR
PIMCO Euro Short Maturity UCITS ETF EUR Inc,0MTR,IE00B5ZR2157,ETF,EUR
PIMCO Sterling Short Maturity UCITS ETF GBP Inc,QUID,IE00B622SG73,ETF,GBP
PIMCO US Dollar Short Maturity UCITS ETF USD Inc,MINT,IE00B67B7N93,ETF,EUR
PIMCO US Dollar Short Maturity UCITS ETF USD Inc,MINT,IE00B67B7N93,ETF,USD
PIMCO US Dollar Short Maturity UCITS ETF USD Inc,MINT,IE00B67B7N93,ETF,USD
PIMCO US Sh Trm HY Corp Bond UCITS ETF CHF Hgd Acc,STHC,IE00BWC52G65,ETF,CHF
PIMCO US Sh Trm HY Corp Bond UCITS ETF EUR Hgd Acc,STEA,IE00BD26N851,ETF,EUR
PIMCO US Sh Trm HY Corp Bond UCITS ETF EUR Hgd Inc,STHE,IE00BF8HV600,ETF,EUR
PIMCO US Sh Trm HY Corp Bond UCITS ETF EUR Hgd Inc,STHE,IE00BF8HV600,ETF,EUR
PIMCO US Short Trm HY Corp Bond UCITS ETF USD Acc,STYC,IE00BVZ6SQ11,ETF,USD
PIMCO US Short Trm HY Corp Bond UCITS ETF USD Inc,PJSC,IE00B7N3YW49,ETF,EUR
PIMCO US Short Trm HY Corp Bond UCITS ETF USD Inc,STHY,IE00B7N3YW49,ETF,USD
PIMCO US Short Trm HY Corp Bond UCITS ETF USD Inc,SSHY,IE00B7N3YW49,ETF,GBP
PIMCO US Short Trm HY Corp Bond UCITS ETF USD Inc,STHY,IE00B7N3YW49,ETF,USD
PIMCO US Short Trm HY Corp Bond UCITS ETF USD Inc,STHY,IE00B7N3YW49,ETF,EUR
Rex Crypto Equity Income & Growth UCITS ETF USD D,ASWM,IE0008BA4TY1,ETF,EUR
Rex Crypto Equity Income & Growth UCITS ETF USD D,CEGI,IE0008BA4TY1,ETF,EUR
Rex Tech Innovation Inc & Growth UCITS ETF USD Dis,ASWL,IE000OBK3UE0,ETF,EUR
Rex Tech Innovation Inc & Growth UCITS ETF USD Dis,ASWL,IE000OBK3UE0,ETF,EUR
Rex Tech Innovation Premium Income UCITS ETF USD D,ASWK,IE000HF69TA9,ETF,EUR
Rex Tech Innovation Premium Income UCITS ETF USD D,ASWK,IE000HF69TA9,ETF,EUR
Robeco 3D European Equity UCITS ETF EUR Acc,3D3D,IE0007WLHX89,ETF,EUR
Robeco 3D European Equity UCITS ETF EUR Acc,3D3D,IE0007WLHX89,ETF,EUR
Robeco 3D Global Equity UCITS ETF USD Acc,3DGL,IE000Q8N7WY1,ETF,EUR
Robeco 3D Global Equity UCITS ETF USD Acc,3DGL,IE000Q8N7WY1,ETF,EUR
Robeco 3D Global Equity UCITS ETF USD Acc,3DGL,IE000Q8N7WY1,ETF,EUR
Robeco 3D US Equity UCITS ETF USD Acc,3DUS,IE000XERHYF0,ETF,EUR
Robeco 3D US Equity UCITS ETF USD Acc,3DUS,IE000XERHYF0,ETF,EUR
Robeco Dynamic Theme Machine UCITS ETF USD Acc,RDYN,IE000VG2WCW5,ETF,EUR
Robeco Dynamic Theme Machine UCITS ETF USD Acc,RDYN,IE000VG2WCW5,ETF,EUR
Saturna Al Kawthar Gl Focused Equity UCITS ETF Acc,ASWE,IE00BMYMHS24,ETF,EUR
Saturna Al Kawthar Gl Focused Equity UCITS ETF Acc,AMAL,IE00BMYMHS24,ETF,USD
Saturna Al Kawthar Gl Focused Equity UCITS ETF Acc,AMAP,IE00BMYMHS24,ETF,GBX
Scalable MSCI AC World Xtrackers UCITS ETF,SCWX,LU2903252349,ETF,EUR
SparkChange Physical Carbon EUA ETC,CO2,XS2353177293,ETF,EUR
SparkChange Physical Carbon EUA ETC,CO2P,XS2353177293,ETF,GBX
iShares MSCI USA Quality Dividend Advanced UCITS ETF,QDVD,IE00BKM4H312,ETF,EUR
iShares MSCI USA Quality Fctor Adv UCITS ETF USD A,IWQE,IE000U1MQKJ2,ETF,USD
iShares MSCI USA Screened UCITS ETF,AYEE,IE000G2LIHG9,ETF,EUR
iShares MSCI USA Screened UCITS ETF (ACC),SGAS,IE00BFNM3G45,ETF,EUR
iShares MSCI USA Screened UCITS ETF (ACC),SGAS,IE00BFNM3G45,ETF,EUR
iShares MSCI USA Screened UCITS ETF (ACC),SASU,IE00BFNM3G45,ETF,USD
iShares MSCI USA Screened UCITS ETF (dist),SLUS,IE00BFNM3H51,ETF,EUR
iShares MSCI USA Screened UCITS ETF (dist),SLMI,IE00BFNM3H51,ETF,EUR
iShares MSCI USA Screened UCITS ETF (dist),SDUS,IE00BFNM3H51,ETF,USD
iShares MSCI USA Small Cap CTB Enhanced ESG UCITS ETF,SXRG,IE00B3VWM098,ETF,EUR
iShares MSCI USA Small Cap CTB Enhanced ESG UCITS ETF,SXRG,IE00B3VWM098,ETF,EUR
iShares MSCI USA Small Cap CTB Enhanced ESG UCITS ETF,CSUSS,IE00B3VWM098,ETF,EUR
iShares MSCI USA Small Cap CTB Enhanced ESG UCITS ETF,CUS1,IE00B3VWM098,ETF,GBX
iShares MSCI USA Small Cap CTB Enhanced ESG UCITS ETF,CUSS,IE00B3VWM098,ETF,USD
iShares MSCI USA SRI UCITS ETF USD (Acc),QDVR,IE00BYVJRR92,ETF,EUR
iShares MSCI USA SRI UCITS ETF USD (Acc),SUAS,IE00BYVJRR92,ETF,USD
iShares MSCI USA SRI UCITS ETF USD (Acc),SUUS,IE00BYVJRR92,ETF,GBX
iShares MSCI USA SRI UCITS ETF USD (Acc),QDVR,IE00BYVJRR92,ETF,EUR
iShares MSCI USA SRI UCITS ETF USD (Acc),SUAS,IE00BYVJRR92,ETF,USD
iShares MSCI USA SRI UCITS ETF USD (Dist),36B6,IE00BZ173T46,ETF,EUR
iShares MSCI USA SRI UCITS ETF USD (Dist),SRIL,IE00BZ173T46,ETF,USD
iShares MSCI USA Swap UCITS ETF USD (Acc),MUSA,IE0002W8NB38,ETF,EUR
iShares MSCI USA UCITS ETF USD (Acc),SXR4,IE00B52SFT06,ETF,EUR
iShares MSCI USA UCITS ETF USD (Acc),SXR4,IE00B52SFT06,ETF,EUR
iShares MSCI USA UCITS ETF USD (Acc),CSUS,IE00B52SFT06,ETF,EUR
iShares MSCI USA UCITS ETF USD (Acc),CSUS,IE00B52SFT06,ETF,USD
iShares MSCI USA UCITS ETF USD (Acc),CU1,IE00B52SFT06,ETF,GBX
iShares MSCI USA UCITS ETF USD (Acc),CSUS,IE00B52SFT06,ETF,EUR
iShares MSCI USA Value Factor Adv UCITS ETF USD A,IUVE,IE000OKVTDF7,ETF,USD
iShares MSCI Wld Cons Dscrt Sec Adv UCITS ETF USDD,WCDS,IE00BJ5JP212,ETF,USD
iShares MSCI Wld Cons Dscrt Sec Adv UCITS ETF USDD,36BB,IE00BJ5JP212,ETF,EUR
iShares MSCI Wld Cons Stpls Sec Adv UCITS ETF USDD,3SUE,IE00BJ5JP329,ETF,EUR
iShares MSCI Wld Cons Stpls Sec Adv UCITS ETF USDD,WCSS,IE00BJ5JP329,ETF,USD
iShares MSCI Wld Cons Stpls Sec Adv UCITS ETF USDD,3SUE,IE00BJ5JP329,ETF,EUR
iShares MSCI Wld Financial Sec Adv UCITS ETF USD D,WFNS,IE00BJ5JP097,ETF,USD
iShares MSCI Wld Hlth Care Sec Adv UCITS ETF USD A,CBUR,IE0009QS7W62,ETF,EUR
iShares MSCI Wld Hlth Care Sec Adv UCITS ETF USD D,CBUF,IE00BJ5JNZ06,ETF,EUR
iShares MSCI Wld Hlth Care Sec Adv UCITS ETF USD D,WHCS,IE00BJ5JNZ06,ETF,USD
iShares MSCI Wld Hlth Care Sec Adv UCITS ETF USD D,CBUF,IE00BJ5JNZ06,ETF,EUR
iShares MSCI Wld IT Sector Advanced UCITS ETF USDD,AYEW,IE00BJ5JNY98,ETF,EUR
iShares MSCI Wld IT Sector Advanced UCITS ETF USDD,WITS,IE00BJ5JNY98,ETF,USD
iShares MSCI Wld IT Sector Advanced UCITS ETF USDD,AYEW,IE00BJ5JNY98,ETF,EUR
iShares MSCI Wld IT Sector Advanced UCITS ETF USDD,WITS,IE00BJ5JNY98,ETF,USD
iShares MSCI World Energy Sector UCITS ETF USD D,5MVW,IE00BJ5JP105,ETF,EUR
iShares MSCI World Energy Sector UCITS ETF USD D,WENS,IE00BJ5JP105,ETF,USD
iShares MSCI World Energy Sector UCITS ETF USD D,5MVW,IE00BJ5JP105,ETF,EUR
iShares MSCI World ESG Enhanced CTB UCITS USD (Acc) ETF,EDMW,IE00BHZPJ569,ETF,EUR
iShares MSCI World ESG Enhanced CTB UCITS USD (Acc) ETF,EDMW,IE00BHZPJ569,ETF,EUR
iShares MSCI World ESG Enhanced CTB UCITS USD (Acc) ETF,EDMW,IE00BHZPJ569,ETF,USD
iShares MSCI World ESG Enhanced UCITS ETF USD Dist,EEWD,IE00BG11HV38,ETF,USD
SparkChange Physical Carbon EUA ETC,CO2,XS2353177293,ETF,EUR
SPDR MSCI Europe Climate Paris Aligned UCITS ETF,SPF5,IE00BYTH5487,ETF,EUR
SPDR S&P Emerging Markets Dividend Aristocrats UCITS ETF (Dist),EMDV,IE00B6YX5B26,ETF,EUR
SPDR S&P Emerging Markets Dividend Aristocrats UCITS ETF (Dist),EMDV,IE00B6YX5B26,ETF,GBP
SPDR S&P Emerging Markets Dividend Aristocrats UCITS ETF (Dist),EDVD,IE00B6YX5B26,ETF,USD
Sprott Junior Uranium Miners UCITS ETF,U8NJ,IE00075IVKF9,ETF,EUR
Sprott Junior Uranium Miners UCITS ETF,URJP,IE00075IVKF9,ETF,GBX
Sprott Junior Uranium Miners UCITS ETF,URNJ,IE00075IVKF9,ETF,USD
Sprott Junior Uranium Miners UCITS ETF,URNJ,IE00075IVKF9,ETF,EUR
Sprott Physical Uranium ETC,SPUT,XS2937253818,ETF,EUR
Sprott Pure Play Copper Miners UCITS ETF Acc,ASWD,IE000IQQEL77,ETF,EUR
Sprott Pure Play Copper Miners UCITS ETF Acc,ASWD,IE000IQQEL77,ETF,EUR
Sprott Pure Play Copper Miners UCITS ETF Acc,COPP,IE000IQQEL77,ETF,GBX
Sprott Pure Play Copper Miners UCITS ETF Acc,CPPR,IE000IQQEL77,ETF,USD
Sprott Pure Play Copper Miners UCITS ETF Acc,COPR,IE000IQQEL77,ETF,EUR
Sprott Uranium Miners UCITS ETF,U3O8,IE0005YK6564,ETF,EUR
Sprott Uranium Miners UCITS ETF,U3O8,IE0005YK6564,ETF,EUR
Sprott Uranium Miners UCITS ETF,URNP,IE0005YK6564,ETF,GBX
State Street SPDR Bloomberg 0-3 Year Euro Corporate Bond UCITS ETF,SEUA,IE000IUNJSL2,ETF,EUR
State Street SPDR Bloomberg 0-3 Year Euro Corporate Bond UCITS ETF,SEUA,IE000IUNJSL2,ETF,EUR
State Street SPDR Bloomberg 0-3 Year Euro Corporate Scored UCITS ETF,SESR,IE00B6YX5H87,ETF,EUR
State Street SPDR Bloomberg 0-3 Year U.S. Corporate Bond UCITS ETF,SYBF,IE00BC7GZX26,ETF,EUR
State Street SPDR Bloomberg 0-3 Year U.S. Corporate Bond UCITS ETF,SUSC,IE00BC7GZX26,ETF,USD
State Street SPDR Bloomberg 0-3 Year U.S. Corporate Bond UCITS ETF,SUSD,IE00BC7GZX26,ETF,GBP
State Street SPDR Bloomberg 0-3 Year U.S. Corporate Bond UCITS ETF,SUSC,IE00BC7GZX26,ETF,EUR
State Street SPDR Bloomberg 0-3 Year U.S. Corporate Bond UCITS ETF,SUSC,IE00BC7GZX26,ETF,CHF
State Street SPDR Bloomberg 1-3 Month T-Bill UCITS ETF,ZPR1,IE00BJXRT698,ETF,USD
State Street SPDR Bloomberg 1-3 Year Euro Government Bond UCITS ETF,SYB3,IE00B6YX5F63,ETF,EUR
State Street SPDR Bloomberg 1-3 Year Euro Government Bond UCITS ETF,SYB3,IE00B6YX5F63,ETF,EUR
State Street SPDR Bloomberg 1-3 Year Euro Government Bond UCITS ETF,GOVS,IE00B6YX5F63,ETF,EUR
State Street SPDR Bloomberg 1-3 Year Euro Government Bond UCITS ETF,GOVS,IE00B6YX5F63,ETF,EUR
State Street SPDR Bloomberg 1-3 Year Euro Government Bond UCITS ETF,EU13,IE00B6YX5F63,ETF,EUR
State Street SPDR Bloomberg 1-3 Year Euro Government Bond UCITS ETF,SYB3,IE00B6YX5F63,ETF,CHF
State Street SPDR Bloomberg 1-5 Year Gilt UCITS ETF,SYB5,IE00B6YX5K17,ETF,EUR
State Street SPDR Bloomberg 1-5 Year Gilt UCITS ETF,GLTS,IE00B6YX5K17,ETF,GBP
State Street SPDR Bloomberg 10+ Year Euro Government Bond UCITS ETF,SYBV,IE00BYSZ6062,ETF,EUR
State Street SPDR Bloomberg 10+ Year Euro Government Bond UCITS ETF,LGOV,IE00BYSZ6062,ETF,EUR
State Street SPDR Bloomberg 10+ Year U.S. Corporate Bond UCITS ETF,SYBN,IE00BZ0G8860,ETF,EUR
State Street SPDR Bloomberg 10+ Year U.S. Corporate Bond UCITS ETF,SYBN,IE00BZ0G8860,ETF,EUR
State Street SPDR Bloomberg 10+ Year U.S. Corporate Bond UCITS ETF,LCRP,IE00BZ0G8860,ETF,GBP
State Street SPDR Bloomberg 10+ Year U.S. Corporate Bond UCITS ETF,LUSC,IE00BZ0G8860,ETF,USD
State Street SPDR Bloomberg 10+ Year U.S. Corporate Bond UCITS ETF,LUSC,IE00BZ0G8860,ETF,EUR
State Street SPDR Bloomberg 15+ Year Gilt UCITS ETF,SYBL,IE00B6YX5L24,ETF,EUR
State Street SPDR Bloomberg 15+ Year Gilt UCITS ETF,GLTL,IE00B6YX5L24,ETF,GBP
State Street SPDR Bloomberg Emerging Markets Local Bond UCITS ETF,SPFA,IE00BFWFPY67,ETF,EUR
State Street SPDR Bloomberg Euro Aggregate Bond UCITS ETF,SYBA,IE00B41RYL63,ETF,EUR
State Street SPDR Bloomberg Euro Aggregate Bond UCITS ETF,SYBA,IE00B41RYL63,ETF,EUR
State Street SPDR Bloomberg Euro Aggregate Bond UCITS ETF,EAGG,IE00B41RYL63,ETF,EUR
State Street SPDR Bloomberg Euro Aggregate Bond UCITS ETF,EAGG,IE00B41RYL63,ETF,CHF
State Street SPDR Bloomberg Euro Corporate Bond UCITS ETF,SYBC,IE00B3T9LM79,ETF,EUR
HSBC FTSE Epra Nareit Dvlp Islmc UCITS ETF USD Acc,HIND,IE000U679IT9,ETF,USD
HSBC Global Aggregate Bond UCITS ETF ETFCHEUR,HGAE,IE0006CHRED6,ETF,EUR
HSBC Global Sukuk UCITS ETF C Acc,VH10,IE000E8WZD37,ETF,EUR
HSBC Global Sukuk UCITS ETF ETFC,HBKS,IE000E8WZD37,ETF,GBP
HSBC Global Sukuk UCITS ETF ETFC,HBKU,IE000E8WZD37,ETF,USD
HSBC Hang Seng Tech UCITS ETF HKD,H4ZX,IE00BMWXKN31,ETF,EUR
HSBC Hang Seng Tech UCITS ETF HKD,H4ZX,IE00BMWXKN31,ETF,EUR
HSBC Hang Seng Tech UCITS ETF HKD,HSTE,IE00BMWXKN31,ETF,EUR
HSBC JAPAN SCREENED EQUITY UCITS ETF USD,XU8Z,IE00BKY55S33,ETF,EUR
HSBC JAPAN SCREENED EQUITY UCITS ETF USD,HSJD,IE00BKY55S33,ETF,USD
HSBC JAPAN SCREENED EQUITY UCITS ETF USD,XU8Z,IE00BKY55S33,ETF,EUR
HSBC MSCI AC Far East ex Japan UCITS ETF USD,H411,IE00BBQ2W338,ETF,EUR
HSBC MSCI AC Far East ex Japan UCITS ETF USD,HMAD,IE00BBQ2W338,ETF,USD
HSBC MSCI AC Far East ex Japan UCITS ETF USD,HMAF,IE00BBQ2W338,ETF,GBP
HSBC MSCI AC Far East ex Japan UCITS ETF USD,HMAF,IE00BBQ2W338,ETF,USD
HSBC MSCI AC Far East ex Japan UCITS ETF USD,H412,IE00BBQ2W338,ETF,EUR
HSBC MSCI Canada UCITS ETF USD,HCAN,IE00B51B7Z02,ETF,GBX
HSBC MSCI Canada UCITS ETF USD,HCAN,IE00B51B7Z02,ETF,EUR
HSBC MSCI Canada UCITS ETF USD,HCAN,IE00B51B7Z02,ETF,USD
HSBC MSCI Canada UCITS ETF USD,HCAN,IE00B51B7Z02,ETF,CAD
HSBC MSCI Canada UCITS ETF USD,HCAD,IE00B51B7Z02,ETF,USD
HSBC MSCI China A UCITS ETF USD,H41K,IE00BF4NQ904,ETF,EUR
HSBC MSCI China A UCITS ETF USD,H41L,IE00BF4NQ904,ETF,EUR
HSBC MSCI China UCITS ETF USD,H4ZP,IE00B44T3H88,ETF,EUR
HSBC MSCI China UCITS ETF USD,CNY,IE00B44T3H88,ETF,EUR
HSBC MSCI China UCITS ETF USD,H4ZY,IE00B44T3H88,ETF,EUR
HSBC MSCI China UCITS ETF USD,HMCD,IE00B44T3H88,ETF,USD
HSBC MSCI China UCITS ETF USD,HMCH,IE00B44T3H88,ETF,GBX
HSBC MSCI China UCITS ETF USD,HMCH,IE00B44T3H88,ETF,USD
HSBC MSCI EM Islamic Scrnd Cppd UCITS ETF USD Acc,HIES,IE0009BC6K22,ETF,EUR
HSBC MSCI Emerging Markets UCITS ETF USD,H410,IE00B5SSQT16,ETF,EUR
HSBC MSCI Emerging Markets UCITS ETF USD,HMEF,IE00B5SSQT16,ETF,USD
HSBC MSCI Emerging Markets UCITS ETF USD,HMEM,IE00B5SSQT16,ETF,EUR
HSBC MSCI Emerging Markets UCITS ETF USD,H414,IE00B5SSQT16,ETF,EUR
HSBC MSCI Emerging Markets UCITS ETF USD,HMEF,IE00B5SSQT16,ETF,GBX
HSBC MSCI Emerging Markets UCITS ETF USD,HMEM,IE00B5SSQT16,ETF,USD
HSBC MSCI Emerging Markets UCITS ETF USD Acc,H4Z3,IE000KCS7J59,ETF,EUR
HSBC MSCI Emerging Markets UCITS ETF USD Acc,HEMA,IE000KCS7J59,ETF,USD
HSBC MSCI Emerging Markets UCITS ETF USD Acc,HEMA,IE000KCS7J59,ETF,EUR
HSBC MSCI Emerging Markets Value Screened UCITS USD Acc ETF,H41E,IE000NVVIF88,ETF,EUR
HSBC MSCI Europe Islamic Scrnd UCITS ETF EUR Acc,H41L,IE000AGFZM58,ETF,EUR
HSBC MSCI Europe Islamic Scrnd UCITS ETF EUR Acc,HIEU,IE000AGFZM58,ETF,USD
HSBC MSCI Europe Islamic Scrnd UCITS ETF EUR Acc,HIPS,IE000AGFZM58,ETF,EUR
HSBC MSCI EUROPE UCITS ETF,H4ZE,IE00B5BD5K76,ETF,EUR
HSBC MSCI EUROPE UCITS ETF,H41C,IE00B5BD5K76,ETF,EUR
HSBC MSCI Europe UCITS ETF,HEU,IE00B5BD5K76,ETF,EUR
HSBC MSCI Europe UCITS ETF,HMEU,IE00B5BD5K76,ETF,GBX
HSBC MSCI Europe UCITS ETF,HMEU,IE00B5BD5K76,ETF,USD
HSBC MSCI Europe UCITS ETF,HMEU,IE00B5BD5K76,ETF,EUR
HSBC MSCI Europe UCITS ETF EUR Acc,HMES,IE000ZQOIPB1,ETF,EUR
iShares Physical Gold ETC,PPFB,IE00B4ND3602,ETF,EUR
iShares Physical Gold ETC,EGLN,IE00B4ND3602,ETF,EUR
Ishares Physical Gold ETC,IGLN,IE00B4ND3602,ETF,USD
iShares Physical Gold ETC,PPFB,IE00B4ND3602,ETF,EUR
iShares Physical Gold EUR Hedged ETC,IGLD,IE0009JOT9U1,ETF,EUR
iShares Physical Gold EUR Hedged ETC,IGLD,IE0009JOT9U1,ETF,EUR
IShares Physical Silver ETC,PPFD,IE00B4NCWG09,ETF,EUR
IShares Physical Silver ETC,ISLN,IE00B4NCWG09,ETF,USD
iShares Refinitiv Inclusion & Diversity USD,OPEN,IE00BD0B9B76,ETF,EUR
iShares Russell 1000 Growth UCITS ETF USD (Acc),BL20,IE000NITTFF2,ETF,EUR
iShares Russell 1000 Growth UCITS ETF USD (Acc),R1GR,IE000NITTFF2,ETF,USD
iShares Russell 1000 Value UCITS ETF USD (Acc),R1VL,IE0002EKOXU6,ETF,USD
iShares Russell 2000 Swap UCITS ETF EUR H A,RU2E,IE000OYABFQ2,ETF,EUR
iShares Russell 2000 Swap UCITS ETF USD Acc,RU2K,IE0007O06KL9,ETF,USD
iShares S&P 500 3% CAPPED UCITS ETF USD Dis,SPC3,IE000AY6KP29,ETF,USD
iShares S&P 500 3% Capped UCITS USD (Acc) ETF,SP3C,IE000YIXESS9,ETF,EUR
iShares S&P 500 3% Capped UCITS USD (Acc) ETF,SP3C,IE000YIXESS9,ETF,USD
iShares S&P 500 Cnsmr Dscrtnr Sctr UCITS ETF USD A,QDVK,IE00B4MCHD36,ETF,EUR
iShares S&P 500 Cnsmr Dscrtnr Sctr UCITS ETF USD A,QDVK,IE00B4MCHD36,ETF,EUR
iShares S&P 500 Communication Sctr UCITS ETF USD A,IU5C,IE00BDDRF478,ETF,EUR
iShares S&P 500 Communication Sctr UCITS ETF USD A,IUCM,IE00BDDRF478,ETF,USD
iShares S&P 500 Communication Sctr UCITS ETF USD A,IU5C,IE00BDDRF478,ETF,EUR
iShares S&P 500 Consumer Staples Sector UCITS ETF,2B7D,IE00B40B8R38,ETF,EUR
iShares S&P 500 Consumer Staples Sector UCITS ETF,2B7D,IE00B40B8R38,ETF,EUR
iShares S&P 500 Energy Sector UCITS ETF USD (Acc),QDVF,IE00B42NKQ00,ETF,EUR
iShares S&P 500 Energy Sector UCITS ETF USD (Acc),QDVF,IE00B42NKQ00,ETF,EUR
iShares S&P 500 Energy Sector UCITS ETF USD (Acc),IUES,IE00B42NKQ00,ETF,USD
iShares S&P 500 Equal Weight UCITS ETF USD A,O4J0,IE000MLMNYS0,ETF,EUR
iShares S&P 500 Equal Weight UCITS ETF USD A,EWSP,IE000MLMNYS0,ETF,USD
iShares S&P 500 EUR Hedged UCITS ETF (Acc),IBCF,IE00B3ZW0K18,ETF,EUR
iShares S&P 500 EUR Hedged UCITS ETF (Acc),IUES,IE00B3ZW0K18,ETF,EUR
iShares S&P 500 EUR Hedged UCITS ETF (Acc),IBCF,IE00B3ZW0K18,ETF,EUR
iShares S&P 500 EUR Hedged UCITS ETF (Acc),IUSE,IE00B3ZW0K18,ETF,EUR
iShares S&P 500 EUR Hedged UCITS ETF (Acc),IUSE,IE00B3ZW0K18,ETF,EUR
iShares S&P 500 EUR Hedged UCITS ETF (Acc),IUSE,IE00B3ZW0K18,ETF,EUR
iShares S&P 500 Financials Sector UCITS ETF USD A,QDVH,IE00B4JNQZ49,ETF,EUR
iShares S&P 500 Financials Sector UCITS ETF USD A,IUFS,IE00B4JNQZ49,ETF,USD
iShares S&P 500 Financials Sector UCITS ETF USD A,UIFS,IE00B4JNQZ49,ETF,GBX
iShares S&P 500 Financials Sector UCITS ETF USD A,QDVH,IE00B4JNQZ49,ETF,EUR
iShares S&P 500 Health Care Sctr UCITS ETF EUR H D,IUHE,IE00BMBKBZ46,ETF,EUR
iShares S&P 500 Health Care Sctr UCITS ETF USD A,QDVG,IE00B43HR379,ETF,EUR
iShares S&P 500 Health Care Sctr UCITS ETF USD A,IUHC,IE00B43HR379,ETF,USD
iShares S&P 500 Health Care Sctr UCITS ETF USD A,QDVG,IE00B43HR379,ETF,EUR
iShares S&P 500 Health Care Sctr UCITS ETF USD A,IHCU,IE00B43HR379,ETF,GBX
iShares S&P 500 Industrials Sector UCITS ETF,2B7C,IE00B4LN9N13,ETF,EUR
iShares S&P 500 Industrials Sector UCITS ETF,IISU,IE00B4LN9N13,ETF,GBX
iShares S&P 500 Industrials Sector UCITS ETF,IUIS,IE00B4LN9N13,ETF,USD
iShares S&P 500 Info Technolg Sctr UCITS ETF USD A,IUIT,IE00B3WJKG14,ETF,USD
iShares S&P 500 Info Technolg Sctr UCITS ETF USD A,QDVE,IE00B3WJKG14,ETF,EUR
iShares S&P 500 Info Technolg Sctr UCITS ETF USD A,IUIT,IE00B3WJKG14,ETF,USD
Xtrackers Nifty 50 Swap UCITS 1C ETF,DBX7,LU0292109690,ETF,EUR
Xtrackers Nifty 50 Swap UCITS 1C ETF,XNID,LU0292109690,ETF,USD
Xtrackers Nifty 50 Swap UCITS 1C ETF,XNIF,LU0292109690,ETF,GBX
Xtrackers Nikkei 225 UCITS ETF 1C,XNKY,LU2196470426,ETF,EUR
Xtrackers Nikkei 225 UCITS ETF 1C,XNKY,LU2196470426,ETF,EUR
Xtrackers Nikkei 225 UCITS ETF 1D,XDJP,LU0839027447,ETF,EUR
Xtrackers Nikkei 225 UCITS ETF 1D,XDJP,LU0839027447,ETF,EUR
Xtrackers Nikkei 225 UCITS ETF 1D,XDJP,LU0839027447,ETF,EUR
Xtrackers Nikkei 225 UCITS ETF 1D,XDJP,LU0839027447,ETF,GBX
Xtrackers Nikkei 225 UCITS ETF 1D,XNJP,LU0839027447,ETF,JPY
Xtrackers Nikkei 225 UCITS ETF 2D EUR Hedged,XDJE,LU1875395870,ETF,EUR
Xtrackers Nikkei 225 UCITS ETF 2D EUR Hedged,XDJE,LU1875395870,ETF,EUR
Xtrackers Nordic Net Zero Pathway Paris Aligned UCITS ETF,XNZN,IE000HT7E0B1,ETF,EUR
Xtrackers Physical Gold (EUR) ETC,XAD5,DE000A1E0HR8,ETF,EUR
Xtrackers Physical Gold (EUR) ETC,XAD5,DE000A1E0HR8,ETF,EUR
Xtrackers Physical Gold (EUR) ETC,XAD5,DE000A1E0HR8,ETF,EUR
Xtrackers Physical Gold Etc,XGLD,GB00B5840F36,ETF,USD
Xtrackers Physical Gold Euro Hedged ETC,XAD1,DE000A1EK0G3,ETF,EUR
Xtrackers Physical Gold Euro Hedged ETC,XAD1,DE000A1EK0G3,ETF,EUR
Xtrackers Physical Gold Euro Hedged ETC,XAD1,DE000A1EK0G3,ETF,EUR
Xtrackers Physical Gold Gbp Hedged Etc,XGLS,GB00B68FL050,ETF,GBX
Xtrackers Physical Platinum Euro Hedged ETC,XAD3,DE000A1EK0H1,ETF,EUR
Xtrackers Physical Platinum Euro Hedged ETC,XAD3,DE000A1EK0H1,ETF,EUR
Xtrackers Physical Silver (EUR) ETC,XAD6,DE000A1E0HS6,ETF,EUR
Xtrackers Physical Silver (EUR) ETC,XAD6,DE000A1E0HS6,ETF,EUR
Xtrackers Physical Silver (EUR) ETC,XAD6,DE000A1E0HS6,ETF,EUR
Xtrackers Physical Silver Euro Hedged ETC,XAD2,DE000A1EK0J7,ETF,EUR
Xtrackers Physical Silver Euro Hedged ETC,XAD2,DE000A1EK0J7,ETF,EUR
Xtrackers Russell 2000 UCITS 1C ETF,XRS2,IE00BJZ2DD79,ETF,EUR
Xtrackers Russell 2000 UCITS 1C ETF,XRSG,IE00BJZ2DD79,ETF,GBX
Xtrackers Russell 2000 UCITS 1C ETF,XRSU,IE00BJZ2DD79,ETF,USD
Xtrackers Russell 2000 UCITS 1C ETF,XRS2,IE00BJZ2DD79,ETF,EUR
Xtrackers Russell 2000 UCITS 1C ETF,XRS2,IE00BJZ2DD79,ETF,EUR
Xtrackers Russell 2000 UCITS 1C ETF,XRS2,IE00BJZ2DD79,ETF,CHF
Xtrackers S&P 500 2x Inverse Daily Swap UCITS 1C ETF,DBPK,LU0411078636,ETF,EUR
Xtrackers S&P 500 2x Inverse Daily Swap UCITS 1C ETF,DBPK,LU0411078636,ETF,EUR
Xtrackers S&P 500 2x Inverse Daily Swap UCITS 1C ETF,XT2D,LU0411078636,ETF,USD
Xtrackers S&P 500 2x Inverse Daily Swap UCITS 1C ETF,XT21,LU0411078636,ETF,EUR
Xtrackers S&P 500 2x Leveraged Daily Swap UCITS 1C ETF,DBPG,LU0411078552,ETF,EUR
Xtrackers S&P 500 2x Leveraged Daily Swap UCITS 1C ETF,XS2D,LU0411078552,ETF,USD
Xtrackers S&P 500 2x Leveraged Daily Swap UCITS 1C ETF,XS2L,LU0411078552,ETF,EUR
Xtrackers S&P 500 2x Leveraged Daily Swap UCITS 1C ETF,DBPG,LU0411078552,ETF,EUR
Xtrackers S&P 500 Equal Weight Score & Screened UCITS ETF,XZEW,IE0004MFRED4,ETF,EUR
Xtrackers S&P 500 Equal Weight Score & Screened UCITS ETF,XZEW,IE0004MFRED4,ETF,CHF
Xtrackers S&P 500 Equal Weight UCITS 1C ETF,XDEW,IE00BLNMYC90,ETF,EUR
Xtrackers S&P 500 Equal Weight UCITS 1C ETF,XDEW,IE00BLNMYC90,ETF,CHF
Xtrackers S&P 500 Equal Weight UCITS 1C ETF,XDEW,IE00BLNMYC90,ETF,USD
Xtrackers S&P 500 Equal Weight UCITS 1C ETF,XDWE,IE00BLNMYC90,ETF,GBX
Xtrackers S&P 500 Equal Weight UCITS 1C ETF,XDEW,IE00BLNMYC90,ETF,EUR
Xtrackers S&P 500 Equal Weight UCITS 2C - EUR Hedged ETF,XDEE,IE0002EI5AG0,ETF,EUR
Amundi MSCI Greece UCITS ETF Dist,LYMH,FR0010405431,ETF,EUR
Amundi MSCI Greece UCITS ETF Dist,GRC,FR0010405431,ETF,EUR
Amundi MSCI Greece UCITS ETF Dist,0MRH,FR0010405431,ETF,EUR
Amundi MSCI India Swap II UCITS ETF EUR Acc,CI2,LU1681043086,ETF,EUR
Amundi MSCI India Swap UCITS ETF EUR Acc,LYMD,FR0010361683,ETF,EUR
Amundi MSCI India Swap UCITS ETF EUR Acc,LYINC,FR0010361683,ETF,CHF
Amundi MSCI India Swap UCITS ETF EUR Acc,INR,FR0010361683,ETF,EUR
Amundi MSCI India Swap UCITS ETF EUR Acc,LYMD,FR0010361683,ETF,EUR
Amundi MSCI India Swap UCITS ETF EUR Acc,INDI,FR0010361683,ETF,EUR
Amundi MSCI India Swap UCITS ETF EUR Acc,0MRA,FR0010361683,ETF,EUR
Amundi MSCI India Swap UCITS ETF USD Acc,LYINR,FR0010375766,ETF,USD
Amundi MSCI India Swap UCITS ETF USD Acc,INRL,FR0010375766,ETF,GBX
Amundi MSCI India Swap UCITS ETF USD Acc,INRU,FR0010375766,ETF,USD
Amundi MSCI Indonesia UCITS ETF Acc,LYXI,LU1900065811,ETF,EUR
Amundi MSCI Indonesia UCITS ETF Acc,INDO ,LU1900065811,ETF,EUR
Amundi MSCI Indonesia UCITS ETF Acc,INDO,LU1900065811,ETF,EUR
Amundi MSCI Japan SRI Climate Paris Aligned UCITS DR (C) ETF,JPX4,LU2233156749,ETF,EUR
Amundi MSCI Japan SRI Climate Paris Aligned UCITS DR (C) ETF,JPXY,LU2233156749,ETF,JPY
Amundi MSCI Japan SRI Climate Paris Aligned UCITS DR - Hedged EUR (C) ETF,JPXH,LU2269164310,ETF,EUR
Amundi MSCI Jpn ESG Brd Transition UCITS ETF EURA,J1GR,LU1602144732,ETF,EUR
Amundi MSCI Jpn ESG Brd Transition UCITS ETF EURA,CJ1 ,LU1602144732,ETF,EUR
Amundi MSCI Jpn ESG Brd Transition UCITS ETF EURA,J1GR,LU1602144732,ETF,EUR
Amundi MSCI Jpn SRI ClParAlgnd UCITS ETF DR HUSD A,JPXU,LU1646359882,ETF,USD
Amundi MSCI Korea UCITS ETF Acc,LKOR,LU1900066975,ETF,EUR
Amundi MSCI Korea UCITS ETF Acc,LKOR,LU1900066975,ETF,EUR
Amundi MSCI Millennials UCITS ETF Acc,GENY,LU2023678449,ETF,EUR
Amundi MSCI Millennials UCITS ETF Acc,MILL,LU2023678449,ETF,EUR
Amundi MSCI Millennials UCITS ETF Acc,GENY,LU2023678449,ETF,EUR
Amundi MSCI Millennials UCITS ETF Acc,MILL,LU2023678449,ETF,EUR
Amundi MSCI New Energy UCITS ETF Acc,NRJC,FR0014002CG3,ETF,EUR
Amundi MSCI New Energy UCITS ETF Acc,NRJC,FR0014002CG3,ETF,EUR
Amundi MSCI New Energy UCITS ETF Dist,LYM9,FR0010524777,ETF,EUR
Amundi MSCI New Energy UCITS ETF Dist,NRJ,FR0010524777,ETF,EUR
Amundi MSCI New Energy UCITS ETF Dist,LYM9,FR0010524777,ETF,EUR
Amundi MSCI New Energy UCITS ETF Dist,LYNRJ,FR0010524777,ETF,EUR
Amundi MSCI New Energy UCITS ETF Dist,ENER,FR0010524777,ETF,EUR
Amundi MSCI Nordic UCITS ETF - EUR (C),CN1G,LU1681044647,ETF,EUR
Amundi MSCI Nordic UCITS ETF - EUR (C),CN1 ,LU1681044647,ETF,EUR
Amundi MSCI Nordic UCITS ETF - EUR (C),CN1,LU1681044647,ETF,EUR
Amundi MSCI North America ESG Broad Transition UCITS Dist ETF,WEBC,IE000MJIXFE0,ETF,EUR
Amundi MSCI North America ESG Broad Transition UCITS Dist ETF,WEBC,IE000MJIXFE0,ETF,EUR
Amundi MSCI Nth Am ESG Brd Transition UCITS ETFAcc,NRAM,IE000MYCJA42,ETF,EUR
Amundi MSCI Nth Am ESG Brd Transition UCITS ETFAcc,IE000MYCJA42,IE000MYCJA42,ETF,USD
Amundi MSCI Nth Am ESG Brd Transition UCITS ETFAcc,NRAM,IE000MYCJA42,ETF,EUR
Amundi MSCI PacExJpn SRI ClParAlg UCITS ETF DREURA,18MM,LU1602144906,ETF,EUR
Amundi MSCI PacExJpn SRI ClParAlg UCITS ETF DREURA,CP9 ,LU1602144906,ETF,EUR
Amundi MSCI PacExJpn SRI ClParAlg UCITS ETF DREURA,18MM,LU1602144906,ETF,EUR
Amundi MSCI Pacific Ex Japan UCITS Dist ETF,LGQK,LU1220245556,ETF,EUR
Amundi MSCI Pacific Ex Japan UCITS Dist ETF,PAXG,LU1220245556,ETF,GBX
Amundi MSCI Pacific Ex Japan UCITS Dist ETF,PAXJ,LU1220245556,ETF,USD
Incomeshares Palantir Options Etp,PLTY,XS3068775009,ETF,EUR
Incomeshares S&P500 Options ETP,DSPY,XS2875106242,ETF,EUR
Incomeshares S&P500 Options ETP,SPYO,XS2875106242,ETF,GBX
Incomeshares S&P500 Options ETP,SPYY,XS2875106242,ETF,USD
Incomeshares S&P500 Options ETP,DSPY,XS2875106242,ETF,EUR
Incomeshares Silver Yield Etp,YSLV,XS3068774614,ETF,EUR
Incomeshares Silver Yield Etp,YSLV,XS3068774614,ETF,EUR
Incomeshares Silver Yield Etp,SLVY,XS3068774614,ETF,EUR
Incomeshares Tesla Options ETP,TSLI,XS2852999429,ETF,USD
Incomeshares Tesla Options ETP,TSLI,XS2852999429,ETF,EUR
Incomeshares Tesla Options ETP,TSLI,XS2852999429,ETF,EUR
IndexIQ Factors Sust Europe Equity UCITS ETF EUR,DX1F,LU1603795458,ETF,EUR
Infrastructure Capital Prfrd Inc UCITS ETF USD Dis,ASWN,IE0008LRGGP4,ETF,EUR
Infrastructure Capital Prfrd Inc UCITS ETF USD Dis,ASWN,IE0008LRGGP4,ETF,EUR
Inqq India Internet Ucits Etf Acc,INQQ,IE000WYTQSF9,ETF,EUR
Inqq India Internet Ucits Etf Acc,INQQ,IE000WYTQSF9,ETF,EUR
Invesco Artificial Intelligence Enablers UCITS ETF,IVAI,IE000LGWDNE5,ETF,EUR
Invesco BBG Commodity Carbon Tilted UCITS ETF USD,CMOC,IE000CYTPBT0,ETF,EUR
Invesco BlltShs 2026 USD Crp Bd UCITS ETF Acc,BS6A,IE000ZUAJ6B7,ETF,USD
Invesco BlltShs 2026 USD Crp Bd UCITS ETF Dist,BU26,IE000O36LOH8,ETF,USD
Invesco BlltShs 2026 USD Crp Bd UCITS ETF Dist,BS26,IE000O36LOH8,ETF,EUR
Invesco BlltShs 2026 USD Crp Bd UCITS ETF Dist,BS26,IE000O36LOH8,ETF,EUR
Invesco BlltShs 2027 USD Crp Bd UCITS ETF Acc,BS7A,IE0001XIQ4D9,ETF,USD
Invesco BlltShs 2027 USD Crp Bd UCITS ETF Dist,BS27,IE000BMDG046,ETF,EUR
Invesco BlltShs 2027 USD Crp Bd UCITS ETF Dist,BS27,IE000BMDG046,ETF,USD
Invesco BlltShs 2027 USD Crp Bd UCITS ETF Dist,BS27,IE000BMDG046,ETF,EUR
Invesco BlltShs 2028 USD Crp Bd UCITS ETF Acc,BS8A,IE000GMRDSZ7,ETF,USD
Invesco BlltShs 2028 USD Crp Bd UCITS ETF Dist,BS28,IE000A0RC215,ETF,EUR
Invesco BlltShs 2028 USD Crp Bd UCITS ETF Dist,BS28,IE000A0RC215,ETF,USD
Invesco BlltShs 2028 USD Crp Bd UCITS ETF Dist,BS28,IE000A0RC215,ETF,EUR
Invesco BlltShs 2029 USD Crp Bd UCITS ETF Acc,BS9A,IE000B4EDHL6,ETF,USD
Invesco BlltShs 2029 USD Crp Bd UCITS ETF Dist,BS29,IE000C5Q64P6,ETF,EUR
Invesco BlltShs 2029 USD Crp Bd UCITS ETF Dist,BS29,IE000C5Q64P6,ETF,USD
Invesco BlltShs 2029 USD Crp Bd UCITS ETF Dist,BS29,IE000C5Q64P6,ETF,EUR
Invesco BlltShs 2030 USD Crp Bd UCITS ETF Acc,BS0A,IE00034XRBU1,ETF,USD
Invesco BlltShs 2030 USD Crp Bd UCITS ETF Dist,BS30,IE000GB2EQ90,ETF,EUR
Invesco BlltShs 2030 USD Crp Bd UCITS ETF Dist,BS30,IE000GB2EQ90,ETF,EUR
Invesco BlltShs 2030 USD Crp Bd UCITS ETF Dist,BS30,IE000GB2EQ90,ETF,USD
Invesco Bloomberg Commodity ex-Agriculture UCITS Acc ETF,XAAG,IE00BYXYX521,ETF,EUR
Invesco Bloomberg Commodity ex-Agriculture UCITS Acc ETF,XAAG,IE00BYXYX521,ETF,EUR
Invesco Bloomberg Commodity UCITS ETF EURH Acc,CMOE,IE00BF4J0300,ETF,EUR
Invesco Bloomberg Commodity UCITS ETF EURH Acc,CMOE,IE00BF4J0300,ETF,EUR
Invesco Bloomberg Commodity UCITS ETF USD,CMOD,IE00BD6FTQ80,ETF,USD
Invesco Bloomberg Commodity UCITS ETF USD,CMOD,IE00BD6FTQ80,ETF,EUR
Invesco Bloomberg Equal-Weight Commodity ex-Agriculture UCITS Acc ETF,LYTR,LU1829218749,ETF,EUR
Invesco Bloomberg Equal-Weight Commodity ex-Agriculture UCITS Acc ETF,COMO,LU1829218749,ETF,EUR
Invesco BulletShares 2026 EUR Corporate Bond UCITS - Acc ETF,BSE6,IE0004QWOTD5,ETF,EUR
Invesco BulletShares 2026 EUR Corporate Bond UCITS - Acc ETF,BSE6,IE0004QWOTD5,ETF,EUR
Invesco BulletShares 2026 EUR Corporate Bond UCITS - Dist ETF,BE26,IE000AYJ75E5,ETF,EUR
Invesco BulletShares 2026 EUR Corporate Bond UCITS - Dist ETF,BE26,IE000AYJ75E5,ETF,EUR
StSt SPDR FTSE Gl Conv Bond UCITS ETF Dist,ZPRC,IE00BNH72088,ETF,EUR
StSt SPDR FTSE Gl Conv Bond UCITS ETF Dist,GCVB,IE00BNH72088,ETF,CHF
StSt SPDR FTSE UK All Share UCITS ETF Acc,SPYF,IE00B7452L46,ETF,EUR
StSt SPDR FTSE UK All Share UCITS ETF Acc,FTAL,IE00B7452L46,ETF,GBP
StSt SPDR FTSE UK All Share UCITS ETF Acc,FTAL,IE00B7452L46,ETF,CHF
StSt SPDR FTSE UK All Share UCITS ETF Dist,FTAD,IE00BD5FCF91,ETF,GBP
StSt SPDR ICE BofA 0-5Y EMUSDGvtBd UCITS ETF Dist,ZPR5,IE00BP46NG52,ETF,EUR
StSt SPDR ICE BofA 0-5Y EMUSDGvtBd UCITS ETF Dist,EMH5,IE00BP46NG52,ETF,USD
StSt SPDR ICE BofA 0-5Y EMUSDGvtBd UCITS ETF Dist,SEMH,IE00BP46NG52,ETF,GBP
StSt SPDR ICE BofA 0-5Y EMUSDGvtBd UCITS ETF Dist,EMH5,IE00BP46NG52,ETF,EUR
StSt SPDR ICE BofA 0-5Y EMUSDGvtBd UCITS ETF Dist,EMH5,IE00BP46NG52,ETF,CHF
StSt SPDR ICE BofA 0-5YEMUSDGvBd EURH UCITS ETFAcc,ZPR6,IE00BJL36X53,ETF,EUR
StSt SPDR ICE BofA 0-5YEMUSDGvBd EURH UCITS ETFAcc,EMHE,IE00BJL36X53,ETF,EUR
StSt SPDR MSCI All Cntry Wld Inv Mkt UCITS ETF Acc,SPYI,IE00B3YLTY66,ETF,EUR
StSt SPDR MSCI All Cntry Wld Inv Mkt UCITS ETF Acc,SPYI,IE00B3YLTY66,ETF,EUR
StSt SPDR MSCI All Cntry Wld Inv Mkt UCITS ETF Acc,IMIE,IE00B3YLTY66,ETF,EUR
StSt SPDR MSCI All Cntry Wld Inv Mkt UCITS ETF Acc,IMIE,IE00B3YLTY66,ETF,EUR
StSt SPDR MSCI All Cntry Wld Inv Mkt UCITS ETF Acc,IMID,IE00B3YLTY66,ETF,USD
StSt SPDR MSCI All Cntry Wld Inv Mkt UCITS ETF Acc,IMID,IE00B3YLTY66,ETF,USD
StSt SPDR MSCI All Cntry Wld Inv Mkt UCITS ETF Dis,SPSA,IE000DD75KQ5,ETF,EUR
StSt SPDR MSCI All Cntry Wld Inv Mkt UCITS ETF Dis,SPSA,IE000DD75KQ5,ETF,EUR
StSt SPDR MSCI All Cntry World EURH UCITS ETF Acc,SPP1,IE00BF1B7389,ETF,EUR
StSt SPDR MSCI All Cntry World EURH UCITS ETF Acc,EACW,IE00BF1B7389,ETF,EUR
StSt SPDR MSCI All Cntry World UCITS ETF Acc,SPYY,IE00B44Z5B48,ETF,EUR
StSt SPDR MSCI All Cntry World UCITS ETF Acc,SPYY,IE00B44Z5B48,ETF,EUR
StSt SPDR MSCI All Cntry World UCITS ETF Acc,ACWE,IE00B44Z5B48,ETF,EUR
StSt SPDR MSCI All Cntry World UCITS ETF Acc,ACWI,IE00B44Z5B48,ETF,CHF
StSt SPDR MSCI All Cntry World UCITS ETF Acc,ACWE,IE00B44Z5B48,ETF,EUR
StSt SPDR MSCI All Cntry World UCITS ETF Acc,ACWD,IE00B44Z5B48,ETF,USD
StSt SPDR MSCI All Cntry World UCITS ETF Acc,ACWI,IE00B44Z5B48,ETF,GBP
StSt SPDR MSCI EM Asia UCITS ETF,SPYA,IE00B466KX20,ETF,EUR
StSt SPDR MSCI EM Asia UCITS ETF,SPYA,IE00B466KX20,ETF,EUR
StSt SPDR MSCI EM Asia UCITS ETF,EMAS,IE00B466KX20,ETF,CHF
StSt SPDR MSCI EM Asia UCITS ETF,EMAE,IE00B466KX20,ETF,EUR
StSt SPDR MSCI EM Asia UCITS ETF,EMAD,IE00B466KX20,ETF,USD
StSt SPDR MSCI EM Asia UCITS ETF,EMAS,IE00B466KX20,ETF,GBP
StSt SPDR MSCI Emerging Markets Sm Cap UCITS ETF,SPYX,IE00B48X4842,ETF,EUR
StSt SPDR MSCI Emerging Markets Sm Cap UCITS ETF,SPYX,IE00B48X4842,ETF,EUR
StSt SPDR MSCI Emerging Markets Sm Cap UCITS ETF,EMSD,IE00B48X4842,ETF,USD
StSt SPDR MSCI Emerging Markets Sm Cap UCITS ETF,EMSM,IE00B48X4842,ETF,GBP
StSt SPDR MSCI Emerging Markets UCITS ETF,SPYM,IE00B469F816,ETF,EUR
StSt SPDR MSCI Emerging Markets UCITS ETF,SPYM,IE00B469F816,ETF,EUR
StSt SPDR MSCI Emerging Markets UCITS ETF,EMRG,IE00B469F816,ETF,EUR
StSt SPDR MSCI Emerging Markets UCITS ETF,EMRG,IE00B469F816,ETF,EUR
StSt SPDR MSCI Emerging Markets UCITS ETF,EMRD,IE00B469F816,ETF,USD
StSt SPDR MSCI EMU UCITS ETF,ZPRE,IE00B910VR50,ETF,EUR
StSt SPDR MSCI EMU UCITS ETF,EURO,IE00B910VR50,ETF,EUR
StSt SPDR MSCI EMU UCITS ETF,EMUE,IE00B910VR50,ETF,EUR
StSt SPDR MSCI EMU UCITS ETF,EURO,IE00B910VR50,ETF,CHF
StSt SPDR MSCI Europe Com Services UCITS ETF,STT,IE00BKWQ0N82,ETF,EUR
UBS MSCI World SR UCITS ETF USD acc,WSRIA,IE00BK72HJ67,ETF,USD
UBS MSCI World UCITS ETF USD dis,UIM7,LU0340285161,ETF,EUR
UBS MSCI World UCITS ETF USD dis,WRDEU,LU0340285161,ETF,EUR
UBS MSCI World UCITS ETF USD dis,UC68,LU0340285161,ETF,USD
UBS MSCI World UCITS ETF USD dis,UIM7,LU0340285161,ETF,EUR
UBS MSCI World UCITS ETF USD dis,WRDUSA,LU0340285161,ETF,CHF
UBS MSCI World UCITS ETF USD dis,UC55,LU0340285161,ETF,GBX
UBS MSCI World UCITS ETF USD dis,WRDUSA,LU0340285161,ETF,USD
UBS MSCI World UCITS ETF USD dis,WRDUSA,LU0340285161,ETF,GBP
UBS Nasdaq-100 UCITS USD acc ETF,BCFP,IE000SB4G4I4,ETF,EUR
UBS Nuclear Economies UCITS ETF USD acc,BCFW,IE0009TPHUV6,ETF,EUR
UBS S&P 500 Cl Transition ESG UCITS ETF hGBP dis,CT5G,IE00049BN7O1,ETF,GBX
UBS S&P 500 Cl Transition ESG UCITS ETF USD acc,CT500,IE000S4A5WE2,ETF,USD
UBS S&P 500 Cl Transition ESG UCITS ETF USD acc,BCFF,IE000S4A5WE2,ETF,EUR
UBS S&P 500 Climate Transition ESG UCITS hEUR acc ETF,BCFG,IE0009WWNY77,ETF,EUR
UBS S&P 500 Scored & Screened UCITS ETF hCHF acc,5ESGS,IE00BHXMHN35,ETF,CHF
UBS S&P 500 Scored & Screened UCITS ETF USD acc,4UBQ,IE00BHXMHL11,ETF,EUR
UBS S&P 500 Scored & Screened UCITS ETF USD acc,SPESG,IE00BHXMHL11,ETF,EUR
UBS S&P 500 Scored & Screened UCITS ETF USD acc,S5ESG,IE00BHXMHL11,ETF,CHF
UBS S&P 500 Scored & Screened UCITS ETF USD acc,4UBQ,IE00BHXMHL11,ETF,EUR
UBS S&P 500 Scored & Screened UCITS hEUR acc ETF,S5SG,IE00BHXMHQ65,ETF,EUR
UBS S&P 500 Scored & Screened UCITS USD dis ETF,S5SD,IE00BHXMHK04,ETF,EUR
UBS S&P 500 Scored & Screened UCITS USD dis ETF,S5SD,IE00BHXMHK04,ETF,GBX
UBS S&P 500 Scored & Screened UCITS USD dis ETF,S5SD,IE00BHXMHK04,ETF,EUR
UBS S&P 500 SF UCITS ETF USD acc,S5USAS,IE00B4JY5R22,ETF,USD
UBS S&P Dividend Aristocrats ESG Elite UCITS USD dis ETF,UBUM,IE00BMP3HG27,ETF,EUR
UBS S&P Dividend Aristocrats ESG Elite UCITS USD dis ETF,UBUM,IE00BMP3HG27,ETF,EUR
UBS S&P Dividend Aristocrats ESG Elite UCITS USD dis ETF,GLDVD,IE00BMP3HG27,ETF,USD
UBS S&P Dividend Aristocrats ESG Elite UCITS USD dis ETF,GLDVD,IE00BMP3HG27,ETF,EUR
UBS S&P Dividend Aristocrats ESG Elite UCITS USD dis ETF,UBUM,IE00BMP3HG27,ETF,EUR
UBS SBI Foreign AAA-BBB 1-5 ESG UCITS CHF dis ETF,UEFY,LU0879397742,ETF,EUR
UBS SBI Foreign AAA-BBB 1-5 ESG UCITS CHF dis ETF,F1ESG,LU0879397742,ETF,CHF
UBS SBI Foreign AAA-BBB 1-5 ESG UCITS CHF dis ETF,SB5,LU0879397742,ETF,EUR
UBS SBI Foreign AAA-BBB 5-10 ESG UCITS CHF dis ETF,UEFZ,LU0879399441,ETF,EUR
UBS SBI Foreign AAA-BBB 5-10 ESG UCITS CHF dis ETF,F5ESG,LU0879399441,ETF,CHF
UBS Solactive China Technology UCITS hEUR acc ETF,UIC1,LU2265794946,ETF,EUR
UBS Solactive China Technology UCITS hEUR acc ETF,UIC1,LU2265794946,ETF,EUR
UBS Solactive China Technology UCITS hEUR acc ETF,CITE,LU2265794946,ETF,EUR
UBS Solactive China Technology UCITS USD acc ETF,UIC2,LU2265794276,ETF,EUR
UBS Solactive China Technology UCITS USD acc ETF,UIC2,LU2265794276,ETF,EUR
UBS Solactive Global Pure Gold Miners UCITS USD dis ETF,UBUD,IE00B7KMNP07,ETF,EUR
UBS Solactive Global Pure Gold Miners UCITS USD dis ETF,GGMUSY,IE00B7KMNP07,ETF,CHF
UBS Solactive Global Pure Gold Miners UCITS USD dis ETF,GGMUSY,IE00B7KMNP07,ETF,USD
UBS Solactive Global Pure Gold Miners UCITS USD dis ETF,UBUD,IE00B7KMNP07,ETF,EUR
UBS Solactive USLstdGld&SlvrMnrs UCITS ETF USD acc,BCFR,IE000EPIJ442,ETF,USD
Ubs Sust Development Bank Bonds 1-5 Acc Etf,MDB1,LU3065087333,ETF,USD
UBS Sustainable Dev Bank Bonds UCITS ETF hEUR acc,MDBE,LU1852211991,ETF,EUR
UBS Sustainable Dev Bank Bonds UCITS ETF hEUR acc,MDBE,LU1852211991,ETF,EUR
UBS US Eq Def Covered Call SF UCITS ETF USD acc,SPXCC,IE00BLDGHX39,ETF,USD
UBS US Eq Defensive Put Write SF UCITS ETF USD acc,SPXPW,IE00BLDGHF56,ETF,USD
iShares   High Yield Corp Bond UCITS ETF EUR D,EUNW,IE00B66F4759,ETF,EUR
iShares   High Yield Corp Bond UCITS ETF EUR D,EUNW,IE00B66F4759,ETF,EUR
iShares   High Yield Corp Bond UCITS ETF USD H Dis,HISD,IE000GE2BEZ9,ETF,USD
iShares   High Yield Corp Bond UCITS ETF USD Hgd A,HYGU,IE00BF3NC260,ETF,USD
iShares   High Yield CpBd ESG SRI UCITS ETF EUR D,EHYD,IE00BKLC5874,ETF,EUR
iShares   Index-Linked Gilts UCITS ETF GBP Dist,INXG,IE00B1FZSD53,ETF,GBP
iShares   Inflation Linked Govt Bd UCITS ETF EUR A,IBCI,IE00B0M62X26,ETF,EUR
iShares   Inflation Linked Govt Bd UCITS ETF EUR A,IBCI,IE00B0M62X26,ETF,EUR
iShares   Inflation Linked Govt Bd UCITS ETF EUR A,IBCI,IE00B0M62X26,ETF,EUR
iShares   Inflation Linked Govt Bd UCITS ETF EUR A,IBCI,IE00B0M62X26,ETF,GBP
iShares   Inflation Linked Govt Bd UCITS ETF EUR A,IBCI,IE00B0M62X26,ETF,CHF
iShares   Inflation Linked Govt Bd UCITS ETF EUR A,IBCI,IE00B0M62X26,ETF,EUR
iShares   UltraShort Bond ESG SRI UCITS ETF,CEBY,IE000NBRE3P7,ETF,EUR
iShares   UltraShort Bond ESG SRI UCITS ETF,CEBY,IE000NBRE3P7,ETF,EUR
iShares   Ultrashort Bond UCITS ETF EUR (Dist),IS3M,IE00BCRY6557,ETF,EUR
iShares   Ultrashort Bond UCITS ETF EUR (Dist),ERNE,IE00BCRY6557,ETF,EUR
iShares   Ultrashort Bond UCITS ETF EUR (Dist),ERNE,IE00BCRY6557,ETF,EUR
iShares   Ultrashort Bond UCITS ETF EUR (Dist),ERNE,IE00BCRY6557,ETF,CHF
iShares   Ultrashort Bond UCITS ETF EUR (Dist),IS3M,IE00BCRY6557,ETF,EUR
iShares $ Asia Invst Grade Corp Bd UCITS ETF USD A,ASIG,IE0007G78AC4,ETF,USD
iShares $ Corp Bd Int Rate Hgd UCITS ETF USD Dist,LQDH,IE00BCLWRB83,ETF,EUR
iShares $ Corp Bd Int Rate Hgd UCITS ETF USD Dist,LQDH,IE00BCLWRB83,ETF,CHF
iShares $ Corp Bd Int Rate Hgd UCITS ETF USD Dist,LQDG,IE00BCLWRB83,ETF,GBP
iShares $ Corp Bd Int Rate Hgd UCITS ETF USD Dist,LQDH,IE00BCLWRB83,ETF,USD
iShares $ Corp Bd Int Rate Hgd UCITS ETF USD Dist,IS3F,IE00BCLWRB83,ETF,EUR
iShares $ Corp Bond Enhcd Active UCITS ETF USD Acc,USEB,IE000RJL5A30,ETF,USD
iShares $ Corp Bond ESG SRI UCITS ETF USD Acc,SUOA,IE00BKKKWJ26,ETF,USD
iShares $ Corp Bond ESG SRI UCITS ETF USD Dis,SUOU,IE00BK4W7N32,ETF,USD
iShares $ Corp Bond ESG SRI UCITS ETF USD Dis,SUOU,IE00BK4W7N32,ETF,USD
iShares $ Corp Bond UCITS ETF EUR Hedged Dist,LQEE,IE00BF3N6Y61,ETF,EUR
iShares $ Corp Bond UCITS ETF USD Acc,LQDA,IE00BYXYYJ35,ETF,USD
iShares $ Corp Bond UCITS ETF USD Acc,LQDA,IE00BYXYYJ35,ETF,CHF
iShares $ Corp Bond UCITS ETF USD Dist,IBCD,IE0032895942,ETF,EUR
iShares $ Corp Bond UCITS ETF USD Dist,LQDE,IE0032895942,ETF,EUR
iShares $ Corp Bond UCITS ETF USD Dist,LQDA,IE0032895942,ETF,EUR
iShares $ Corp Bond UCITS ETF USD Dist,LQDE,IE0032895942,ETF,USD
iShares $ Corp Bond UCITS ETF USD Dist,LQDS,IE0032895942,ETF,GBX
iShares $ Corp Bond UCITS ETF USD Dist,IBCD,IE0032895942,ETF,EUR
iShares $ Corp Bond UCITS ETF USD Dist,LQDE,IE0032895942,ETF,USD
iShares $ Development Bank Bonds UCITS ETF USD Acc,DDBB,IE00BKRWN659,ETF,USD
iShares $ Floating Rate Bd UCITS ETF EUR Hgd Dist,FLOE,IE00BF11F458,ETF,EUR
iShares $ Floating Rate Bd UCITS ETF EUR Hgd Dist,SXRR,IE00BF11F458,ETF,EUR
iShares $ Floating Rate Bd UCITS ETF USD Acc,FLOA,IE00BDFGJ627,ETF,USD
iShares $ Floating Rate Bd UCITS ETF USD Dist,QDVY,IE00BZ048462,ETF,EUR
iShares $ High Yield Corp Bond ESG SRI UCITS EUR Hedged (Acc) ETF,UEEF,IE00BMDFDY08,ETF,EUR
iShares $ High Yield Corp Bond ESG SRI UCITS EUR Hedged (Acc) ETF,UEEF,IE00BMDFDY08,ETF,EUR
iShares $ High Yield Corp Bond UCITS ETF USD A,IHYA,IE00BYXYYL56,ETF,USD
iShares $ High Yield Corp Bond UCITS ETF USD A,IHYA,IE00BYXYYL56,ETF,CHF
iShares $ High Yield Corp Bond UCITS ETF USD D,IHYU,IE00B4PY7Y77,ETF,USD
iShares $ High Yield Corp Bond UCITS ETF USD D,SHYU,IE00B4PY7Y77,ETF,GBP
WisdomTree Short JPY Long EUR 3x Daily,JPE3,JE00B44CBN95,ETF,EUR
WisdomTree Short JPY Long USD 3X Daily,SJP3,JE00B3WFMB84,ETF,USD
Wisdomtree Short JPY Long USD ETC,SJPY,JE00B68GT596,ETF,USD
WisdomTree Short USD Long EUR,XBJQ,JE00B3SBYQ91,ETF,EUR
WisdomTree Short USD Long EUR 3x Daily,USE3,JE00B3T3K772,ETF,EUR
WisdomTree Short USD Long EUR 3x Daily,USE3,JE00B3T3K772,ETF,EUR
WisdomTree Short USD Long EUR 5x Daily,USE5,JE00BMM1XD84,ETF,EUR
WisdomTree Short USD Long EUR 5x Daily,5CH6,JE00BMM1XD84,ETF,EUR
Wisdomtree Short USD Long GBP,USGB,JE00B438PT24,ETF,GBX
Wisdomtree Short WTI Crude Oil ETC,9GA7,JE00B24DK975,ETF,EUR
Wisdomtree Short WTI Crude Oil ETC,0FHH,JE00B24DK975,ETF,EUR
Wisdomtree Short WTI Crude Oil ETC,SOIL,JE00B24DK975,ETF,EUR
Wisdomtree Short WTI Crude Oil ETC,SOIL,JE00B24DK975,ETF,USD
WisdomTree Silver - EUR Daily Hedged ETC,00XR,JE00B5SV2703,ETF,EUR
WisdomTree Silver - EUR Daily Hedged ETC,ESVR,JE00B5SV2703,ETF,EUR
WisdomTree Silver EUR Daily Hedged ETC,00XG,JE00B5SV2703,ETF,EUR
WisdomTree Silver 2X Daily Leveraged ETC,4RUE,JE00B2NFTS64,ETF,EUR
WisdomTree Silver 2X Daily Leveraged ETC,LSIL,JE00B2NFTS64,ETF,EUR
WisdomTree Silver 2X Daily Leveraged ETC,LSIL,JE00B2NFTS64,ETF,USD
WisdomTree Silver 2X Daily Leveraged ETC,LSIL,JE00B2NFTS64,ETF,EUR
WisdomTree Silver 2X Daily Leveraged ETC,0FHY,JE00B2NFTS64,ETF,EUR
Wisdomtree Silver 3X Daily Leveraged,PCFH,IE00B7XD2195,ETF,EUR
Wisdomtree Silver 3X Daily Leveraged,3SIL,IE00B7XD2195,ETF,EUR
Wisdomtree Silver 3X Daily Leveraged,3LSI,IE00B7XD2195,ETF,GBX
Wisdomtree Silver 3X Daily Leveraged,XMW2,IE00B7XD2195,ETF,EUR
Wisdomtree Silver 3X Daily Leveraged,3SIL,IE00B7XD2195,ETF,USD
Wisdomtree Silver 3X Daily Short,PCFG,IE00B8JG1787,ETF,EUR
Wisdomtree Silver 3X Daily Short,3SIS,IE00B8JG1787,ETF,EUR
Wisdomtree Silver 3X Daily Short,3SIS,IE00B8JG1787,ETF,USD
Wisdomtree Silver 3X Daily Short,3SSI,IE00B8JG1787,ETF,GBX
WisdomTree Silver ETC,OD7N,GB00B15KY328,ETF,EUR
WisdomTree Silver ETC,SLVR,GB00B15KY328,ETF,EUR
WisdomTree Silver ETC,SLVRP,GB00B15KY328,ETF,EUR
WisdomTree Silver ETC,SLVR,GB00B15KY328,ETF,USD
WisdomTree Silver ETC,0FHR,GB00B15KY328,ETF,EUR
Wisdomtree Softs ETC,OD74,GB00B15KYJ87,ETF,EUR
Wisdomtree Softs ETC,AIGS,GB00B15KYJ87,ETF,USD
Wisdomtree Softs ETC,AIGS,GB00B15KYJ87,ETF,EUR
Wisdomtree Softs ETC,OOEE,GB00B15KYJ87,ETF,EUR
WisdomTree Soybean Oil ETC,SOYO,GB00B15KY435,ETF,USD
WisdomTree Soybeans - EUR Daily Hedged ETC,ESOY,JE00B6SLJ210,ETF,EUR
WisdomTree Soybeans ETC,OD7Q,GB00B15KY542,ETF,EUR
WisdomTree Soybeans ETC,SOYB,GB00B15KY542,ETF,EUR
WisdomTree Soybeans ETC,SOYB,GB00B15KY542,ETF,USD
WisdomTree Soybeans ETC,0FHS,GB00B15KY542,ETF,EUR
WisdomTree STOXX Europe Aerospace & Defence 3x Daily Leveraged,3EDF,XS2872232850,ETF,EUR
WisdomTree STOXX Europe Automobiles 2x Daily Leveraged ETN,2CAR,XS2427363895,ETF,EUR
WisdomTree STOXX Europe Oil & Gas 2x Daily Short ETN,O2IG,XS2427474023,ETF,EUR
WisdomTree STOXX Europe Travel & Leisure 2x Daily Leveraged ETN,2FLY,XS2427363036,ETF,EUR
WisdomTree STOXX Europe Travel & Leisure 2x Daily Short ETN,STR2,XS2437455608,ETF,EUR
WisdomTree Natural Gas 3x Daily Short,3NGS,XS2819843223,ETF,EUR
WisdomTree Natural Gas ETC,OD7L,JE00BN7KB334,ETF,EUR
WisdomTree Natural Gas ETC,OD7L,JE00BN7KB334,ETF,EUR
WisdomTree Natural Gas ETC,NGAS,JE00BN7KB334,ETF,USD
WisdomTree Natural Gas EUR Daily Hedged ETC,00XE,JE00B6XF0923,ETF,EUR
Wisdomtree Natural Gas Leverage ETC,4RUC,JE00BDD9Q956,ETF,EUR
Wisdomtree Natural Gas Leverage ETC,LNGA,JE00BDD9Q956,ETF,EUR
Wisdomtree Natural Gas Leverage ETC,LNGA,JE00BDD9Q956,ETF,USD
Wisdomtree Natural Gas Leverage ETC,4RUC,JE00BDD9Q956,ETF,EUR
WisdomTree New Economy Real Est UCITS ETF USD Acc,WTRE,IE000MO2MB07,ETF,EUR
WisdomTree New Economy Real Est UCITS ETF USD Acc,WTRE,IE000MO2MB07,ETF,EUR
WisdomTree New Economy Real Est UCITS ETF USD Acc,WTRE,IE000MO2MB07,ETF,EUR
WisdomTree New Economy Real Est UCITS ETF USD Acc,WTNR,IE000MO2MB07,ETF,GBX
WisdomTree New Economy Real Est UCITS ETF USD Acc,WTRE,IE000MO2MB07,ETF,USD
WisdomTree New Economy Real Estate UCITS ETF USD,WNEW,IE000X9TLGN8,ETF,GBX
WisdomTree New Economy Real Estate UCITS ETF USD,WTER,IE000X9TLGN8,ETF,EUR
WisdomTree New Economy Real Estate UCITS ETF USD,WNER,IE000X9TLGN8,ETF,EUR
WisdomTree Nickel - EUR Daily Hedged ETC,ENIK,JE00B6XL6W59,ETF,EUR
Wisdomtree Nickel Daily ETC,SNIK,JE00B24DKJ77,ETF,EUR
Wisdomtree Nickel Daily ETC,SNIK,JE00B24DKJ77,ETF,USD
Wisdomtree Nickel Daily ETC,0FH7,JE00B24DKJ77,ETF,EUR
WisdomTree Nickel ETC,OD7M,GB00B15KY211,ETF,EUR
WisdomTree Nickel ETC,NICK,GB00B15KY211,ETF,EUR
WisdomTree Nickel ETC,NICK,GB00B15KY211,ETF,USD
WisdomTree Nickel ETC,00EE,GB00B15KY211,ETF,EUR
Wisdomtree Nickel Leveraged ETC,4RUD,JE00BDD9QB77,ETF,EUR
Wisdomtree Nickel Leveraged ETC,LNIK,JE00BDD9QB77,ETF,EUR
Wisdomtree Nickel Leveraged ETC,LNIK,JE00BDD9QB77,ETF,USD
Wisdomtree Nickel Leveraged ETC,4RUD,JE00BDD9QB77,ETF,EUR
Wisdomtree Palladium 1X Daily Short,1PAS,IE00B94QLR02,ETF,USD
Wisdomtree Palladium 2X Daily Leveraged,2PAL,IE00B94QLN63,ETF,USD
WisdomTree Petroleum ETC,AIGO,GB00B15KYC19,ETF,EUR
WisdomTree Petroleum ETC,AIGO,GB00B15KYC19,ETF,USD
WisdomTree Petroleum ETC,0FHE,GB00B15KYC19,ETF,EUR
Wisdomtree Petroleum Leveraged ETC,LPET,JE00BDD9Q733,ETF,EUR
WisdomTree Physical Bitcoin Securities ETP,WBIT,GB00BJYDH287,ETF,EUR
WisdomTree Physical Bitcoin Securities ETP,WBIT,GB00BJYDH287,ETF,EUR
WisdomTree Physical Bitcoin Securities ETP,WBTC,GB00BJYDH287,ETF,EUR
WisdomTree Physical Bitcoin Securities ETP,BTCW,GB00BJYDH287,ETF,USD
WisdomTree Physical Cardano Securities ETP,WADA,GB00BNGJ9J32,ETF,EUR
WisdomTree Physical Cardano Securities ETP,WADA,GB00BNGJ9J32,ETF,USD
WisdomTree Physical Cardano Securities ETP,ADAW,GB00BNGJ9J32,ETF,EUR
Wisdomtree Physical Crypto Altco ETP,ALTC,GB00BMTP1519,ETF,EUR
Wisdomtree Physical Crypto Altco ETP,ALTC,GB00BMTP1519,ETF,EUR
Wisdomtree Physical Crypto Altco ETP,GB00BMTP1519,GB00BMTP1519,ETF,USD
Wisdomtree Physical Crypto Altco ETP,ALTC,GB00BMTP1519,ETF,EUR
Wisdomtree Physical Crypto Market ETP,WBLC,GB00BMTP1626,ETF,EUR
Wisdomtree Physical Crypto Market ETP,BLOC,GB00BMTP1626,ETF,EUR
Wisdomtree Physical Crypto Market ETP,GB00BMTP1626,GB00BMTP1626,ETF,USD
Wisdomtree Physical Crypto Mega Equity Weight ETP,WMEG,GB00BMTP1733,ETF,EUR
iShares MSCI EM UCITS ETF USD (Acc),EUNM,IE00B4L5YC18,ETF,EUR
iShares MSCI EM UCITS ETF USD (Acc),SEMA,IE00B4L5YC18,ETF,EUR
iShares MSCI EM UCITS ETF USD (Acc),IEMA,IE00B4L5YC18,ETF,USD
iShares MSCI EM UCITS ETF USD (Acc),SEMA,IE00B4L5YC18,ETF,GBX
iShares MSCI EM UCITS ETF USD (Acc),EUNM,IE00B4L5YC18,ETF,EUR
iShares MSCI EM UCITS ETF USD (Acc),IEMA,IE00B4L5YC18,ETF,EUR
iShares MSCI EM UCITS ETF USD (Dist),IQQE,IE00B0M63177,ETF,EUR
iShares MSCI EM UCITS ETF USD (Dist),IEMM,IE00B0M63177,ETF,EUR
iShares MSCI EM UCITS ETF USD (Dist),IEEM,IE00B0M63177,ETF,EUR
iShares MSCI EM UCITS ETF USD (Dist),IDEM,IE00B0M63177,ETF,USD
iShares MSCI EM UCITS ETF USD (Dist),IEEM,IE00B0M63177,ETF,GBX
iShares MSCI EM UCITS ETF USD (Dist),IQQE,IE00B0M63177,ETF,EUR
iShares MSCI EM UCITS ETF USD (Dist),IEEM,IE00B0M63177,ETF,USD
iShares MSCI EMU CHF Hedged UCITS ETF (Acc),EMUC,IE00BWK1SP74,ETF,CHF
iShares MSCI EMU Climate Transition Aware UCITS EUR (Acc) ETF,MCTA,IE0006PTRUI8,ETF,EUR
iShares MSCI EMU Climate Transition Aware UCITS EUR (Dist) ETF,MCTD,IE000E9XXE77,ETF,EUR
iShares MSCI EMU ESG Enhanced CTB UCITS ETF EUR (Dist),EMUD,IE00BHZPHZ28,ETF,GBP
iShares MSCI EMU ESG Enhanced CTB UCITS EUR (Acc) ETF,EDM4,IE00BHZPJ015,ETF,EUR
iShares MSCI EMU ESG Enhanced CTB UCITS EUR (Acc) ETF,EDM4,IE00BHZPJ015,ETF,EUR
iShares MSCI EMU Large Cap UCITS ETF EUR (Acc),IS3G,IE00BCLWRF22,ETF,EUR
iShares MSCI EMU Large Cap UCITS ETF EUR (Acc),0MUL,IE00BCLWRF22,ETF,EUR
iShares MSCI EMU Large Cap UCITS ETF EUR (Acc),IS3G,IE00BCLWRF22,ETF,EUR
iShares MSCI EMU Large Cap UCITS ETF EUR (Acc),EMUL,IE00BCLWRF22,ETF,EUR
iShares MSCI EMU Mid Cap UCITS ETF EUR (Acc),IS3H,IE00BCLWRD08,ETF,EUR
iShares MSCI EMU Mid Cap UCITS ETF EUR (Acc),IS3H,IE00BCLWRD08,ETF,EUR
iShares MSCI EMU Mid Cap UCITS ETF EUR (Acc),EMUM,IE00BCLWRD08,ETF,EUR
iShares MSCI EMU Paris-Aligd Clmt UCITS ETF EUR A,CBUB,IE00BL6K8D99,ETF,EUR
iShares MSCI EMU Paris-Aligd Clmt UCITS ETF EUR A,EMPA,IE00BL6K8D99,ETF,EUR
iShares MSCI EMU Screened UCITS ETF EUR Acc,SLMA,IE00BFNM3B99,ETF,EUR
iShares MSCI EMU Screened UCITS ETF EUR Acc,SLMA,IE00BFNM3B99,ETF,EUR
iShares MSCI EMU Screened UCITS ETF EUR Acc,SAUM,IE00BFNM3B99,ETF,GBP
iShares MSCI EMU Screened UCITS ETF EUR Acc,SLMA,IE00BFNM3B99,ETF,EUR
iShares MSCI EMU Small Cap UCITS ETF EUR (Acc),SXRJ,IE00B3VWMM18,ETF,EUR
iShares MSCI EMU Small Cap UCITS ETF EUR (Acc),CSEMU,IE00B3VWMM18,ETF,EUR
iShares MSCI EMU Small Cap UCITS ETF EUR (Acc),CES1,IE00B3VWMM18,ETF,GBX
iShares MSCI EMU Small Cap UCITS ETF EUR (Acc),SXRJ,IE00B3VWMM18,ETF,EUR
iShares MSCI EMU SRI UCITS ETF EUR Acc,SMUA,IE00BJLKK341,ETF,EUR
iShares MSCI EMU USD Hedged UCITS ETF (Acc),CEBP,IE00BWZN1T31,ETF,EUR
iShares MSCI EMU USD Hedged UCITS ETF (Acc),CEBP,IE00BWZN1T31,ETF,EUR
iShares MSCI EMU USD Hedged UCITS ETF (Acc),EMUU,IE00BWZN1T31,ETF,USD
iShares MSCI Europe Climate Transition Aware UCITS EUR (Acc) ETF,ECTA,IE000U3XZQN5,ETF,EUR
iShares MSCI Europe Climate Transition Aware UCITS EUR (Dist) ETF,ECTD,IE000ZQF1PE1,ETF,EUR
iShares MSCI Europe Consumer Discretionary Sector UCITS EUR (Acc) ETF,ESIC,IE00BMW42298,ETF,EUR
iShares MSCI Europe Consumer Staples Sector UCITS EUR (Acc) ETF,ESIS,IE00BMW42074,ETF,EUR
iShares MSCI Europe Energy Sector UCITS EUR (Acc) ETF,ESIE,IE00BMW42637,ETF,GBP
iShares MSCI Europe ESG Enhanced CTB UCITS EUR (Acc) ETF,EDM6,IE00BHZPJ783,ETF,EUR
iShares MSCI Europe ESG Enhanced CTB UCITS EUR (Acc) ETF,EDM6,IE00BHZPJ783,ETF,EUR
iShares MSCI Europe ESG Enhanced UCITS ETF EUR Dis,EMNU,IE00BHZPJ676,ETF,EUR
iShares MSCI Europe ESG Screened UCITS ETF EUR Acc,SLMC,IE00BFNM3D14,ETF,EUR
iShares MSCI Europe ESG Screened UCITS ETF EUR Acc,SAEU,IE00BFNM3D14,ETF,GBP
Amundi Stoxx Europe Select Dividend 30 UCITS ETF D,SELD,LU1812092168,ETF,EUR
Amundi Stoxx Europe Select Dividend 30 UCITS ETF D,SEL,LU1812092168,ETF,EUR
Amundi Stoxx Europe Select Dividend 30 UCITS ETF D,SELD,LU1812092168,ETF,EUR
Amundi Stoxx Europe Select Dividend 30 UCITS ETF D,LYSEL,LU1812092168,ETF,CHF
Amundi UK Equity All Cap UCITS ETF - Dist,LCUK,LU1781541096,ETF,EUR
Amundi UK Equity All Cap UCITS ETF - Dist,LCUK,LU1781541096,ETF,EUR
Amundi UK Gov Inflation-Linked Bond UCITS ETF D,GILI,LU1407893301,ETF,EUR
Amundi US Curve steepening 2-10Y UCITS ETF Acc,UCT2,LU2018762653,ETF,EUR
Amundi US Curve steepening 2-10Y UCITS ETF Acc,STPU,LU2018762653,ETF,EUR
Amundi US Curve steepening 2-10Y UCITS ETF Acc,STPU,LU2018762653,ETF,USD
Amundi US Inflation Expectations 10Y UCITS ETF A,INFU,LU1390062831,ETF,EUR
Amundi US Inflation Expectations 10Y UCITS ETF A,INFG,LU1390062831,ETF,GBX
Amundi US Inflation Expectations 10Y UCITS ETF A,INFU,LU1390062831,ETF,USD
Amundi US Inflation Expectations 10Y UCITS ETF A,UINF,LU1390062831,ETF,EUR
Amundi US Inflation Expectations 10Y UCITS ETF A,INFU,LU1390062831,ETF,EUR
Amundi US Tech 100 Equal Weight UCITS DR - USD ETF,WEBA,IE000Y9MG996,ETF,EUR
Amundi US TIPS Gov Infl-Lnkd Bd UCITS ETF EUR Hg D,TIPE,LU1452600437,ETF,EUR
Amundi US TIPS Gov Inflt-Linked Bond UCITS ETF D,TIUP,LU1452600270,ETF,EUR
Amundi US TIPS Gov Inflt-Linked Bond UCITS ETF D,TIUP,LU1452600270,ETF,EUR
Amundi US TIPS Gov Inflt-Linked Bond UCITS ETF D,TIPG,LU1452600270,ETF,GBX
Amundi US TIPS Gov Inflt-Linked Bond UCITS ETF D,TIPU,LU1452600270,ETF,USD
Amundi US TIPS Gov Inflt-Linked Bond UCITS ETF D,TIPU,LU1452600270,ETF,EUR
Amundi US Treasury Bond 0-1Y UCITS Acc ETF,PR1T,LU2182388665,ETF,EUR
Amundi US Treasury Bond 0-1Y UCITS EUR Hedged Acc ETF,PR1H,LU2182388749,ETF,EUR
Amundi US Treasury Bond 1-3Y UCITS ETF Acc,U13C,LU1407887089,ETF,USD
Amundi US Treasury Bond 1-3Y UCITS ETF Dist,US13,LU1407887162,ETF,EUR
Amundi US Treasury Bond 1-3Y UCITS ETF Dist,LYUS13,LU1407887162,ETF,USD
Amundi US Treasury Bond 3-7Y UCITS ETF Dist,US37,LU1407888996,ETF,EUR
Amundi US Treasury Bond 3-7Y UCITS ETF Dist,US37,LU1407888996,ETF,USD
Amundi US Treasury Bond 3-7Y UCITS ETF Dist,LYUS37,LU1407888996,ETF,USD
Amundi US Treasury Bond 3-7Y UCITS ETF Dist,U37G,LU1407888996,ETF,GBX
Amundi US Treasury Bond 7-10Y UCITS ETF Acc,US7,LU1407887915,ETF,USD
Amundi US Treasury Bond 7-10Y UCITS ETF Acc,US7,LU1407887915,ETF,EUR
Amundi US Treasury Bond 7-10Y UCITS ETF Dist,US71,LU1407888053,ETF,USD
Amundi US Treasury Bond 7-10Y UCITS EUR Hedged Acc ETF,AE52,LU1407888137,ETF,EUR
Amundi US Treasury Bond 7-10Y UCITS EUR Hedged Acc ETF,AE52,LU1407888137,ETF,EUR
Amundi US Treasury Bond Long Dated UCITS ETF Acc,US10C,LU1407890547,ETF,EUR
Amundi US Treasury Bond Long Dated UCITS ETF Acc,U10C,LU1407890547,ETF,USD
Amundi US Treasury Bond Long Dated UCITS ETF Dist,DJAD,LU1407890620,ETF,EUR
Amundi US Treasury Bond Long Dated UCITS ETF Dist,US10,LU1407890620,ETF,USD
Amundi US Treasury Bond Long Dated UCITS ETF Dist,US10,LU1407890620,ETF,EUR
Amundi US Treasury Bond Long Dated UCITS ETF Dist,U10G,LU1407890620,ETF,GBX
Amundi US Treasury Bond Long Dated UCITS ETF Dist,US10,LU1407890620,ETF,USD
Amundi US Treasury Bond Long Dated UCITS ETF Dist,DJAD,LU1407890620,ETF,EUR
Amundi US Trsr Bd Long Dated UCITS ETF EUR Hg D,U10H,LU1407890976,ETF,EUR
Amundi USD Corp Bd Cl Par Aligned UCITS ETF D,USIG,LU1285959703,ETF,EUR
Amundi USD Corp Bd Cl Par Aligned UCITS ETF D,USIX,LU1285959703,ETF,GBX
Amundi USD Corp Bd Cl Par Aligned UCITS ETF D,USIG,LU1285959703,ETF,USD
Amundi USD Corp Bd Cl Par Aligned UCITS ETF EURH D,USIH,LU1285960032,ETF,EUR
Amundi USD Corp Bond ESG UCITS ETF DR C,UCRP,LU1806495575,ETF,EUR
Global X E-commerce UCITS ETF USD Acc,E61Z,IE00BMH5XY61,ETF,EUR
Global X E-commerce UCITS ETF USD Acc,EBIZ,IE00BMH5XY61,ETF,EUR
Global X EURO STOXX 50 Covered Call UCITS - EUR Distributing ETF,SY7D,IE000SAXJ1M1,ETF,EUR
Global X EURO STOXX 50 Covered Call UCITS - EUR Distributing ETF,SY7D,IE000SAXJ1M1,ETF,EUR
Global X EURO STOXX 50 Covered Call UCITS - EUR Distributing ETF,SYLD,IE000SAXJ1M1,ETF,EUR
Global X Europe Focused Def Tech UCITS ETF EUR Acc,ED3F,IE000WRQ9RR1,ETF,EUR
Global X Europe Focused Def Tech UCITS ETF EUR Acc,ED3F,IE000WRQ9RR1,ETF,EUR
Global X European Infra Dev UCITS ETF EUR Acc,B41J,IE000PS0J481,ETF,EUR
Global X European Superdividend UCITS EUR Distribution ETF,EVSD,IE00082MOBL9,ETF,EUR
Global X European Superdividend UCITS EUR Distribution ETF,EVSD,IE00082MOBL9,ETF,EUR
Global X European Superdividend UCITS EUR Distribution ETF,EUSD,IE00082MOBL9,ETF,EUR
Global X FinTech UCITS ETF USD Acc,XFIN,IE00BLCHJZ35,ETF,EUR
Global X FinTech UCITS ETF USD Acc,FINX,IE00BLCHJZ35,ETF,EUR
Global X FinTech UCITS ETF USD Acc,FINX,IE00BLCHJZ35,ETF,USD
Global X Genomics & Biotechnology UCITS ETF USDAcc,GN0M,IE00BM8R0N95,ETF,EUR
Global X Genomics & Biotechnology UCITS ETF USDAcc,GNOM,IE00BM8R0N95,ETF,EUR
Global X Genomics & Biotechnology UCITS ETF USDAcc,GNOG,IE00BM8R0N95,ETF,GBP
Global X Genomics & Biotechnology UCITS ETF USDAcc,GN0M,IE00BM8R0N95,ETF,EUR
Global X Hydrogen UCITS ETF,HYCN,IE0002RPS3K2,ETF,EUR
Global X Hydrogen UCITS ETF,HYCN,IE0002RPS3K2,ETF,EUR
Global X Hydrogen UCITS ETF,HYGN,IE0002RPS3K2,ETF,USD
Global X Internet of Things UCITS ETF USD Acc,SN5R,IE00BLCHJT74,ETF,EUR
Global X Internet of Things UCITS ETF USD Acc,SN5R,IE00BLCHJT74,ETF,EUR
Global X Internet of Things UCITS ETF USD Acc,SNSR,IE00BLCHJT74,ETF,USD
Global X Lithium and Battery Tech UCITS ETF USDAcc,LI7U,IE00BLCHJN13,ETF,EUR
Global X Lithium and Battery Tech UCITS ETF USDAcc,LI7U,IE00BLCHJN13,ETF,EUR
Global X Lithium and Battery Tech UCITS ETF USDAcc,LITU,IE00BLCHJN13,ETF,USD
Global X Nasdaq 100 Covered Call UCITS ETF,QYLE,IE00BM8R0J59,ETF,EUR
Global X Nasdaq 100 Covered Call UCITS ETF,QYLE,IE00BM8R0J59,ETF,EUR
Global X Nasdaq 100 Covered Call UCITS ETF,QYLD,IE00BM8R0J59,ETF,USD
Global X Nasdaq 100 Covered Call UCITS ETF,QYLD,IE00BM8R0J59,ETF,CHF
Global X Renw Energy Producers UCITS ETF USD Acc,R4RU,IE00BLCHJH52,ETF,EUR
Global X Renw Energy Producers UCITS ETF USD Acc,R4RU,IE00BLCHJH52,ETF,EUR
Global X Renw Energy Producers UCITS ETF USD Acc,RNRG,IE00BLCHJH52,ETF,USD
Global X Robotics & AI UCITS ETF USD Acc,XB0T,IE00BLCHJB90,ETF,EUR
Global X Robotics & AI UCITS ETF USD Acc,XB0T,IE00BLCHJB90,ETF,EUR
Global X Robotics & AI UCITS ETF USD Acc,BOTZ,IE00BLCHJB90,ETF,CHF
Global X Robotics & AI UCITS ETF USD Acc,BOTZ,IE00BLCHJB90,ETF,USD
Global X S&P 500 Annual Buffer UCITS ETF USD Acc,5PAB,IE0009BM62P2,ETF,EUR
Global X S&P 500 Annual Tail Hdg UCITS ETF USD Acc,5PAH,IE000HGH8PV2,ETF,EUR
Global X S&P 500 Covered Call UCITS ETF USD Dist,XY7D,IE0002L5QB31,ETF,EUR
Global X S&P 500 Covered Call UCITS ETF USD Dist,XY7D,IE0002L5QB31,ETF,EUR
Global X S&P 500 Covered Call UCITS ETF USD Dist,XYLU,IE0002L5QB31,ETF,USD
Global X S&P 500 Qtr Buffer UCITS ETF USD Acc,SPQB,IE000LSRKCB4,ETF,EUR
Global X S&P 500 Qtr Buffer UCITS ETF USD Acc,SPQB,IE000LSRKCB4,ETF,EUR
Global X S&P 500 Qtr Buffer UCITS ETF USD Acc,SPQB,IE000LSRKCB4,ETF,USD
Global X S&P 500 Qtr Tail Hedge UCITS ETF USD Acc,SPQH,IE000EPX8KB7,ETF,EUR
Global X S&P 500 Qtr Tail Hedge UCITS ETF USD Acc,SPQH,IE000EPX8KB7,ETF,EUR
Global X S&P 500 Qtr Tail Hedge UCITS ETF USD Acc,SPQH,IE000EPX8KB7,ETF,USD
Global X Silver Miners UCITS ETF USD Acc,SLVR,IE000UL6CLP7,ETF,EUR
iShares Dow Jones Asia Pacific Select Dividend 50 UCITS (DE) ETF,EXXW,DE000A0H0744,ETF,EUR
iShares Dow Jones Asia Pacific Select Dividend 50 UCITS (DE) ETF,EXXW,DE000A0H0744,ETF,EUR
iShares Dow Jones China Offshore 50 UCITS (DE) ETF,EXXU,DE000A0F5UE8,ETF,EUR
iShares Dow Jones China Offshore 50 UCITS (DE) ETF,EXXU,DE000A0F5UE8,ETF,EUR
iShares Dow Jones China Offshore 50 UCITS (DE) ETF,0MNG,DE000A0F5UE8,ETF,EUR
iShares Dow Jones Eurozone Sustainability Screened UCITS (DE) ETF,EXXV,DE000A0F5UG3,ETF,EUR
iShares Dow Jones Eurozone Sustainability Screened UCITS (DE) ETF,EXXV,DE000A0F5UG3,ETF,EUR
iShares Dow Jones Eurozone Sustainability Screened UCITS (DE) ETF,0MNI,DE000A0F5UG3,ETF,EUR
iShares Dow Jones Global Titans 50 UCITS (DE) EUR (Acc) ETF,EXIF,DE000A2QP4C4,ETF,EUR
iShares Dow Jones Global Titans 50 UCITS (DE) EUR (Dist) ETF,EXI2,DE0006289382,ETF,EUR
iShares Dow Jones Global Titans 50 UCITS (DE) EUR (Dist) ETF,EXI2,DE0006289382,ETF,EUR
iShares Dow Jones Global Titans 50 UCITS (DE) EUR (Dist) ETF,0MLU,DE0006289382,ETF,EUR
iShares Dow Jones Indust Average UCITS ETF USD A,SXRU,IE00B53L4350,ETF,EUR
iShares Dow Jones Indust Average UCITS ETF USD A,CIND,IE00B53L4350,ETF,USD
iShares Dow Jones Indust Average UCITS ETF USD A,SXRU,IE00B53L4350,ETF,EUR
iShares Dow Jones Industrial Average UCITS (DE) ETF,EXI3,DE0006289390,ETF,EUR
iShares Dow Jones Industrial Average UCITS (DE) ETF,EXI3,DE0006289390,ETF,EUR
iShares Dow Jones Industrial Average UCITS (DE) ETF,0MLV,DE0006289390,ETF,EUR
iShares Dow Jones U.S. Select Dividend UCITS (DE) ETF,EXX5,DE000A0D8Q49,ETF,EUR
iShares Dow Jones U.S. Select Dividend UCITS (DE) ETF,EXX5,DE000A0D8Q49,ETF,EUR
iShares Dow Jones U.S. Select Dividend UCITS (DE) ETF,0MMA,DE000A0D8Q49,ETF,EUR
iShares Dow Jones U.S. Select Dividend UCITS (DE) ETF,EXX5,DE000A0D8Q49,ETF,EUR
iShares Dvlp Mrkts Prop Yld UCITS ETF EUR Hgd Acc,DPYE,IE00BDZVHD04,ETF,EUR
iShares Dvlp Mrkts Prop Yld UCITS ETF USD Acc,DPYA,IE00BFM6T921,ETF,USD
iShares Dvlp Mrkts Prop Yld UCITS ETF USD Dist,IQQ6,IE00B1FZS350,ETF,EUR
iShares Dvlp Mrkts Prop Yld UCITS ETF USD Dist,IDWP,IE00B1FZS350,ETF,USD
iShares Dvlp Mrkts Prop Yld UCITS ETF USD Dist,IWDP,IE00B1FZS350,ETF,EUR
iShares Dvlp Mrkts Prop Yld UCITS ETF USD Dist,IWDP,IE00B1FZS350,ETF,USD
iShares Dvlp Mrkts Prop Yld UCITS ETF USD Dist,IQQ6,IE00B1FZS350,ETF,EUR
iShares Dvlp Mrkts Prop Yld UCITS ETF USD Dist,IWDP,IE00B1FZS350,ETF,GBX
iShares eb.rexx Government Germany 0-1yr UCITS (DE) EUR (Dist) ETF,EXVM,DE000A0Q4RZ9,ETF,EUR
iShares eb.rexx Government Germany 0-1yr UCITS (DE) EUR (Dist) ETF,EXVM,DE000A0Q4RZ9,ETF,EUR
iShares eb.rexx Government Germany 0-1yr UCITS (DE) EUR (Dist) ETF,EXVM,DE000A0Q4RZ9,ETF,EUR
iShares eb.rexx Government Germany 1.5-2.5yr UCITS (DE) EUR (Dist) ETF,EXHB,DE0006289473,ETF,EUR
iShares eb.rexx Government Germany 1.5-2.5yr UCITS (DE) EUR (Dist) ETF,EXHB,DE0006289473,ETF,EUR
iShares eb.rexx Government Germany 1.5-2.5yr UCITS (DE) EUR (Dist) ETF,0MLY,DE0006289473,ETF,EUR
iShares eb.rexx Government Germany 10.5+yr UCITS (DE) ETF,EXX6,DE000A0D8Q31,ETF,EUR
iShares eb.rexx Government Germany 10.5+yr UCITS (DE) ETF,EXX6,DE000A0D8Q31,ETF,EUR
iShares eb.rexx Government Germany 10.5+yr UCITS (DE) ETF,0MM9,DE000A0D8Q31,ETF,EUR
iShares eb.rexx Government Germany 2.5-5.5yr UCITS (DE) ETF,EXHC,DE0006289481,ETF,EUR
iShares eb.rexx Government Germany 2.5-5.5yr UCITS (DE) ETF,0MLZ,DE0006289481,ETF,EUR
iShares eb.rexx Government Germany 2.5-5.5yr UCITS (DE) ETF,EXHC,DE0006289481,ETF,EUR
iShares eb.rexx Government Germany 5.5-10.5yr UCITS (DE) ETF,EXHD,DE0006289499,ETF,EUR
iShares eb.rexx Government Germany 5.5-10.5yr UCITS (DE) ETF,EXHD,DE0006289499,ETF,EUR
iShares eb.rexx Government Germany 5.5-10.5yr UCITS (DE) ETF,0MM2,DE0006289499,ETF,EUR
iShares eb.rexx Government Germany UCITS (DE) ETF,EXHA,DE0006289465,ETF,EUR
iShares eb.rexx Government Germany UCITS (DE) ETF,EXHA,DE0006289465,ETF,EUR
iShares eb.rexx Government Germany UCITS (DE) ETF,0MLX,DE0006289465,ETF,EUR
iShares Edge MSCI EM Min Vol UCITS ETF USD A,EUNZ,IE00B8KGV557,ETF,EUR
iShares Edge MSCI EM Min Vol UCITS ETF USD A,EMV,IE00B8KGV557,ETF,EUR
VanEck Rare Earth and Strategic Metals UCITS ETF,VVMX,IE0002PG6CA6,ETF,EUR
VanEck Rare Earth and Strategic Metals UCITS ETF,REMX,IE0002PG6CA6,ETF,CHF
VanEck Rare Earth and Strategic Metals UCITS ETF,VVMX,IE0002PG6CA6,ETF,EUR
VanEck S&P Global Mining UCITS ETF,WMIN,IE00BDFBTQ78,ETF,EUR
VanEck S&P Global Mining UCITS ETF,GDIG,IE00BDFBTQ78,ETF,USD
VanEck S&P Global Mining UCITS ETF,GIGB,IE00BDFBTQ78,ETF,GBP
VanEck S&P Global Mining UCITS ETF,WMIN,IE00BDFBTQ78,ETF,EUR
VanEck S&P Global Mining UCITS ETF,GDIG,IE00BDFBTQ78,ETF,EUR
VanEck S&P Global Mining UCITS ETF,GDIG,IE00BDFBTQ78,ETF,CHF
VanEck Semiconductor UCITS ETF USD A,VVSM,IE00BMC38736,ETF,EUR
VanEck Semiconductor UCITS ETF USD A,VVSM,IE00BMC38736,ETF,EUR
VanEck Semiconductor UCITS ETF USD A,SMH,IE00BMC38736,ETF,EUR
VanEck Semiconductor UCITS ETF USD A,SMGB,IE00BMC38736,ETF,GBP
VanEck Semiconductor UCITS ETF USD A,SMH,IE00BMC38736,ETF,USD
VanEck Semiconductor UCITS ETF USD A,SMHV,IE00BMC38736,ETF,CHF
VanEck Smart Contract Leaders ETN,VSMA,DE000A3GXNT4,ETF,EUR
VanEck Solana ETN,VS0L,DE000A3GSUD3,ETF,EUR
VanEck Solana ETN,VS0L,DE000A3GSUD3,ETF,USD
VanEck Solana ETN,VSOL,DE000A3GSUD3,ETF,EUR
VanEck Solana ETN,VS0L,DE000A3GSUD3,ETF,EUR
VanEck Space Innovators UCITS ETF,JEDI,IE000YU9K6K2,ETF,EUR
VanEck Space Innovators UCITS ETF,JEDI,IE000YU9K6K2,ETF,EUR
VanEck Space Innovators UCITS ETF,JEDI,IE000YU9K6K2,ETF,USD
VanEck Sui ETN,VESUG,DE000A4A5Z72,ETF,EUR
VanEck Sui ETN,VSUI,DE000A4A5Z72,ETF,USD
VanEck Sustainable Future of Food UCITS ETF,VE6I,IE0005B8WVT6,ETF,EUR
VanEck Sustainable Future of Food UCITS ETF,VE6I,IE0005B8WVT6,ETF,EUR
VanEck Sustainable Future of Food UCITS ETF,VEGI,IE0005B8WVT6,ETF,USD
VanEck TRON ETN,VTRX,DE000A3GSUE1,ETF,EUR
VanEck TRON ETN,VTRXG,DE000A3GSUE1,ETF,USD
VanEck TRON ETN,VTRX,DE000A3GSUE1,ETF,EUR
VanEck Uranium and Nuclear Technologies UCITS ETF,NUKL,IE000M7V94E1,ETF,EUR
VanEck Uranium and Nuclear Technologies UCITS ETF,NUKL,IE000M7V94E1,ETF,EUR
VanEck Uranium and Nuclear Technologies UCITS ETF,NUCG,IE000M7V94E1,ETF,GBP
VanEck Uranium and Nuclear Technologies UCITS ETF,NUCL,IE000M7V94E1,ETF,USD
VanEck Uranium and Nuclear Technologies UCITS ETF,NUCL,IE000M7V94E1,ETF,CHF
VanEck US Fallen Angel High Yield Bond UCITS ETF,EM1A,IE000J6CHW80,ETF,EUR
VanEck US Fallen Angel High Yield Bond UCITS ETF,EM1A,IE000J6CHW80,ETF,EUR
VanEck Video Gaming and eSports UCITS ETF USD A,ESP0,IE00BYWQWR46,ETF,EUR
VanEck Video Gaming and eSports UCITS ETF USD A,ESP0,IE00BYWQWR46,ETF,EUR
VanEck Video Gaming and eSports UCITS ETF USD A,ESGB,IE00BYWQWR46,ETF,GBP
VanEck Video Gaming and eSports UCITS ETF USD A,ESPO,IE00BYWQWR46,ETF,USD
VanEck Video Gaming and eSports UCITS ETF USD A,ESPO,IE00BYWQWR46,ETF,EUR
VanEck Video Gaming and eSports UCITS ETF USD A,ESPO,IE00BYWQWR46,ETF,CHF
VanEck World Equal Weight Screened UCITS ETF,TSWE,NL0010408704,ETF,EUR
VanEck World Equal Weight Screened UCITS ETF,TSWE,NL0010408704,ETF,CHF
VanEck World Equal Weight Screened UCITS ETF,TSGB,NL0010408704,ETF,GBP
VanEck World Equal Weight Screened UCITS ETF,TSWE,NL0010408704,ETF,USD
VanEck World Equal Weight Screened UCITS ETF,TSWE,NL0010408704,ETF,EUR
VanEck World Equal Weight Screened UCITS ETF,TSWE,NL0010408704,ETF,EUR
Amundi PEA MSCI Em Asia ESG UCITS ETF EUR,PAASI,FR0013412012,ETF,EUR
Amundi PEA MSCI Emerg EMEA ESG Transition UCITS ETF,PLEM,FR0011440478,ETF,EUR
Amundi PEA MSCI Europe UCITS ETF Acc,PCEU,FR0013412038,ETF,EUR
Amundi PEA MSCI USA ESG Selection UCITS ETF EUR,ACU2,LU1681042864,ETF,EUR
Amundi PEA MSCI USA ESG Selection UCITS ETF EUR,ACU2,LU1681042864,ETF,EUR
Amundi PEA MSCI USA ESG Selection UCITS ETF EUR,CU2,LU1681042864,ETF,EUR
Amundi PEA MSCI USA ESG Selection UCITS ETF EUR,CU2 ,LU1681042864,ETF,EUR
Amundi PEA MSCI USA ESG Selection UCITS ETF USD,LU1681042948,LU1681042948,ETF,USD
Amundi PEA MSCI USA Value Advanced UCITS ETF Acc,USVE,FR001400KH45,ETF,EUR
Amundi PEA Nasdaq-100 UCITS ETF Acc,PUST,FR0011871110,ETF,EUR
Amundi PEA S&P 500 Screened UCITS ETF Acc,PE500,FR0013412285,ETF,EUR
Amundi PEA S&P 500 Screened UCITS ETF EUR Hgd Acc,P500H,FR0013412293,ETF,EUR
Amundi PEA S&P 500 UCITS ETF Acc,PSP5,FR0011871128,ETF,EUR
Amundi PEA S&P 500 UCITS ETF EUR Hedged Acc,PSPH,FR0011871136,ETF,EUR
Amundi PEA S&P US Con St Screened UCITS ETF Acc,COSE,FR001400KE06,ETF,EUR
Amundi PEA S&P US Industrials Screened UCITS ETF A,PDJE,FR0011869270,ETF,EUR
Amundi PEA US Tech Screened UCITS ETF Acc,PANX,FR0013412269,ETF,EUR
Amundi Physical Gold ETC,GLDA,FR0013416716,ETF,EUR
Amundi Physical Gold ETC,FR0013416716,FR0013416716,ETF,USD
Amundi Physical Gold ETC,GOLD,FR0013416716,ETF,EUR
Amundi Prime All Country World UCITS Acc ETF,WEBN,IE0003XJA0J9,ETF,EUR
Amundi Prime All Country World UCITS Acc ETF,WEBN,IE0003XJA0J9,ETF,EUR
Amundi Prime All Country World UCITS Dist ETF,WEBG,IE0009HF1MK9,ETF,EUR
Amundi Prime All Country World UCITS Dist ETF,WEBG,IE0009HF1MK9,ETF,CHF
Amundi Prime All Country World UCITS Dist ETF,WEBG,IE0009HF1MK9,ETF,EUR
Amundi Prime All Country World UCITS Dist ETF,WEBK,IE0009HF1MK9,ETF,GBP
Amundi Prime All Country World UCITS Dist ETF,WEBJ,IE0009HF1MK9,ETF,USD
Amundi Prime All Country World UCITS Dist ETF,WEBG,IE0009HF1MK9,ETF,USD
Amundi Prime Emerging Markets UCITS DR (C) ETF,PRAM,LU2300295123,ETF,EUR
Amundi Prime Euro Government Bond 0-1Y UCITS Acc ETF,PRAB,LU2233156582,ETF,EUR
Amundi Prime Euro Government Bond 0-1Y UCITS Acc ETF,PRAB,LU2233156582,ETF,EUR
Amundi Prime Euro Government Bond UCITS Acc ETF,PRAR,LU2089238898,ETF,EUR
Amundi Prime Euro Government Bond UCITS Acc ETF,PRAR,LU2089238898,ETF,EUR
Amundi Prime Euro Government Bond UCITS Dist ETF,PR1R,LU1931975152,ETF,EUR
Amundi Prime Euro Government Bond UCITS Dist ETF,PRIR,LU1931975152,ETF,GBX
Amundi Prime Euro Government Bond UCITS Dist ETF,PR1R,LU1931975152,ETF,EUR
Amundi Prime Euro Government Bond UCITS Dist ETF,ETFGO,LU1931975152,ETF,EUR
Amundi Prime Europe - UCITS ETF DR (D),PR1E,LU1931974262,ETF,EUR
Amundi Prime Europe - UCITS ETF DR (D),PRIE,LU1931974262,ETF,GBX
Amundi Prime Europe - UCITS ETF DR (D),ETFEU,LU1931974262,ETF,EUR
Amundi Prime Europe - UCITS ETF DR (D),PR1E,LU1931974262,ETF,EUR
Amundi Prime Europe UCITS DR (C) ETF,PRAE,LU2089238039,ETF,EUR
Amundi Prime Eurozone UCITS ETF DR C,PRAZ,LU2089238112,ETF,EUR
Amundi Prime Eurozone UCITS ETF DR D,PR1Z,LU1931974429,ETF,EUR
Amundi Prime Eurozone UCITS ETF DR D,PRIZ,LU1931974429,ETF,GBX
Amundi Prime Eurozone UCITS ETF DR D,ETFEZ,LU1931974429,ETF,EUR
Amundi Prime Eurozone UCITS ETF DR D,PR1Z,LU1931974429,ETF,EUR
Amundi Prime Global Government Bond UCITS Acc ETF,PRAG,LU2089238971,ETF,EUR
Amundi Prime Global Government Bond UCITS Dist ETF,PRIG,LU1931975236,ETF,GBX
Amundi Prime Global Government Bond UCITS Dist ETF,ETFGG,LU1931975236,ETF,EUR
iShares Broad $ High Yield Corp Bd UCITS ETF USD D,UDHY,IE00BG0J4957,ETF,EUR
iShares Broad $ High Yield Corp Bd UCITS ETF USD D,HYUS,IE00BG0J4957,ETF,USD
iShares Broad EUR High Yield Corp Bond UCITS EUR (Dist) ETF,EH1Y,IE00BG0J4B71,ETF,EUR
iShares Broad EUR High Yield Corp Bond UCITS EUR (Dist) ETF,EH1Y,IE00BG0J4B71,ETF,EUR
iShares Broad Global Govt Bond UCITS ETF USD Dist,IGBG,IE000J8Z5N74,ETF,USD
iShares China CNY Bond UCITS ETF EUR Hedged (Acc),CYBE,IE00BKT6VQ12,ETF,EUR
iShares China CNY Bond UCITS ETF USD (Acc),CYBA,IE00BKPSFD61,ETF,USD
iShares China CNY Bond UCITS ETF USD (Dist),ICGB,IE00BYPC1H27,ETF,EUR
iShares China CNY Bond UCITS ETF USD (Dist),CNYB,IE00BYPC1H27,ETF,USD
iShares China CNY Bond UCITS ETF USD (Dist),ICGB,IE00BYPC1H27,ETF,EUR
iShares China CNY Bond UCITS ETF USD (Dist),CNYB,IE00BYPC1H27,ETF,EUR
iShares China CNY Bond UCITS ETF USD Hedged (Dist),CYBU,IE00BKT6RT64,ETF,USD
iShares China CNY Bond UCITS EUR Hedged (Dist) ETF,CEB0,IE000W336086,ETF,EUR
iShares China CNY Govt Bond UCITS ETF USD (Dist),CGBI,IE00BMC7BF44,ETF,USD
iShares China Large Cap UCITS ETF USD (Acc),7JC0,IE000QOU09J7,ETF,EUR
iShares China Large Cap UCITS ETF USD (Acc),FXAC,IE000QOU09J7,ETF,EUR
iShares China Large Cap UCITS ETF USD (Dist),IQQC,IE00B02KXK85,ETF,EUR
iShares China Large Cap UCITS ETF USD (Dist),FXC,IE00B02KXK85,ETF,EUR
iShares China Large Cap UCITS ETF USD (Dist),FXC,IE00B02KXK85,ETF,EUR
iShares China Large Cap UCITS ETF USD (Dist),FXC,IE00B02KXK85,ETF,USD
iShares China Large Cap UCITS ETF USD (Dist),FXC,IE00B02KXK85,ETF,GBX
iShares China Large Cap UCITS ETF USD (Dist),IQQC,IE00B02KXK85,ETF,EUR
iShares China Large Cap UCITS ETF USD (Dist),IDFX,IE00B02KXK85,ETF,USD
iShares Copper Miners UCITS ETF USD (Acc),CEBS,IE00063FT9K6,ETF,EUR
iShares Copper Miners UCITS ETF USD (Acc),CEBS,IE00063FT9K6,ETF,EUR
iShares Copper Miners UCITS ETF USD (Acc),COPM,IE00063FT9K6,ETF,USD
iShares Core   Corp Bond UCITS ETF EUR A,IEAA,IE00BF11F565,ETF,EUR
iShares Core   Corp Bond UCITS ETF EUR D,EUN5,IE00B3F81R35,ETF,EUR
iShares Core   Corp Bond UCITS ETF EUR D,IEAC,IE00B3F81R35,ETF,EUR
iShares Core   Corp Bond UCITS ETF EUR D,IEAC,IE00B3F81R35,ETF,EUR
iShares Core   Corp Bond UCITS ETF EUR D,IEAC,IE00B3F81R35,ETF,CHF
iShares Core   Corp Bond UCITS ETF EUR D,EUN5,IE00B3F81R35,ETF,EUR
iShares Core   Corp Bond UCITS ETF EUR D,IEAC,IE00B3F81R35,ETF,EUR
iShares Core   Corp Bond UCITS ETF EUR D,IEBC,IE00B3F81R35,ETF,GBP
iShares Core   Corp Bond UCITS ETF GBP (Dist),SLXX,IE00B00FV011,ETF,GBP
iShares Core   Corp Bond UCITS ETF GBP (Dist),SLXX,IE00B00FV011,ETF,GBP
iShares Core   Corp Bond UCITS ETF USD Hedged A,IEAU,IE00093GOJ04,ETF,USD
iShares Core   Corp Bond UCITS ETF USD Hedged Dist,IUAC,IE000WYX67F4,ETF,USD
iShares Core   Govt Bond UCITS ETF EUR D,EUNH,IE00B4WXJJ64,ETF,EUR
iShares Core   Govt Bond UCITS ETF EUR D,SEGA,IE00B4WXJJ64,ETF,EUR
iShares Core   Govt Bond UCITS ETF EUR D,SEGA,IE00B4WXJJ64,ETF,GBP
iShares Core   Govt Bond UCITS ETF EUR D,IEGA,IE00B4WXJJ64,ETF,EUR
iShares Core   Govt Bond UCITS ETF EUR D,IEGA,IE00B4WXJJ64,ETF,EUR
iShares Core   Govt Bond UCITS ETF EUR D,EUNH,IE00B4WXJJ64,ETF,EUR
iShares Core DAX UCITS (DE) EUR (Acc) ETF,EXS1,DE0005933931,ETF,EUR
iShares Core DAX UCITS (DE) EUR (Acc) ETF,EXS1,DE0005933931,ETF,EUR
iShares Core DAX UCITS (DE) EUR (Acc) ETF,DAXEX,DE0005933931,ETF,CHF
iShares Core DAX UCITS (DE) EUR (Acc) ETF,EXS1,DE0005933931,ETF,EUR
iShares Core DAX UCITS (DE) EUR (Acc) ETF,0MLH,DE0005933931,ETF,EUR
iShares Core EURO STOXX 50 UCITS (DE) ETF,EXW1,DE0005933956,ETF,EUR
1Valour Bitcoin Physical Carbon Neutral ETP ETN,1VBT,GB00BQ991Q22,ETF,EUR
1Valour Bitcoin Physical Carbon Neutral ETP ETN,1VBT,GB00BQ991Q22,ETF,EUR
1Valour Ethereum Physical Staking ETP ETN,1VET,GB00BRBMZ190,ETF,EUR
1Valour Internet Computer Physical Staking ETP,1VIC,GB00BS2BDN04,ETF,EUR
1Valour STOXX Bitcoin Suisse Digital Asset Blue Chip ETN,BCIX,GB00BPDX1969,ETF,EUR
21Shares Aave ETP,21XV,CH1135202120,ETF,EUR
21Shares Aave ETP,CH1135202120,CH1135202120,ETF,USD
21Shares Aave ETP,AAVE,CH1135202120,ETF,EUR
21Shares Algorand ETP,V21S,CH1146882316,ETF,EUR
21Shares Algorand ETP,ALGO,CH1146882316,ETF,EUR
21Shares Algorand ETP,CH1146882316,CH1146882316,ETF,USD
21Shares Aptos Staking ETP,APTOS,CH1396281391,ETF,USD
21Shares Aptos Staking ETP,APTOS,CH1396281391,ETF,EUR
21Shares Arbitrum ETP,AARB,CH1304867463,ETF,EUR
21Shares Avalanche Staking ETP,V21A,CH1135202088,ETF,EUR
21Shares Avalanche Staking ETP,CH1135202088,CH1135202088,ETF,USD
21Shares Avalanche Staking ETP,AVAX,CH1135202088,ETF,EUR
21Shares Avalanche Staking ETP,V21A,CH1135202088,ETF,EUR
21Shares Binance BNB ETP,21XJ,CH0496454155,ETF,EUR
21Shares Binance BNB ETP,BNBA,CH0496454155,ETF,USD
21Shares Binance BNB ETP,BNBA,CH0496454155,ETF,EUR
21Shares Bitcoin Cash ETP,ABCH,CH0475552201,ETF,EUR
21Shares Bitcoin Cash ETP,21XC,CH0475552201,ETF,EUR
21Shares Bitcoin Cash ETP,ABCH,CH0475552201,ETF,USD
21Shares Bitcoin Cash ETP,ABCH,CH0475552201,ETF,EUR
21Shares Bitcoin Core ETP,21BC,CH1199067674,ETF,EUR
21Shares Bitcoin Core ETP,CBTC,CH1199067674,ETF,EUR
21Shares Bitcoin Core ETP,21BC,CH1199067674,ETF,EUR
21Shares Bitcoin ETP,2BTC,CH0454664001,ETF,EUR
21Shares Bitcoin ETP,21XB,CH0454664001,ETF,EUR
21Shares Bitcoin ETP,ABTC,CH0454664001,ETF,EUR
21Shares Bitcoin ETP,CH0454664001,CH0454664001,ETF,USD
21Shares Bitcoin ETP,2BTD,CH0454664001,ETF,USD
21Shares Bitcoin Gold ETP,BOLD,CH1146882308,ETF,EUR
21Shares Bitcoin Gold ETP,BOLD,CH1146882308,ETF,EUR
21Shares Cardano ETP,ADAA,CH1102728750,ETF,EUR
21Shares Cardano ETP,DADA,CH1102728750,ETF,EUR
21Shares Cardano ETP,AADA,CH1102728750,ETF,EUR
21Shares Cardano ETP,CH1102728750,CH1102728750,ETF,USD
21Shares Celestia Staking ETP,ATIA,CH1326116832,ETF,EUR
21Shares Celestia Staking ETP,ATIA,CH1326116832,ETF,USD
21Shares Chainlink ETP,21XL,CH1100083471,ETF,EUR
21Shares Chainlink ETP,ALINK,CH1100083471,ETF,EUR
21Shares Chainlink ETP,CH1100083471,CH1100083471,ETF,USD
21Shares Chainlink ETP,21XL,CH1100083471,ETF,EUR
21Shares Cosmos Staking ETP,CH1145930991,CH1145930991,ETF,USD
21shares Cronos Staking ETP,CRON,CH1443364232,ETF,USD
21Shares Crypto Basket 10 Core ETP,21HX,CH1135202179,ETF,EUR
21Shares Crypto Basket 10 Core ETP,HODLX,CH1135202179,ETF,EUR
21Shares Crypto Basket 10 Core ETP,CH1135202179,CH1135202179,ETF,USD
